"Name","ID","Enabled","EnabledIOS","EnabledAndroid","EnabledKunlun","Type","ShowAsNew","TID","InfoTID","ButtonTID","ButtonURL","NativeIOSURL","IncludedLanguages","ExcludedLanguages","IncludedCountries","ExcludedCountries","IncludedLoginCountries","ExcludedLoginCountries","CenterText","LoadResources","ItemSWF","ItemExportName","IconSWF","IconExportName","IconFrame","AnimateIcon","CenterIcon","MinTownHall","MaxTownHall","MinLevel","MaxLevel","MaxDiamonds","ClickToDismiss","NotifyAlways","NotifyMinLevel","AvatarIdModulo","ModuloMin","ModuloMax","Collapsed","ActionType","MinOS","MaxOS"
"String","int","Boolean","Boolean","Boolean","Boolean","String","Boolean","String","String","String","String","String","String","String","String","String","String","String","Boolean","Boolean","String","String","String","String","Int","Boolean","Boolean","int","int","int","int","int","Boolean","Boolean","int","int","int","int","Boolean","String","String","String"
"Facebook",1,"TRUE","TRUE","TRUE","FALSE","more","FALSE",,"TID_MORE_FACEBOOK","TID_NEWS_BUTTON_GO","http://www.facebook.com/447775968580065",,,"KR",,,,,"TRUE","FALSE","sc/ui.sc","fb_link",,,0,"FALSE","FALSE",,,0,,0,"TRUE",,,,,,,,,
,,,,,,,,,,,,,,"CN",,,,,,,,,,,,,,,,,,,,,,,,,,,,
,,,,,,,,,,,,,,"JP",,,,,,,,,,,,,,,,,,,,,,,,,,,,
,,,,,,,,,,,,,,"CNT",,,,,,,,,,,,,,,,,,,,,,,,,,,,
"FacebookKR",2,"TRUE","TRUE","TRUE","FALSE","more","FALSE",,"TID_MORE_FACEBOOK","TID_NEWS_BUTTON_GO","http://www.facebook.com/520353058081714",,"KR",,,,,,"TRUE","FALSE","sc/ui.sc","fb_link",,,0,"FALSE","FALSE",,,0,,0,"TRUE",,,,,,,,,
"FacebookJP",3,"TRUE","TRUE","TRUE","FALSE","more","FALSE",,"TID_MORE_FACEBOOK","TID_NEWS_BUTTON_GO","http://www.facebook.com/441860209254166",,"JP",,,,,,"TRUE","FALSE","sc/ui.sc","fb_link",,,0,"FALSE","FALSE",,,0,,0,"TRUE",,,,,,,,,
"FacebookCNT",3,"TRUE","TRUE","TRUE","FALSE","more","FALSE",,"TID_MORE_FACEBOOK","TID_NEWS_BUTTON_GO","https://www.facebook.com/ClashofClansTW",,"CNT",,,,,,"TRUE","FALSE","sc/ui.sc","fb_link",,,0,"FALSE","FALSE",,,0,,0,"TRUE",,,,,,,,,
"Twitter",4,"TRUE","TRUE","TRUE","FALSE","more","FALSE",,"TID_MORE_TWITTER","TID_NEWS_BUTTON_GO","https://twitter.com/ClashofClans","twitter://user?screen_name=ClashofClans",,"JP",,,,,"TRUE","FALSE","sc/ui.sc","twitter_link",,,0,"FALSE","FALSE",,,0,,0,"FALSE",,,,,,,,,
,,,,,,,,,,,,,,"CN",,,,,,,,,,,,,,,,,,,,,,,,,,,,
,,,,,,,,,,,,,,"KR",,,,,,,,,,,,,,,,,,,,,,,,,,,,
,,,,,,,,,,,,,,"CNT",,,,,,,,,,,,,,,,,,,,,,,,,,,,
"TwitterJP",5,"TRUE","TRUE","TRUE","FALSE","more","FALSE",,"TID_MORE_TWITTER","TID_NEWS_BUTTON_GO","https://twitter.com/ClashofClansJP","twitter://user?screen_name=ClashofClansJP","JP",,,,,,"TRUE","FALSE","sc/ui.sc","twitter_link",,,0,"FALSE","FALSE",,,0,,0,"FALSE",,,,,,,,,
"Youtube",6,"TRUE","TRUE","TRUE","FALSE","more","FALSE",,"TID_MORE_YOUTUBE","TID_NEWS_BUTTON_GO","http://www.youtube.com/OfficialClashOfClans","youtube://user/OfficialClashOfClans",,"CN",,,,,"TRUE","FALSE","sc/ui.sc","youtube_link",,,0,"FALSE","FALSE",,,0,,0,"FALSE",,,,,,,,,
,,,,,,,,,,,,,,"KR",,,,,,,,,,,,,,,,,,,,,,,,,,,,
,,,,,,,,,,,,,,"JP",,,,,,,,,,,,,,,,,,,,,,,,,,,,
"YoutubeKR",7,"TRUE","TRUE","TRUE","FALSE","more","FALSE",,"TID_MORE_YOUTUBE","TID_NEWS_BUTTON_GO","https://www.youtube.com/clashofclanskorea","youtube://user/clashofclanskorea","KR",,,,,,"TRUE","FALSE","sc/ui.sc","youtube_link",,,0,"FALSE","FALSE",,,0,,0,"FALSE",,,,,,,,,
"YoutubeJP",8,"TRUE","TRUE","TRUE","FALSE","more","FALSE",,"TID_MORE_YOUTUBE","TID_NEWS_BUTTON_GO","https://www.youtube.com/user/ClashofClansJapan","youtube://user/ClashofClansJapan","JP",,,,,,"TRUE","FALSE","sc/ui.sc","youtube_link",,,0,"FALSE","FALSE",,,0,,0,"FALSE",,,,,,,,,
"WeChatSubscription",137,"TRUE","TRUE","TRUE","TRUE","more","FALSE",,"TID_MORE_WECHAT","TID_NEWS_BUTTON_GO","http://mp.weixin.qq.com/s?__biz=MzAxODU3MTYxNg==&mid=207763227&idx=1&sn=ce8f28ca78161e7bd3b9cb5f51c7ec86#rd",,"CN",,,,,,"TRUE","FALSE","sc/ui.sc","wechat_link",,,0,"FALSE","FALSE",,,0,,0,"FALSE",,,,,,,,,
"WeChatService",137,"TRUE","TRUE","TRUE","TRUE","more","FALSE",,"TID_MORE_WECHAT_SERVICE","TID_NEWS_BUTTON_GO","http://mp.weixin.qq.com/s?__biz=MzA4Mjk1NTU2Nw==&mid=210540000&idx=1&sn=c99e2a796806628b6fe9af457185d814#rd",,"CN",,,,,,"TRUE","FALSE","sc/ui.sc","wechat_link",,,0,"FALSE","FALSE",,,0,,0,"FALSE",,,,,,,,,
"Weibo",9,"TRUE","TRUE","TRUE","TRUE","more","FALSE",,"TID_MORE_WEIBO","TID_NEWS_BUTTON_GO","http://m.weibo.cn/d/coc365",,"CN",,,,,,"TRUE","FALSE","sc/ui.sc","weibo_link",,,0,"FALSE","FALSE",,,0,,0,"FALSE",,,,,,,,,
"Youku",11,"TRUE","TRUE","TRUE","TRUE","more","FALSE",,"TID_MORE_YOUKU","TID_NEWS_BUTTON_GO","http://i.youku.com/coc365",,"CN",,,,,,"TRUE","FALSE","sc/ui.sc","youku_link",,,0,"FALSE","FALSE",,,0,,0,"FALSE",,,,,,,,,
"Instagram",12,"TRUE","TRUE","TRUE","FALSE","more","FALSE",,"TID_MORE_INSTAGRAM","TID_NEWS_BUTTON_GO","http://instagram.com/clashofclans",,,"CN",,,,,"TRUE","FALSE","sc/ui.sc","instagram_link",,,0,"FALSE","FALSE",,,0,,0,"TRUE",,,,,,,,,
,,,,,,,,,,,,,,"JP",,,,,,,,,,,,,,,,,,,,,,,,,,,,
,,,,,,,,,,,,,,"KR",,,,,,,,,,,,,,,,,,,,,,,,,,,,
"Twitch",13,"TRUE","TRUE","TRUE","FALSE","more","FALSE",,"TID_MORE_TWITCH","TID_NEWS_BUTTON_GO","http://www.twitch.tv/directory/game/Clash%20of%20Clans",,,"CN",,,,,"TRUE","FALSE","sc/ui.sc","twitchglitch_link",,,0,"FALSE","FALSE",,,0,,0,"TRUE",,,,,,,,,
,,,,,,,,,,,,,,"JP",,,,,,,,,,,,,,,,,,,,,,,,,,,,
,,,,,,,,,,,,,,"KR",,,,,,,,,,,,,,,,,,,,,,,,,,,,
"HungryApp",14,"TRUE","TRUE","TRUE","FALSE","more","FALSE",,"TID_MORE_HUNGRYAPP","TID_NEWS_BUTTON_GO","http://www.hungryapp.co.kr/bbs/list.php?bcode=coc",,"KR",,,,,,"TRUE","FALSE","sc/ui.sc","hungryapp_link",,,0,"FALSE","FALSE",,,0,,0,"TRUE",,,,,,,,,
"AppBankAndroid",18,"TRUE","FALSE","TRUE","FALSE","more","FALSE",,"TID_MORE_APPBANK","TID_NEWS_BUTTON_GO","https://play.google.com/store/apps/details?id=net.appbank.clashofclansdb&hl=ja",,"JP",,,,,,"TRUE","FALSE","sc/ui.sc","appbank_link",,,0,"FALSE","FALSE",,,0,,0,"TRUE",,,,,,,,,
"AppBank",15,"TRUE","TRUE","FALSE","FALSE","more","FALSE",,"TID_MORE_APPBANK","TID_NEWS_BUTTON_GO","https://itunes.apple.com/jp/app/gong-shi-kurakura-gong-e/id930825600",,"JP",,,,,,"TRUE","FALSE","sc/ui.sc","appbank_link",,,0,"FALSE","FALSE",,,0,,0,"TRUE",,,,,,,,,
"Famitsu",16,"TRUE","TRUE","TRUE","FALSE","more","FALSE",,"TID_MORE_FAMITSU","TID_NEWS_BUTTON_GO","http://app.famitsu.com/category/game-tips/clash-of-clans/",,"JP",,,,,,"TRUE","FALSE","sc/ui.sc","famitsu_link",,,0,"FALSE","FALSE",,,0,,0,"TRUE",,,,,,,,,
"Forums",10,"TRUE","TRUE","TRUE","TRUE","more","FALSE",,"TID_MORE_FORUMS","TID_NEWS_BUTTON_GO","http://forum.supercell.net/forumdisplay.php/4-Clash-of-Clans",,,"KR",,,,,"TRUE","FALSE","sc/ui.sc","forums_link",,,0,"FALSE","FALSE",,,0,,0,"FALSE",,,,,,,,,
,,,,,,,,,,,,,,"JP",,,,,,,,,,,,,,,,,,,,,,,,,,,,
"Safeguard",85,"TRUE","TRUE","FALSE","FALSE","news","TRUE","TID_NEWS_SAFEGUARD_TITLE","TID_NEWS_SAFEGUARD_TEXT","TID_GOOGLE_SERVICE_SIGN_IN",,,,,,,,,"FALSE","FALSE","sc/ui.sc","news_entry_dynamic_gc",,,0,"FALSE","FALSE",,,,,,,,,,,,,"OpenGC","7.0",
"SafeguardIOS6",87,"TRUE","TRUE","FALSE","FALSE","news","TRUE","TID_NEWS_SAFEGUARD_TITLE","TID_NEWS_SAFEGUARD_TEXT","TID_GOOGLE_SERVICE_SIGN_IN",,,,,,,,,"FALSE","FALSE","sc/ui.sc","news_entry_dynamic_gc6",,,0,"FALSE","FALSE",,,,,,,,,,,,,"OpenGC",,"7.0"
"SpecialAccountTransfer",1,"TRUE","FALSE","TRUE","FALSE","news","TRUE","TID_NEWS_ACCOUNT_TRANSFER","TID_NEWS_ACCOUNT_TRANSFER_TEXT","TID_GOOGLE_PLAY_KUNLUN_TUTORIAL_BUTTON","https://coc.kunlun.com/att/index.html",,,,,,,,"FALSE","FALSE","sc/ui.sc","news_entry_dynamic","sc/ui.sc","account_transfer_news_item",0,"TRUE","FALSE",,,0,,0,"FALSE","TRUE",0,,,,,"AccountTransfer",,
"SafeguardAndroid",86,"TRUE","FALSE","TRUE","FALSE","news","TRUE","TID_NEWS_SAFEGUARD_TITLE","TID_NEWS_SAFEGUARD_TEXT_ANDROID","TID_GOOGLE_SERVICE_SIGN_IN",,,,,,,,,"FALSE","FALSE","sc/ui.sc","news_entry_dynamic_gplus",,,0,"FALSE","FALSE",,,,,,,,,,,,,"OpenG+",,
"UpgradeYourOS",106,"FALSE","TRUE","FALSE","FALSE","news","TRUE","TID_NEWS_UPGRADE_OS_TITLE","TID_NEWS_UPGRADE_OS_TEXT","TID_NEWS_UPGRADE_OS_MORE","http://support.apple.com/HT204204",,"EN",,,,,,"FALSE","FALSE","sc/ui.sc","news_entry_dynamic_ios","sc/ui.sc",,0,"TRUE","TRUE",,,0,,0,"FALSE",,,,,,,,,"5.1.1"
,,,,,,,,,,,"http://support.apple.com/fr-fr/ht4623",,"FR",,,,,,,,,,,,,,,,,,,,,,,,,,,,,
,,,,,,,,,,,"http://support.apple.com/de-de/ht4623",,"DE",,,,,,,,,,,,,,,,,,,,,,,,,,,,,
,,,,,,,,,,,"http://support.apple.com/nl-nl/HT4623",,"NL",,,,,,,,,,,,,,,,,,,,,,,,,,,,,
,,,,,,,,,,,"http://support.apple.com/ja-jp/ht4623",,"JP",,,,,,,,,,,,,,,,,,,,,,,,,,,,,
,,,,,,,,,,,"http://support.apple.com/pt-br/ht4623",,"PT",,,,,,,,,,,,,,,,,,,,,,,,,,,,,
,,,,,,,,,,,"http://support.apple.com/es-es/ht4623",,"ES",,,,,,,,,,,,,,,,,,,,,,,,,,,,,
,,,,,,,,,,,"http://support.apple.com/it-it/HT4623",,"IT",,,,,,,,,,,,,,,,,,,,,,,,,,,,,
,,,,,,,,,,,"http://support.apple.com/no-no/ht4623",,"NO",,,,,,,,,,,,,,,,,,,,,,,,,,,,,
,,,,,,,,,,,"http://support.apple.com/tr-tr/HT4623",,"TR",,,,,,,,,,,,,,,,,,,,,,,,,,,,,
,,,,,,,,,,,"http://support.apple.com/zh-cn/HT4623",,"CN",,,,,,,,,,,,,,,,,,,,,,,,,,,,,
,,,,,,,,,,,"http://support.apple.com/ko-kr/HT4623",,"KR",,,,,,,,,,,,,,,,,,,,,,,,,,,,,
,,,,,,,,,,,"http://support.apple.com/ru-ru/HT4623",,"RU",,,,,,,,,,,,,,,,,,,,,,,,,,,,,
"Halloween_2015",145,"FALSE","TRUE","TRUE","TRUE","news","TRUE","TID_EVENT_BOOST_SPELL_AND_HEROES","TID_EVENT_BOOST_GEM_AMOUNT",,,,,,,,,,"FALSE","FALSE","sc/ui.sc","news_promotion_entry","sc/ui.sc","news_promo_gem_icon",0,"TRUE","TRUE",,,0,,0,"FALSE",,,,,,,,,
"ClashConPre",146,"FALSE","TRUE","TRUE","TRUE","news","TRUE","TID_XP_TITLE_UNLOCK_PUZZLEANDDRAGONS","TID_XP_TEXT_UNLOCK_PUZZLEANDDRAGONS","TID_XP_BUTTON_UNLOCK_PUZZLEANDDRAGONS","http://supr.cl/ClashConInGame",,,"CN",,,,,"FALSE","TRUE","sc/news.sc","pw_event_item",,,0,"TRUE","FALSE",,,0,,0,"FALSE",,,,,,,,,
,,,,,,,,,,,,,,"KR",,,,,,,,,,,,,,,,,,,,,,,,,,,,
,,,,,,,,,,,,,,"JP",,,,,,,,,,,,,,,,,,,,,,,,,,,,
,,,,,,,,,,,,,,"CNT",,,,,,,,,,,,,,,,,,,,,,,,,,,,
"ClashConPre_ASIA",147,"FALSE","TRUE","TRUE","TRUE","news","TRUE","TID_XP_TITLE_UNLOCK_PUZZLEANDDRAGONS","TID_XP_TEXT_UNLOCK_PUZZLEANDDRAGONS","TID_XP_BUTTON_UNLOCK_PUZZLEANDDRAGONS","http://coc.kunlun.com/clashcon",,"CN",,,,,,"FALSE","TRUE","sc/news.sc","pw_event_item",,,0,"TRUE","FALSE",,,0,,0,"FALSE",,,,,,,,,
,,,,,,,,,,,"http://supr.cl/clashconKRinfo",,"KR",,,,,,,,,,,,,,,,,,,,,,,,,,,,,
,,,,,,,,,,,"http://supr.cl/ClashConJPinfo",,"JP",,,,,,,,,,,,,,,,,,,,,,,,,,,,,
,,,,,,,,,,,"http://supr.cl/CNTinfo",,"CNT",,,,,,,,,,,,,,,,,,,,,,,,,,,,,
"ClashConLive",155,"FALSE","TRUE","TRUE","TRUE","news","TRUE","TID_NEWS_UPDATE_INFO_TITLE","TID_NEWS_UPDATE_INFO_TEXT","TID_NEWS_UPDATE_INFO_TEXT_SHORT","http://supr.cl/ClashConInGame",,,"CN",,,,,"FALSE","TRUE","sc/news.sc","pw_event_item",,,0,"TRUE","FALSE",,,0,,0,"FALSE",,,,,,,,,
,,,,,,,,,,,,,,"KR",,,,,,,,,,,,,,,,,,,,,,,,,,,,
,,,,,,,,,,,,,,"JP",,,,,,,,,,,,,,,,,,,,,,,,,,,,
,,,,,,,,,,,,,,"CNT",,,,,,,,,,,,,,,,,,,,,,,,,,,,
"ClashConLive_ASIA",156,"FALSE","TRUE","TRUE","TRUE","news","TRUE","TID_NEWS_UPDATE_INFO_TITLE","TID_NEWS_UPDATE_INFO_TEXT","TID_NEWS_UPDATE_INFO_TEXT_SHORT","http://coc.kunlun.com/clashcon",,"CN",,,,,,"FALSE","TRUE","sc/news.sc","pw_event_item",,,0,"TRUE","FALSE",,,0,,0,"FALSE",,,,,,,,,
,,,,,,,,,,,"http://supr.cl/clashconKR",,"KR",,,,,,,,,,,,,,,,,,,,,,,,,,,,,
,,,,,,,,,,,"http://supr.cl/ClashConJP",,"JP",,,,,,,,,,,,,,,,,,,,,,,,,,,,,
,,,,,,,,,,,"http://supr.cl/ClashConCNT",,"CNT",,,,,,,,,,,,,,,,,,,,,,,,,,,,,
"RED_2015",162,"TRUE","TRUE","FALSE","FALSE","news","TRUE","TID_NEWS_RED_TITLE","TID_NEWS_RED_TEXT","TID_NEWS_RED_LIKE","http://www.facebook.com/6829493713",,,,,"CN",,,"FALSE","FALSE","sc/ui.sc","news_entry_dynamic_red",,,0,"FALSE","FALSE",,,0,,0,"FALSE",,,,,,,,,
"RedCN_2015",163,"TRUE","TRUE","FALSE","FALSE","news","TRUE","TID_NEWS_RED_TITLE","TID_NEWS_RED_TEXT","TID_NEWS_RED_MORE","http://www.red.org",,,,"CN",,,,"FALSE","FALSE","sc/ui.sc","news_entry_dynamic_red",,,0,"FALSE","FALSE",,,0,,,,,,,,,,,,
"TownHall",166,"TRUE","TRUE","TRUE","TRUE","news","TRUE","TID_XP_TITLE_UNLOCK_PUZZLEANDDRAGONS","TID_XP_TEXT_UNLOCK_PUZZLEANDDRAGONS","TID_XP_BUTTON_UNLOCK_PUZZLEANDDRAGONS","http://forum.supercell.net/showthread.php/921990-Sneak-Peek-Recap-for-Shield-Loot-and-Other-Changes",,,,,,,,"FALSE","TRUE","sc/ui.sc","news_entry_dynamic","sc/shop.sc","icon_shield_1",0,"FALSE","FALSE",,,0,,0,"FALSE",,,,,,,,,
"VR",165,"TRUE","TRUE","TRUE","TRUE","news","TRUE","TID_NEWS_UPDATE_INFO_TITLE","TID_NEWS_UPDATE_INFO_TEXT","TID_NEWS_UPDATE_INFO_TEXT_SHORT","https://www.youtube.com/watch?v=wczdECcwRw0&feature=youtu.be",,,,,"CN",,,"FALSE","FALSE","sc/ui.sc","news_entry_dynamic","sc/buildings.sc","tower_turret_lvl3",0,"FALSE","FALSE",,,0,,0,"FALSE",,,,,,,,,
"Update",119,"TRUE","TRUE","TRUE","TRUE","news","TRUE","TID_NEWS_UPDATE_TITLE","TID_NEWS_UPDATE_TEXT",,,,,,,,,,"FALSE","FALSE","sc/ui.sc","news_entry_dynamic","sc/buildings.sc","walls_news_icon",0,"TRUE","FALSE",,,0,,0,"FALSE",,,,,,,,,
"UpdateSpells",120,"TRUE","TRUE","TRUE","TRUE","news","TRUE","TID_NEWS_SPELLS_TITLE","TID_NEWS_SPELLS_TEXT",,,,,,,,,,"FALSE","FALSE","sc/ui.sc","news_entry_dynamic","sc/ui.sc","spell_tweaks_news_icon",0,"TRUE","FALSE",,,0,,0,"FALSE",,,,,,,,,
"UpdateOther",121,"TRUE","TRUE","TRUE","TRUE","news","TRUE","TID_NEWS_UPDATE_OTHER_TITLE","TID_NEWS_UPDATE_OTHER_TEXT",,,,,,,,,,"FALSE","FALSE","sc/ui.sc","news_entry_dynamic","sc/characters.sc","lavahound_news_icon",0,"TRUE","FALSE",,,0,,0,"FALSE",,,,,,,,,
