{"buildings":[{"data":1000001,"lvl":9,"x":20,"y":20,"l1x":20,"l1y":20},{"data":1000004,"lvl":10,"x":28,"y":38,"res_time":179997,"l1x":17,"l1y":4},{"data":1000000,"lvl":7,"x":8,"y":33,"units":[[4000006,13],[4000009,1]],"storage_type":0,"l1x":2,"l1y":10},{"data":1000015,"lvl":0,"x":33,"y":24,"l1x":8,"l1y":34},{"data":1000014,"lvl":5,"x":23,"y":24,"unit_req_time":1191,"l1x":16,"l1y":16},{"data":1000008,"lvl":11,"x":34,"y":27,"l1x":17,"l1y":7},{"data":1000015,"lvl":0,"x":25,"y":33,"l1x":16,"l1y":11},{"data":1000002,"lvl":10,"x":19,"y":38,"res_time":179994,"l1x":24,"l1y":4},{"data":1000003,"lvl":10,"x":18,"y":7,"l1x":21,"l1y":7},{"data":1000005,"lvl":10,"x":31,"y":28,"l1x":28,"l1y":25},{"data":1000006,"lvl":9,"x":3,"y":24,"unit_prod":{"unit_type":0},"l1x":11,"l1y":36},{"data":1000009,"lvl":12,"x":25,"y":30,"l1x":24,"l1y":7},{"data":1000006,"lvl":9,"x":24,"y":3,"unit_prod":{"unit_type":0},"l1x":16,"l1y":36},{"data":1000002,"lvl":10,"x":14,"y":38,"res_time":179994,"l1x":4,"l1y":24},{"data":1000004,"lvl":10,"x":23,"y":38,"res_time":179992,"l1x":4,"l1y":16},{"data":1000005,"lvl":10,"x":28,"y":31,"l1x":25,"l1y":28},{"data":1000008,"lvl":11,"x":27,"y":34,"l1x":7,"l1y":17},{"data":1000000,"lvl":7,"x":5,"y":28,"units":[[4000006,3],[4000004,14],[4000000,9],[4000001,4]],"storage_type":0,"l1x":10,"l1y":2},{"data":1000010,"lvl":10,"x":37,"y":26,"l1x":6,"l1y":5},{"data":1000010,"lvl":9,"x":37,"y":25,"l1x":5,"l1y":6},{"data":1000010,"lvl":10,"x":37,"y":37,"l1x":8,"l1y":5},{"data":1000010,"lvl":9,"x":37,"y":24,"l1x":5,"l1y":8},{"data":1000010,"lvl":9,"x":37,"y":23,"l1x":15,"l1y":3},{"data":1000010,"lvl":9,"x":37,"y":22,"l1x":16,"l1y":3},{"data":1000010,"lvl":9,"x":37,"y":21,"l1x":17,"l1y":3},{"data":1000010,"lvl":10,"x":37,"y":36,"l1x":18,"l1y":3},{"data":1000010,"lvl":9,"x":37,"y":20,"l1x":19,"l1y":3},{"data":1000010,"lvl":9,"x":37,"y":19,"l1x":20,"l1y":3},{"data":1000010,"lvl":9,"x":37,"y":18,"l1x":21,"l1y":3},{"data":1000010,"lvl":9,"x":37,"y":17,"l1x":22,"l1y":3},{"data":1000010,"lvl":9,"x":37,"y":16,"l1x":23,"l1y":3},{"data":1000010,"lvl":9,"x":37,"y":15,"l1x":24,"l1y":3},{"data":1000010,"lvl":9,"x":37,"y":14,"l1x":25,"l1y":3},{"data":1000010,"lvl":9,"x":37,"y":13,"l1x":26,"l1y":3},{"data":1000010,"lvl":9,"x":37,"y":12,"l1x":3,"l1y":15},{"data":1000010,"lvl":9,"x":36,"y":12,"l1x":3,"l1y":16},{"data":1000010,"lvl":9,"x":35,"y":12,"l1x":3,"l1y":17},{"data":1000010,"lvl":9,"x":34,"y":12,"l1x":3,"l1y":18},{"data":1000010,"lvl":9,"x":33,"y":12,"l1x":3,"l1y":19},{"data":1000010,"lvl":9,"x":32,"y":12,"l1x":3,"l1y":20},{"data":1000010,"lvl":9,"x":31,"y":12,"l1x":3,"l1y":21},{"data":1000010,"lvl":9,"x":13,"y":35,"l1x":3,"l1y":22},{"data":1000010,"lvl":9,"x":13,"y":34,"l1x":3,"l1y":23},{"data":1000010,"lvl":9,"x":13,"y":33,"l1x":3,"l1y":24},{"data":1000010,"lvl":9,"x":13,"y":32,"l1x":3,"l1y":25},{"data":1000010,"lvl":9,"x":13,"y":31,"l1x":3,"l1y":26},{"data":1000010,"lvl":9,"x":29,"y":14,"l1x":3,"l1y":27},{"data":1000010,"lvl":9,"x":28,"y":14,"l1x":4,"l1y":15},{"data":1000010,"lvl":9,"x":27,"y":14,"l1x":5,"l1y":15},{"data":1000010,"lvl":9,"x":26,"y":14,"l1x":6,"l1y":15},{"data":1000010,"lvl":9,"x":25,"y":14,"l1x":7,"l1y":15},{"data":1000010,"lvl":9,"x":24,"y":14,"l1x":8,"l1y":15},{"data":1000010,"lvl":9,"x":29,"y":10,"l1x":9,"l1y":15},{"data":1000010,"lvl":9,"x":30,"y":10,"l1x":4,"l1y":27},{"data":1000010,"lvl":9,"x":30,"y":11,"l1x":5,"l1y":27},{"data":1000010,"lvl":9,"x":30,"y":12,"l1x":6,"l1y":27},{"data":1000010,"lvl":9,"x":30,"y":13,"l1x":7,"l1y":27},{"data":1000010,"lvl":9,"x":30,"y":14,"l1x":8,"l1y":27},{"data":1000010,"lvl":9,"x":30,"y":15,"l1x":9,"l1y":27},{"data":1000010,"lvl":9,"x":30,"y":16,"l1x":27,"l1y":3},{"data":1000010,"lvl":9,"x":30,"y":17,"l1x":27,"l1y":4},{"data":1000010,"lvl":9,"x":30,"y":18,"l1x":27,"l1y":5},{"data":1000010,"lvl":9,"x":30,"y":19,"l1x":27,"l1y":6},{"data":1000010,"lvl":9,"x":30,"y":20,"l1x":27,"l1y":7},{"data":1000010,"lvl":9,"x":30,"y":21,"l1x":27,"l1y":8},{"data":1000010,"lvl":9,"x":30,"y":22,"l1x":27,"l1y":9},{"data":1000010,"lvl":9,"x":29,"y":22,"l1x":15,"l1y":4},{"data":1000010,"lvl":9,"x":28,"y":22,"l1x":15,"l1y":5},{"data":1000003,"lvl":10,"x":7,"y":18,"l1x":7,"l1y":21},{"data":1000009,"lvl":12,"x":30,"y":24,"l1x":7,"l1y":24},{"data":1000013,"lvl":7,"x":27,"y":27,"l1x":13,"l1y":13},{"data":1000010,"lvl":9,"x":21,"y":30,"l1x":15,"l1y":6},{"data":1000010,"lvl":9,"x":22,"y":30,"l1x":15,"l1y":7},{"data":1000010,"lvl":9,"x":22,"y":29,"l1x":15,"l1y":8},{"data":1000010,"lvl":10,"x":37,"y":35,"l1x":15,"l1y":9},{"data":1000010,"lvl":9,"x":22,"y":28,"l1x":27,"l1y":10},{"data":1000010,"lvl":10,"x":37,"y":34,"l1x":26,"l1y":10},{"data":1000010,"lvl":9,"x":20,"y":30,"l1x":25,"l1y":10},{"data":1000010,"lvl":10,"x":37,"y":33,"l1x":24,"l1y":10},{"data":1000010,"lvl":9,"x":19,"y":30,"l1x":23,"l1y":10},{"data":1000010,"lvl":9,"x":18,"y":30,"l1x":22,"l1y":10},{"data":1000010,"lvl":9,"x":17,"y":30,"l1x":21,"l1y":10},{"data":1000010,"lvl":9,"x":16,"y":30,"l1x":20,"l1y":10},{"data":1000010,"lvl":9,"x":15,"y":30,"l1x":19,"l1y":10},{"data":1000010,"lvl":9,"x":14,"y":24,"l1x":18,"l1y":10},{"data":1000010,"lvl":9,"x":14,"y":25,"l1x":17,"l1y":10},{"data":1000010,"lvl":9,"x":14,"y":26,"l1x":16,"l1y":10},{"data":1000010,"lvl":9,"x":14,"y":27,"l1x":15,"l1y":10},{"data":1000010,"lvl":9,"x":14,"y":28,"l1x":14,"l1y":10},{"data":1000010,"lvl":9,"x":14,"y":29,"l1x":14,"l1y":11},{"data":1000010,"lvl":9,"x":14,"y":30,"l1x":14,"l1y":12},{"data":1000010,"lvl":9,"x":13,"y":30,"l1x":13,"l1y":12},{"data":1000010,"lvl":9,"x":12,"y":30,"l1x":12,"l1y":12},{"data":1000010,"lvl":9,"x":11,"y":30,"l1x":12,"l1y":13},{"data":1000010,"lvl":9,"x":10,"y":30,"l1x":12,"l1y":14},{"data":1000010,"lvl":9,"x":10,"y":29,"l1x":11,"l1y":14},{"data":1000004,"lvl":10,"x":38,"y":29,"res_time":179995,"l1x":29,"l1y":32},{"data":1000004,"lvl":10,"x":38,"y":24,"res_time":179995,"l1x":32,"l1y":29},{"data":1000002,"lvl":10,"x":7,"y":24,"res_time":179999,"l1x":21,"l1y":32},{"data":1000002,"lvl":10,"x":24,"y":7,"res_time":179998,"l1x":32,"l1y":21},{"data":1000007,"lvl":7,"x":3,"y":3,"unit_upg":{"unit_type":0,"t":614646,"id":4000017},"l1x":8,"l1y":8},{"data":1000015,"lvl":0,"x":24,"y":15,"l1x":11,"l1y":16},{"data":1000000,"lvl":7,"x":34,"y":7,"units":[[4000013,1],[4000011,2],[4000010,2],[4000004,1],[4000006,1]],"storage_type":0,"l1x":5,"l1y":28},{"data":1000002,"lvl":10,"x":3,"y":14,"res_time":179999,"l1x":25,"l1y":36},{"data":1000004,"lvl":10,"x":38,"y":19,"res_time":179995,"l1x":36,"l1y":22},{"data":1000006,"lvl":9,"x":15,"y":34,"unit_prod":{"unit_type":0},"l1x":36,"l1y":12},{"data":1000008,"lvl":11,"x":18,"y":31,"l1x":16,"l1y":13},{"data":1000010,"lvl":9,"x":10,"y":28,"l1x":10,"l1y":14},{"data":1000010,"lvl":9,"x":27,"y":23,"l1x":10,"l1y":15},{"data":1000010,"lvl":9,"x":27,"y":24,"l1x":10,"l1y":16},{"data":1000010,"lvl":10,"x":37,"y":32,"l1x":10,"l1y":17},{"data":1000010,"lvl":10,"x":37,"y":31,"l1x":10,"l1y":18},{"data":1000010,"lvl":9,"x":27,"y":25,"l1x":10,"l1y":19},{"data":1000010,"lvl":9,"x":27,"y":26,"l1x":10,"l1y":20},{"data":1000009,"lvl":12,"x":14,"y":31,"l1x":24,"l1y":21},{"data":1000010,"lvl":9,"x":26,"y":26,"l1x":10,"l1y":21},{"data":1000010,"lvl":9,"x":26,"y":27,"l1x":10,"l1y":22},{"data":1000010,"lvl":9,"x":25,"y":27,"l1x":10,"l1y":23},{"data":1000010,"lvl":9,"x":24,"y":27,"l1x":10,"l1y":24},{"data":1000010,"lvl":9,"x":23,"y":27,"l1x":10,"l1y":25},{"data":1000010,"lvl":9,"x":22,"y":27,"l1x":10,"l1y":26},{"data":1000010,"lvl":9,"x":21,"y":27,"l1x":10,"l1y":27},{"data":1000010,"lvl":9,"x":20,"y":27,"l1x":26,"l1y":17},{"data":1000010,"lvl":9,"x":19,"y":27,"l1x":25,"l1y":17},{"data":1000010,"lvl":9,"x":19,"y":26,"l1x":24,"l1y":17},{"data":1000010,"lvl":9,"x":18,"y":26,"l1x":23,"l1y":17},{"data":1000010,"lvl":10,"x":37,"y":30,"l1x":22,"l1y":17},{"data":1000010,"lvl":9,"x":18,"y":25,"l1x":21,"l1y":17},{"data":1000010,"lvl":9,"x":18,"y":24,"l1x":20,"l1y":17},{"data":1000010,"lvl":10,"x":37,"y":29,"l1x":19,"l1y":17},{"data":1000010,"lvl":9,"x":18,"y":23,"l1x":19,"l1y":18},{"data":1000015,"lvl":0,"x":11,"y":21,"l1x":29,"l1y":11},{"data":1000015,"lvl":0,"x":21,"y":11,"l1x":11,"l1y":29},{"data":1000011,"lvl":7,"x":24,"y":11,"l1x":25,"l1y":11},{"data":1000002,"lvl":10,"x":9,"y":3,"res_time":179999,"l1x":32,"l1y":36},{"data":1000004,"lvl":10,"x":38,"y":14,"res_time":179996,"l1x":36,"l1y":27},{"data":1000010,"lvl":9,"x":17,"y":23,"l1x":19,"l1y":19},{"data":1000010,"lvl":9,"x":27,"y":22,"l1x":18,"l1y":19},{"data":1000010,"lvl":10,"x":37,"y":28,"l1x":17,"l1y":19},{"data":1000010,"lvl":9,"x":27,"y":21,"l1x":17,"l1y":20},{"data":1000010,"lvl":10,"x":37,"y":27,"l1x":17,"l1y":21},{"data":1000010,"lvl":9,"x":27,"y":20,"l1x":17,"l1y":22},{"data":1000011,"lvl":7,"x":11,"y":24,"l1x":11,"l1y":25},{"data":1000013,"lvl":7,"x":27,"y":11,"l1x":14,"l1y":25},{"data":1000010,"lvl":9,"x":27,"y":19,"l1x":17,"l1y":23},{"data":1000010,"lvl":9,"x":26,"y":19,"l1x":17,"l1y":24},{"data":1000010,"lvl":9,"x":26,"y":18,"l1x":17,"l1y":25},{"data":1000010,"lvl":9,"x":26,"y":17,"l1x":17,"l1y":26},{"data":1000010,"lvl":10,"x":36,"y":37,"l1x":27,"l1y":17},{"data":1000010,"lvl":10,"x":35,"y":37,"l1x":17,"l1y":27},{"data":1000010,"lvl":9,"x":25,"y":17,"l1x":30,"l1y":13},{"data":1000010,"lvl":9,"x":24,"y":17,"l1x":29,"l1y":13},{"data":1000010,"lvl":9,"x":23,"y":17,"l1x":28,"l1y":13},{"data":1000010,"lvl":9,"x":16,"y":16,"l1x":28,"l1y":12},{"data":1000010,"lvl":9,"x":17,"y":16,"l1x":28,"l1y":11},{"data":1000010,"lvl":9,"x":18,"y":16,"l1x":28,"l1y":10},{"data":1000010,"lvl":9,"x":19,"y":16,"l1x":29,"l1y":10},{"data":1000010,"lvl":9,"x":20,"y":16,"l1x":30,"l1y":10},{"data":1000010,"lvl":9,"x":21,"y":16,"l1x":31,"l1y":10},{"data":1000010,"lvl":9,"x":22,"y":16,"l1x":14,"l1y":30},{"data":1000010,"lvl":9,"x":16,"y":17,"l1x":14,"l1y":29},{"data":1000010,"lvl":9,"x":16,"y":18,"l1x":14,"l1y":28},{"data":1000010,"lvl":9,"x":16,"y":19,"l1x":13,"l1y":28},{"data":1000010,"lvl":9,"x":16,"y":20,"l1x":12,"l1y":28},{"data":1000010,"lvl":9,"x":16,"y":21,"l1x":11,"l1y":28},{"data":1000000,"lvl":7,"x":28,"y":4,"units":[[4000013,2]],"storage_type":0,"l1x":28,"l1y":5},{"data":1000006,"lvl":9,"x":34,"y":14,"unit_prod":{"unit_type":0},"l1x":36,"l1y":17},{"data":1000009,"lvl":12,"x":31,"y":13,"l1x":21,"l1y":24},{"data":1000010,"lvl":9,"x":16,"y":22,"l1x":10,"l1y":28},{"data":1000010,"lvl":9,"x":16,"y":23,"l1x":10,"l1y":29},{"data":1000010,"lvl":9,"x":15,"y":23,"l1x":10,"l1y":30},{"data":1000010,"lvl":9,"x":14,"y":23,"l1x":10,"l1y":31},{"data":1000010,"lvl":9,"x":13,"y":23,"l1x":34,"l1y":20},{"data":1000010,"lvl":9,"x":12,"y":23,"l1x":33,"l1y":20},{"data":1000010,"lvl":9,"x":11,"y":23,"l1x":32,"l1y":20},{"data":1000010,"lvl":9,"x":23,"y":16,"l1x":20,"l1y":32},{"data":1000010,"lvl":9,"x":23,"y":15,"l1x":20,"l1y":33},{"data":1000010,"lvl":9,"x":23,"y":14,"l1x":20,"l1y":34},{"data":1000010,"lvl":9,"x":23,"y":13,"l1x":30,"l1y":31},{"data":1000010,"lvl":9,"x":23,"y":12,"l1x":31,"l1y":31},{"data":1000010,"lvl":9,"x":23,"y":11,"l1x":31,"l1y":30},{"data":1000010,"lvl":9,"x":10,"y":27,"l1x":31,"l1y":29},{"data":1000010,"lvl":9,"x":9,"y":27,"l1x":31,"l1y":28},{"data":1000010,"lvl":9,"x":8,"y":27,"l1x":31,"l1y":27},{"data":1000010,"lvl":9,"x":7,"y":27,"l1x":31,"l1y":26},{"data":1000010,"lvl":9,"x":6,"y":27,"l1x":31,"l1y":25},{"data":1000010,"lvl":9,"x":6,"y":26,"l1x":31,"l1y":24},{"data":1000010,"lvl":9,"x":6,"y":25,"l1x":31,"l1y":23},{"data":1000010,"lvl":9,"x":6,"y":24,"l1x":31,"l1y":22},{"data":1000010,"lvl":9,"x":6,"y":23,"l1x":31,"l1y":21},{"data":1000010,"lvl":9,"x":6,"y":22,"l1x":31,"l1y":20},{"data":1000010,"lvl":9,"x":10,"y":26,"l1x":31,"l1y":19},{"data":1000010,"lvl":9,"x":10,"y":25,"l1x":31,"l1y":18},{"data":1000020,"lvl":4,"x":31,"y":9,"units":[[26000005,2],[26000003,1],[26000002,1],[26000000,1]],"storage_type":1,"unit_prod":{"unit_type":1},"l1x":37,"l1y":37},{"data":1000012,"lvl":7,"x":22,"y":31,"l1x":21,"l1y":11},{"data":1000021,"lvl":3,"x":16,"y":27,"attack_mode":false,"attack_mode_war":false,"attack_mode_draft":false,"attack_mode_draft_war":false,"ammo":1500,"l1x":18,"l1y":24},{"data":1000019,"lvl":7,"x":26,"y":38,"l1x":18,"l1y":22},{"data":1000003,"lvl":10,"x":8,"y":11,"l1x":17,"l1y":32},{"data":1000005,"lvl":10,"x":17,"y":20,"l1x":28,"l1y":15},{"data":1000010,"lvl":9,"x":10,"y":24,"l1x":31,"l1y":17},{"data":1000010,"lvl":9,"x":10,"y":23,"l1x":31,"l1y":16},{"data":1000010,"lvl":9,"x":10,"y":22,"l1x":31,"l1y":15},{"data":1000010,"lvl":9,"x":10,"y":21,"l1x":31,"l1y":14},{"data":1000010,"lvl":9,"x":10,"y":20,"l1x":31,"l1y":13},{"data":1000010,"lvl":9,"x":10,"y":19,"l1x":31,"l1y":12},{"data":1000010,"lvl":9,"x":10,"y":18,"l1x":31,"l1y":11},{"data":1000010,"lvl":9,"x":25,"y":6,"l1x":32,"l1y":11},{"data":1000010,"lvl":9,"x":24,"y":6,"l1x":33,"l1y":11},{"data":1000010,"lvl":9,"x":26,"y":6,"l1x":34,"l1y":11},{"data":1000010,"lvl":9,"x":27,"y":6,"l1x":29,"l1y":31},{"data":1000010,"lvl":9,"x":27,"y":7,"l1x":28,"l1y":31},{"data":1000010,"lvl":9,"x":27,"y":8,"l1x":27,"l1y":31},{"data":1000010,"lvl":9,"x":27,"y":9,"l1x":26,"l1y":31},{"data":1000010,"lvl":9,"x":28,"y":10,"l1x":25,"l1y":31},{"data":1000010,"lvl":9,"x":27,"y":10,"l1x":24,"l1y":31},{"data":1000010,"lvl":9,"x":26,"y":10,"l1x":23,"l1y":31},{"data":1000010,"lvl":9,"x":25,"y":10,"l1x":22,"l1y":31},{"data":1000008,"lvl":11,"x":31,"y":17,"l1x":13,"l1y":16},{"data":1000008,"lvl":11,"x":8,"y":14,"l1x":19,"l1y":14},{"data":1000009,"lvl":12,"x":7,"y":21,"l1x":12,"l1y":32},{"data":1000009,"lvl":12,"x":21,"y":7,"l1x":32,"l1y":12},{"data":1000012,"lvl":7,"x":31,"y":21,"l1x":11,"l1y":21},{"data":1000011,"lvl":7,"x":16,"y":12,"l1x":24,"l1y":32},{"data":1000010,"lvl":9,"x":24,"y":10,"l1x":21,"l1y":31},{"data":1000010,"lvl":9,"x":23,"y":10,"l1x":20,"l1y":31},{"data":1000010,"lvl":9,"x":22,"y":10,"l1x":19,"l1y":31},{"data":1000010,"lvl":9,"x":21,"y":10,"l1x":18,"l1y":31},{"data":1000010,"lvl":9,"x":20,"y":10,"l1x":17,"l1y":31},{"data":1000010,"lvl":9,"x":19,"y":10,"l1x":16,"l1y":31},{"data":1000010,"lvl":9,"x":10,"y":17,"l1x":15,"l1y":31},{"data":1000010,"lvl":9,"x":9,"y":17,"l1x":14,"l1y":31},{"data":1000010,"lvl":9,"x":8,"y":17,"l1x":13,"l1y":31},{"data":1000010,"lvl":9,"x":18,"y":10,"l1x":12,"l1y":31},{"data":1000010,"lvl":9,"x":11,"y":17,"l1x":11,"l1y":31},{"data":1000010,"lvl":9,"x":11,"y":16,"l1x":11,"l1y":32},{"data":1000010,"lvl":9,"x":11,"y":15,"l1x":11,"l1y":33},{"data":1000010,"lvl":9,"x":11,"y":14,"l1x":11,"l1y":34},{"data":1000010,"lvl":9,"x":11,"y":13,"l1x":11,"l1y":35},{"data":1000010,"lvl":9,"x":11,"y":12,"l1x":12,"l1y":35},{"data":1000010,"lvl":9,"x":11,"y":11,"l1x":13,"l1y":35},{"data":1000010,"lvl":9,"x":12,"y":11,"l1x":14,"l1y":35},{"data":1000010,"lvl":9,"x":13,"y":11,"l1x":15,"l1y":35},{"data":1000010,"lvl":9,"x":14,"y":11,"l1x":16,"l1y":35},{"data":1000010,"lvl":9,"x":15,"y":11,"l1x":17,"l1y":35},{"data":1000010,"lvl":9,"x":16,"y":11,"l1x":18,"l1y":35},{"data":1000010,"lvl":9,"x":17,"y":11,"l1x":19,"l1y":35},{"data":1000010,"lvl":9,"x":17,"y":10,"l1x":20,"l1y":35},{"data":1000010,"lvl":9,"x":17,"y":9,"l1x":21,"l1y":35},{"data":1000010,"lvl":9,"x":17,"y":8,"l1x":22,"l1y":35},{"data":1000010,"lvl":9,"x":23,"y":6,"l1x":23,"l1y":35},{"data":1000010,"lvl":9,"x":22,"y":6,"l1x":24,"l1y":35},{"data":1000010,"lvl":9,"x":21,"y":6,"l1x":25,"l1y":35},{"data":1000010,"lvl":9,"x":20,"y":6,"l1x":26,"l1y":35},{"data":1000010,"lvl":9,"x":19,"y":6,"l1x":27,"l1y":35},{"data":1000010,"lvl":10,"x":34,"y":37,"l1x":28,"l1y":35},{"data":1000010,"lvl":10,"x":33,"y":37,"l1x":18,"l1y":27},{"data":1000010,"lvl":9,"x":18,"y":6,"l1x":29,"l1y":35},{"data":1000010,"lvl":9,"x":17,"y":6,"l1x":30,"l1y":35},{"data":1000010,"lvl":9,"x":17,"y":7,"l1x":31,"l1y":35},{"data":1000010,"lvl":9,"x":16,"y":7,"l1x":32,"l1y":35},{"data":1000010,"lvl":10,"x":32,"y":37,"l1x":19,"l1y":27},{"data":1000010,"lvl":9,"x":15,"y":7,"l1x":33,"l1y":35},{"data":1000010,"lvl":9,"x":14,"y":7,"l1x":34,"l1y":35},{"data":1000010,"lvl":9,"x":13,"y":7,"l1x":35,"l1y":35},{"data":1000010,"lvl":9,"x":12,"y":7,"l1x":35,"l1y":11},{"data":1000010,"lvl":9,"x":11,"y":7,"l1x":35,"l1y":12},{"data":1000010,"lvl":9,"x":10,"y":7,"l1x":35,"l1y":13},{"data":1000010,"lvl":10,"x":31,"y":37,"l1x":35,"l1y":14},{"data":1000010,"lvl":9,"x":9,"y":7,"l1x":35,"l1y":15},{"data":1000010,"lvl":9,"x":8,"y":7,"l1x":35,"l1y":16},{"data":1000010,"lvl":9,"x":6,"y":21,"l1x":35,"l1y":17},{"data":1000010,"lvl":10,"x":30,"y":37,"l1x":35,"l1y":18},{"data":1000010,"lvl":9,"x":6,"y":20,"l1x":35,"l1y":19},{"data":1000010,"lvl":10,"x":29,"y":37,"l1x":20,"l1y":27},{"data":1000010,"lvl":10,"x":28,"y":37,"l1x":21,"l1y":27},{"data":1000010,"lvl":10,"x":27,"y":37,"l1x":22,"l1y":27},{"data":1000010,"lvl":10,"x":26,"y":37,"l1x":23,"l1y":27},{"data":1000010,"lvl":10,"x":25,"y":37,"l1x":24,"l1y":27},{"data":1000010,"lvl":9,"x":6,"y":19,"l1x":35,"l1y":20},{"data":1000010,"lvl":10,"x":24,"y":37,"l1x":35,"l1y":21},{"data":1000013,"lvl":7,"x":11,"y":27,"l1x":25,"l1y":14},{"data":1000019,"lvl":7,"x":28,"y":25,"l1x":18,"l1y":20},{"data":1000023,"lvl":5,"x":34,"y":19,"res_time":57595,"l1x":20,"l1y":4},{"data":1000024,"lvl":5,"x":12,"y":12,"l1x":28,"l1y":28},{"data":1000023,"lvl":5,"x":32,"y":32,"res_time":57592,"l1x":4,"l1y":20},{"data":1000003,"lvl":10,"x":11,"y":8,"l1x":32,"l1y":17},{"data":1000005,"lvl":10,"x":20,"y":17,"l1x":15,"l1y":28},{"data":1000022,"lvl":0,"x":24,"y":20,"l1x":22,"l1y":14},{"data":1000012,"lvl":7,"x":13,"y":19,"l1x":28,"l1y":22},{"data":1000021,"lvl":3,"x":27,"y":16,"attack_mode":false,"attack_mode_war":false,"attack_mode_draft":false,"attack_mode_draft_war":false,"ammo":1500,"l1x":24,"l1y":18},{"data":1000025,"lvl":0,"x":15,"y":24,"l1x":14,"l1y":22},{"data":1000019,"lvl":7,"x":20,"y":28,"l1x":20,"l1y":18},{"data":1000019,"lvl":7,"x":28,"y":20,"l1x":22,"l1y":18},{"data":1000026,"lvl":5,"x":3,"y":19,"unit_prod":{"unit_type":0},"l1x":12,"l1y":7},{"data":1000026,"lvl":5,"x":19,"y":3,"unit_prod":{"unit_type":0},"l1x":7,"l1y":12},{"data":1000010,"lvl":9,"x":6,"y":18,"l1x":35,"l1y":22},{"data":1000010,"lvl":9,"x":6,"y":17,"l1x":35,"l1y":23},{"data":1000010,"lvl":9,"x":7,"y":17,"l1x":35,"l1y":24},{"data":1000010,"lvl":9,"x":7,"y":16,"l1x":35,"l1y":25},{"data":1000010,"lvl":10,"x":23,"y":37,"l1x":25,"l1y":27},{"data":1000010,"lvl":9,"x":7,"y":15,"l1x":35,"l1y":26},{"data":1000010,"lvl":9,"x":7,"y":14,"l1x":35,"l1y":27},{"data":1000010,"lvl":9,"x":7,"y":13,"l1x":35,"l1y":28},{"data":1000010,"lvl":9,"x":7,"y":12,"l1x":35,"l1y":29},{"data":1000010,"lvl":9,"x":7,"y":11,"l1x":35,"l1y":30},{"data":1000010,"lvl":10,"x":22,"y":37,"l1x":26,"l1y":27},{"data":1000010,"lvl":10,"x":21,"y":37,"l1x":27,"l1y":18},{"data":1000010,"lvl":9,"x":7,"y":10,"l1x":35,"l1y":31},{"data":1000010,"lvl":10,"x":20,"y":37,"l1x":27,"l1y":19},{"data":1000010,"lvl":9,"x":7,"y":9,"l1x":35,"l1y":32},{"data":1000010,"lvl":9,"x":7,"y":8,"l1x":35,"l1y":33},{"data":1000010,"lvl":9,"x":7,"y":7,"l1x":35,"l1y":34},{"data":1000010,"lvl":10,"x":19,"y":37,"l1x":27,"l1y":20},{"data":1000010,"lvl":10,"x":18,"y":37,"l1x":27,"l1y":21},{"data":1000010,"lvl":10,"x":17,"y":37,"l1x":27,"l1y":22},{"data":1000010,"lvl":10,"x":16,"y":37,"l1x":27,"l1y":23},{"data":1000010,"lvl":10,"x":15,"y":37,"l1x":27,"l1y":24},{"data":1000010,"lvl":10,"x":14,"y":37,"l1x":27,"l1y":25},{"data":1000010,"lvl":10,"x":13,"y":37,"l1x":27,"l1y":26},{"data":1000010,"lvl":10,"x":13,"y":36,"l1x":27,"l1y":27},{"data":1000011,"lvl":7,"x":12,"y":16,"l1x":32,"l1y":24},{"data":1000012,"lvl":7,"x":20,"y":13,"l1x":22,"l1y":28},{"data":1000023,"lvl":5,"x":20,"y":34,"res_time":57593,"l1x":21,"l1y":36},{"data":1000027,"lvl":2,"x":19,"y":24,"attack_mode":true,"attack_mode_war":true,"attack_mode_draft":true,"attack_mode_draft_war":true,"ammo":750,"l1x":19,"l1y":28},{"data":1000008,"lvl":11,"x":14,"y":8,"l1x":14,"l1y":19},{"data":1000009,"lvl":12,"x":8,"y":8,"l1x":32,"l1y":32},{"data":1000021,"lvl":3,"x":17,"y":17,"attack_mode":false,"attack_mode_war":false,"attack_mode_draft":false,"attack_mode_draft_war":false,"ammo":1500,"l1x":24,"l1y":24},{"data":1000027,"lvl":2,"x":24,"y":18,"attack_mode":true,"attack_mode_war":true,"attack_mode_draft":true,"attack_mode_draft_war":true,"ammo":750,"l1x":28,"l1y":19},{"data":1000002,"lvl":10,"x":3,"y":9,"res_time":179999,"l1x":36,"l1y":32},{"data":1000004,"lvl":10,"x":14,"y":3,"res_time":179998,"l1x":29,"l1y":36}],"obstacles":[{"data":8000000,"x":22,"y":42,"l1x":-1,"l1y":-1,"loot_multiply_ver":1},{"data":8000000,"x":0,"y":0,"l1x":-1,"l1y":-1,"loot_multiply_ver":1},{"data":8000000,"x":17,"y":42,"l1x":-1,"l1y":-1,"loot_multiply_ver":1},{"data":8000028,"x":42,"y":20,"l1x":-1,"l1y":-1,"loot_multiply_ver":1},{"data":8000000,"x":1,"y":42,"l1x":-1,"l1y":-1,"loot_multiply_ver":2},{"data":8000004,"x":10,"y":0,"l1x":-1,"l1y":-1,"loot_multiply_ver":2},{"data":8000004,"x":42,"y":25,"l1x":-1,"l1y":-1,"loot_multiply_ver":2},{"data":8000004,"x":21,"y":0,"l1x":-1,"l1y":-1,"loot_multiply_ver":2},{"data":8000004,"x":28,"y":0,"l1x":-1,"l1y":-1,"loot_multiply_ver":2},{"data":8000004,"x":0,"y":15,"l1x":-1,"l1y":-1,"loot_multiply_ver":2},{"data":8000008,"x":24,"y":0,"l1x":-1,"l1y":-1,"loot_multiply_ver":2},{"data":8000004,"x":41,"y":0,"l1x":-1,"l1y":-1,"loot_multiply_ver":2},{"data":8000004,"x":42,"y":9,"l1x":-1,"l1y":-1,"loot_multiply_ver":2},{"data":8000010,"x":9,"y":42,"l1x":-1,"l1y":-1,"loot_multiply_ver":2},{"data":8000010,"x":34,"y":0,"l1x":-1,"l1y":-1,"loot_multiply_ver":2},{"data":8000010,"x":0,"y":35,"l1x":-1,"l1y":-1,"loot_multiply_ver":2},{"data":8000000,"x":0,"y":4,"l1x":-1,"l1y":-1,"loot_multiply_ver":2},{"data":8000004,"x":0,"y":18,"l1x":-1,"l1y":-1,"loot_multiply_ver":2},{"data":8000007,"x":34,"y":42,"l1x":-1,"l1y":-1,"loot_multiply_ver":2},{"data":8000010,"x":0,"y":39,"l1x":-1,"l1y":-1,"loot_multiply_ver":2},{"data":8000010,"x":42,"y":42,"l1x":-1,"l1y":-1,"loot_multiply_ver":2},{"data":8000030,"x":42,"y":33,"l1x":-1,"l1y":-1,"loot_multiply_ver":1},{"data":8000008,"x":14,"y":42,"l1x":-1,"l1y":-1,"loot_multiply_ver":2},{"data":8000010,"x":42,"y":28,"l1x":-1,"l1y":-1,"loot_multiply_ver":2},{"data":8000000,"x":0,"y":24,"l1x":-1,"l1y":-1,"loot_multiply_ver":2},{"data":8000010,"x":18,"y":0,"l1x":-1,"l1y":-1,"loot_multiply_ver":2},{"data":8000010,"x":0,"y":32,"l1x":-1,"l1y":-1,"loot_multiply_ver":2},{"data":8000004,"x":0,"y":28,"l1x":-1,"l1y":-1,"loot_multiply_ver":2},{"data":8000010,"x":28,"y":42,"l1x":-1,"l1y":-1,"loot_multiply_ver":2},{"data":8000008,"x":0,"y":21,"l1x":-1,"l1y":-1,"loot_multiply_ver":2},{"data":8000000,"x":37,"y":0,"l1x":-1,"l1y":-1,"loot_multiply_ver":2},{"data":8000000,"x":31,"y":0,"l1x":-1,"l1y":-1,"loot_multiply_ver":2},{"data":8000010,"x":0,"y":9,"l1x":-1,"l1y":-1,"loot_multiply_ver":2},{"data":8000010,"x":14,"y":0,"l1x":-1,"l1y":-1,"loot_multiply_ver":2},{"data":8000007,"x":25,"y":42,"l1x":-1,"l1y":-1,"loot_multiply_ver":2},{"data":8000000,"x":4,"y":42,"l1x":-1,"l1y":-1,"loot_multiply_ver":2},{"data":8000004,"x":42,"y":16,"l1x":-1,"l1y":-1,"loot_multiply_ver":2}],"traps":[{"data":12000000,"lvl":5,"x":7,"y":6,"l1x":33,"l1y":15},{"data":12000000,"lvl":5,"x":4,"y":27,"l1x":34,"l1y":16},{"data":12000000,"lvl":5,"x":5,"y":27,"l1x":33,"l1y":16},{"data":12000000,"lvl":5,"x":7,"y":5,"l1x":32,"l1y":16},{"data":12000000,"lvl":5,"x":17,"y":15,"l1x":36,"l1y":35},{"data":12000000,"lvl":5,"x":15,"y":15,"l1x":35,"l1y":36},{"data":12000001,"lvl":0,"x":38,"y":12,"l1x":25,"l1y":2},{"data":12000005,"lvl":3,"x":19,"y":36,"l1x":28,"l1y":34},{"data":12000002,"lvl":3,"x":11,"y":19,"l1x":15,"l1y":32},{"data":12000006,"lvl":2,"x":23,"y":36,"l1x":16,"l1y":34},{"data":12000001,"lvl":0,"x":13,"y":38,"l1x":36,"l1y":20},{"data":12000001,"lvl":0,"x":27,"y":5,"l1x":37,"l1y":35},{"data":12000001,"lvl":0,"x":17,"y":5,"l1x":20,"l1y":36},{"data":12000001,"lvl":0,"x":15,"y":16,"l1x":16,"l1y":2},{"data":12000001,"lvl":0,"x":16,"y":15,"l1x":2,"l1y":24},{"data":12000002,"lvl":3,"x":21,"y":24,"l1x":32,"l1y":27},{"data":12000002,"lvl":3,"x":28,"y":23,"l1x":27,"l1y":32},{"data":12000002,"lvl":3,"x":23,"y":28,"l1x":19,"l1y":12},{"data":12000002,"lvl":3,"x":19,"y":11,"l1x":12,"l1y":19},{"data":12000005,"lvl":3,"x":33,"y":36,"l1x":24,"l1y":36},{"data":12000005,"lvl":3,"x":26,"y":36,"l1x":14,"l1y":36},{"data":12000005,"lvl":3,"x":36,"y":30,"l1x":36,"l1y":15},{"data":12000005,"lvl":3,"x":36,"y":22,"l1x":3,"l1y":9},{"data":12000006,"lvl":2,"x":36,"y":18,"l1x":36,"l1y":21},{"data":12000006,"lvl":2,"x":36,"y":26,"l1x":34,"l1y":28},{"data":12000006,"lvl":2,"x":30,"y":36,"l1x":38,"l1y":35},{"data":12000006,"lvl":2,"x":36,"y":33,"l1x":9,"l1y":2}],"decos":[{"data":18000033,"x":39,"y":32,"l1x":40,"l1y":36},{"data":18000005,"x":38,"y":2,"l1x":2,"l1y":4},{"data":18000005,"x":40,"y":4,"l1x":40,"l1y":4},{"data":18000006,"x":4,"y":40,"l1x":4,"l1y":40},{"data":18000006,"x":40,"y":34,"l1x":4,"l1y":2},{"data":18000001,"x":40,"y":2,"l1x":2,"l1y":40},{"data":18000005,"x":2,"y":38,"l1x":38,"l1y":40},{"data":18000006,"x":34,"y":40,"l1x":38,"l1y":2},{"data":18000004,"x":38,"y":38,"l1x":2,"l1y":38},{"data":18000000,"x":32,"y":39,"l1x":36,"l1y":40},{"data":18000010,"x":40,"y":40,"l1x":40,"l1y":6},{"data":18000006,"x":40,"y":38,"l1x":40,"l1y":38},{"data":18000001,"x":2,"y":40,"l1x":2,"l1y":2},{"data":18000001,"x":40,"y":36,"l1x":40,"l1y":2},{"data":18000007,"x":2,"y":36,"l1x":36,"l1y":2},{"data":18000001,"x":36,"y":40,"l1x":40,"l1y":40},{"data":18000005,"x":38,"y":40,"l1x":-1,"l1y":-1},{"data":18000008,"x":36,"y":2,"l1x":-1,"l1y":-1},{"data":18000009,"x":6,"y":40,"l1x":-1,"l1y":-1},{"data":18000011,"x":40,"y":6,"l1x":-1,"l1y":-1}],"respawnVars":{"secondsFromLastRespawn":22321,"respawnSeed":-1870889603,"obstacleClearCounter":6,"time_to_gembox_drop":344321,"time_in_gembox_period":288000},"cooldowns":[{"cooldown":1164918,"target":20000001},{"cooldown":594683,"target":20000000}],"newShopBuildings":[4,0,7,4,7,4,4,1,6,7,250,4,4,3,1,5,0,0,0,4,1,3,1,3,1,1,2,2],"newShopTraps":[6,6,5,0,0,5,5,0],"newShopDecos":[1,4,0,1,1,4,4,1,1,1,1,1,1,1,1,1,1,1,1,1,1,1,1,1,1,1,1,1,1,1,1,1,1,1,1,1,1],"last_league_rank":16,"last_league_shuffle":1,"last_news_seen":81,"edit_mode_shown":true,"troop_req_msg":"2-2-3","war_req_msg":"1witch rest archer","war_tutorials_seen":0,"war_base":true}