{"buildings":[{"data":1000001,"lvl":9,"x":26,"y":4,"l1x":18,"l1y":18},{"data":1000004,"lvl":10,"x":31,"y":38,"res_time":179449,"l1x":10,"l1y":7},{"data":1000000,"lvl":7,"x":30,"y":3,"units":[[4000008,2],[4000006,2],[4000015,1]],"storage_type":0,"l1x":2,"l1y":26},{"data":1000015,"lvl":0,"x":35,"y":33,"l1x":20,"l1y":6},{"data":1000014,"lvl":5,"x":20,"y":4,"l1x":22,"l1y":22},{"data":1000008,"lvl":11,"x":31,"y":22,"l1x":17,"l1y":9},{"data":1000015,"lvl":0,"x":33,"y":35,"l1x":6,"l1y":20},{"data":1000002,"lvl":10,"x":38,"y":30,"res_time":179324,"l1x":22,"l1y":5},{"data":1000003,"lvl":10,"x":34,"y":26,"l1x":30,"l1y":12},{"data":1000005,"lvl":10,"x":9,"y":18,"l1x":26,"l1y":12},{"data":1000006,"lvl":9,"x":34,"y":29,"unit_prod":{"unit_type":0},"l1x":35,"l1y":23},{"data":1000004,"lvl":10,"x":34,"y":16,"res_time":179326,"l1x":7,"l1y":10},{"data":1000008,"lvl":11,"x":32,"y":32,"l1x":9,"l1y":17},{"data":1000002,"lvl":10,"x":34,"y":22,"res_time":179326,"l1x":17,"l1y":5},{"data":1000009,"lvl":12,"x":31,"y":19,"l1x":27,"l1y":8},{"data":1000006,"lvl":9,"x":31,"y":28,"unit_prod":{"unit_type":0},"l1x":35,"l1y":27},{"data":1000000,"lvl":7,"x":3,"y":32,"units":[[4000005,10]],"storage_type":0,"l1x":26,"l1y":2},{"data":1000005,"lvl":10,"x":18,"y":9,"l1x":12,"l1y":26},{"data":1000002,"lvl":10,"x":34,"y":19,"res_time":179327,"l1x":5,"l1y":17},{"data":1000003,"lvl":10,"x":25,"y":34,"l1x":30,"l1y":19},{"data":1000013,"lvl":7,"x":15,"y":25,"l1x":22,"l1y":15},{"data":1000007,"lvl":7,"x":4,"y":27,"unit_upg":{"unit_type":0,"t":329138,"id":4000000},"l1x":2,"l1y":2},{"data":1000004,"lvl":10,"x":23,"y":9,"res_time":179328,"l1x":34,"l1y":9},{"data":1000006,"lvl":9,"x":29,"y":34,"unit_prod":{"unit_type":0},"l1x":23,"l1y":35},{"data":1000002,"lvl":10,"x":31,"y":16,"res_time":179327,"l1x":5,"l1y":22},{"data":1000002,"lvl":10,"x":19,"y":34,"res_time":179446,"l1x":36,"l1y":12},{"data":1000004,"lvl":10,"x":22,"y":34,"res_time":179446,"l1x":33,"l1y":12},{"data":1000000,"lvl":7,"x":3,"y":15,"units":[[4000004,4],[4000006,8],[4000000,8],[4000001,10]],"storage_type":0,"l1x":31,"l1y":4},{"data":1000015,"lvl":0,"x":35,"y":11,"l1x":30,"l1y":28},{"data":1000008,"lvl":11,"x":22,"y":31,"l1x":31,"l1y":9},{"data":1000009,"lvl":12,"x":32,"y":9,"l1x":8,"l1y":27},{"data":1000004,"lvl":10,"x":16,"y":31,"res_time":179447,"l1x":9,"l1y":34},{"data":1000013,"lvl":7,"x":25,"y":15,"l1x":15,"l1y":22},{"data":1000002,"lvl":10,"x":28,"y":12,"res_time":179328,"l1x":34,"l1y":15},{"data":1000010,"lvl":10,"x":37,"y":16,"l1x":28,"l1y":15},{"data":1000010,"lvl":10,"x":37,"y":14,"l1x":29,"l1y":15},{"data":1000010,"lvl":10,"x":37,"y":15,"l1x":15,"l1y":26},{"data":1000010,"lvl":10,"x":32,"y":8,"l1x":15,"l1y":27},{"data":1000010,"lvl":10,"x":33,"y":8,"l1x":15,"l1y":28},{"data":1000010,"lvl":10,"x":34,"y":8,"l1x":15,"l1y":29},{"data":1000010,"lvl":10,"x":37,"y":10,"l1x":16,"l1y":29},{"data":1000010,"lvl":10,"x":35,"y":8,"l1x":6,"l1y":8},{"data":1000010,"lvl":10,"x":36,"y":8,"l1x":6,"l1y":7},{"data":1000010,"lvl":10,"x":37,"y":8,"l1x":6,"l1y":6},{"data":1000010,"lvl":10,"x":37,"y":9,"l1x":33,"l1y":15},{"data":1000010,"lvl":10,"x":37,"y":33,"l1x":7,"l1y":6},{"data":1000010,"lvl":10,"x":37,"y":34,"l1x":8,"l1y":6},{"data":1000010,"lvl":10,"x":37,"y":35,"l1x":16,"l1y":5},{"data":1000010,"lvl":10,"x":34,"y":37,"l1x":9,"l1y":6},{"data":1000010,"lvl":10,"x":36,"y":37,"l1x":16,"l1y":4},{"data":1000010,"lvl":10,"x":37,"y":36,"l1x":10,"l1y":6},{"data":1000010,"lvl":10,"x":35,"y":37,"l1x":11,"l1y":6},{"data":1000010,"lvl":10,"x":37,"y":32,"l1x":17,"l1y":4},{"data":1000010,"lvl":10,"x":31,"y":37,"l1x":12,"l1y":6},{"data":1000010,"lvl":10,"x":32,"y":37,"l1x":18,"l1y":4},{"data":1000010,"lvl":10,"x":33,"y":37,"l1x":13,"l1y":6},{"data":1000010,"lvl":10,"x":37,"y":37,"l1x":14,"l1y":6},{"data":1000010,"lvl":10,"x":9,"y":37,"l1x":15,"l1y":6},{"data":1000010,"lvl":10,"x":8,"y":36,"l1x":19,"l1y":4},{"data":1000010,"lvl":9,"x":37,"y":18,"l1x":20,"l1y":4},{"data":1000010,"lvl":10,"x":8,"y":37,"l1x":16,"l1y":6},{"data":1000010,"lvl":9,"x":37,"y":19,"l1x":21,"l1y":4},{"data":1000010,"lvl":10,"x":8,"y":32,"l1x":16,"l1y":7},{"data":1000010,"lvl":10,"x":8,"y":30,"l1x":16,"l1y":8},{"data":1000010,"lvl":10,"x":9,"y":31,"l1x":16,"l1y":9},{"data":1000010,"lvl":9,"x":37,"y":20,"l1x":22,"l1y":4},{"data":1000010,"lvl":10,"x":8,"y":31,"l1x":6,"l1y":9},{"data":1000010,"lvl":9,"x":37,"y":21,"l1x":23,"l1y":4},{"data":1000010,"lvl":9,"x":37,"y":22,"l1x":24,"l1y":4},{"data":1000010,"lvl":10,"x":32,"y":15,"l1x":6,"l1y":10},{"data":1000010,"lvl":9,"x":37,"y":23,"l1x":25,"l1y":4},{"data":1000010,"lvl":9,"x":37,"y":24,"l1x":25,"l1y":5},{"data":1000010,"lvl":10,"x":31,"y":14,"l1x":6,"l1y":11},{"data":1000010,"lvl":10,"x":31,"y":15,"l1x":6,"l1y":12},{"data":1000010,"lvl":9,"x":37,"y":25,"l1x":25,"l1y":6},{"data":1000010,"lvl":10,"x":29,"y":15,"l1x":6,"l1y":13},{"data":1000010,"lvl":10,"x":30,"y":15,"l1x":25,"l1y":7},{"data":1000010,"lvl":9,"x":37,"y":26,"l1x":26,"l1y":7},{"data":1000010,"lvl":10,"x":30,"y":16,"l1x":27,"l1y":7},{"data":1000010,"lvl":9,"x":37,"y":27,"l1x":28,"l1y":7},{"data":1000010,"lvl":9,"x":37,"y":28,"l1x":29,"l1y":7},{"data":1000010,"lvl":10,"x":30,"y":17,"l1x":6,"l1y":14},{"data":1000010,"lvl":10,"x":30,"y":18,"l1x":17,"l1y":8},{"data":1000010,"lvl":10,"x":30,"y":19,"l1x":18,"l1y":8},{"data":1000010,"lvl":10,"x":30,"y":20,"l1x":19,"l1y":8},{"data":1000004,"lvl":10,"x":16,"y":34,"res_time":179447,"l1x":12,"l1y":33},{"data":1000009,"lvl":12,"x":19,"y":31,"l1x":13,"l1y":7},{"data":1000010,"lvl":10,"x":30,"y":21,"l1x":6,"l1y":15},{"data":1000010,"lvl":9,"x":37,"y":29,"l1x":20,"l1y":8},{"data":1000010,"lvl":9,"x":37,"y":30,"l1x":21,"l1y":8},{"data":1000010,"lvl":9,"x":37,"y":31,"l1x":22,"l1y":8},{"data":1000010,"lvl":10,"x":30,"y":22,"l1x":6,"l1y":16},{"data":1000010,"lvl":9,"x":30,"y":37,"l1x":23,"l1y":8},{"data":1000010,"lvl":10,"x":30,"y":23,"l1x":7,"l1y":16},{"data":1000010,"lvl":10,"x":30,"y":24,"l1x":8,"l1y":16},{"data":1000010,"lvl":10,"x":30,"y":25,"l1x":24,"l1y":8},{"data":1000010,"lvl":9,"x":29,"y":37,"l1x":25,"l1y":8},{"data":1000010,"lvl":9,"x":37,"y":17,"l1x":25,"l1y":9},{"data":1000010,"lvl":10,"x":30,"y":26,"l1x":9,"l1y":16},{"data":1000010,"lvl":9,"x":37,"y":13,"l1x":25,"l1y":10},{"data":1000010,"lvl":10,"x":30,"y":27,"l1x":26,"l1y":10},{"data":1000010,"lvl":9,"x":36,"y":15,"l1x":26,"l1y":11},{"data":1000010,"lvl":10,"x":30,"y":28,"l1x":16,"l1y":11},{"data":1000010,"lvl":9,"x":35,"y":15,"l1x":27,"l1y":11},{"data":1000010,"lvl":10,"x":15,"y":32,"l1x":28,"l1y":11},{"data":1000010,"lvl":10,"x":14,"y":31,"l1x":30,"l1y":7},{"data":1000010,"lvl":10,"x":15,"y":31,"l1x":16,"l1y":10},{"data":1000010,"lvl":10,"x":15,"y":29,"l1x":15,"l1y":10},{"data":1000010,"lvl":10,"x":15,"y":30,"l1x":14,"l1y":10},{"data":1000010,"lvl":9,"x":34,"y":15,"l1x":30,"l1y":8},{"data":1000010,"lvl":10,"x":16,"y":30,"l1x":13,"l1y":10},{"data":1000010,"lvl":9,"x":33,"y":15,"l1x":30,"l1y":9},{"data":1000010,"lvl":10,"x":17,"y":30,"l1x":12,"l1y":10},{"data":1000010,"lvl":9,"x":37,"y":11,"l1x":30,"l1y":10},{"data":1000010,"lvl":9,"x":37,"y":12,"l1x":30,"l1y":11},{"data":1000010,"lvl":9,"x":31,"y":13,"l1x":29,"l1y":11},{"data":1000010,"lvl":10,"x":18,"y":30,"l1x":11,"l1y":10},{"data":1000010,"lvl":9,"x":31,"y":12,"l1x":29,"l1y":12},{"data":1000010,"lvl":9,"x":31,"y":11,"l1x":29,"l1y":13},{"data":1000010,"lvl":9,"x":31,"y":10,"l1x":29,"l1y":14},{"data":1000010,"lvl":10,"x":19,"y":30,"l1x":10,"l1y":10},{"data":1000010,"lvl":9,"x":31,"y":9,"l1x":26,"l1y":15},{"data":1000010,"lvl":9,"x":31,"y":8,"l1x":27,"l1y":15},{"data":1000010,"lvl":9,"x":30,"y":8,"l1x":5,"l1y":16},{"data":1000010,"lvl":10,"x":20,"y":30,"l1x":4,"l1y":16},{"data":1000010,"lvl":9,"x":29,"y":8,"l1x":4,"l1y":17},{"data":1000010,"lvl":10,"x":21,"y":30,"l1x":10,"l1y":11},{"data":1000010,"lvl":9,"x":28,"y":8,"l1x":4,"l1y":18},{"data":1000010,"lvl":9,"x":27,"y":8,"l1x":4,"l1y":19},{"data":1000010,"lvl":9,"x":26,"y":8,"l1x":4,"l1y":20},{"data":1000010,"lvl":10,"x":22,"y":30,"l1x":10,"l1y":12},{"data":1000010,"lvl":9,"x":25,"y":8,"l1x":4,"l1y":21},{"data":1000010,"lvl":10,"x":23,"y":30,"l1x":10,"l1y":13},{"data":1000010,"lvl":10,"x":24,"y":30,"l1x":10,"l1y":14},{"data":1000010,"lvl":9,"x":24,"y":8,"l1x":4,"l1y":22},{"data":1000010,"lvl":10,"x":25,"y":30,"l1x":10,"l1y":15},{"data":1000010,"lvl":9,"x":23,"y":8,"l1x":4,"l1y":23},{"data":1000010,"lvl":10,"x":30,"y":30,"l1x":4,"l1y":24},{"data":1000010,"lvl":10,"x":15,"y":17,"l1x":10,"l1y":16},{"data":1000010,"lvl":9,"x":22,"y":8,"l1x":8,"l1y":17},{"data":1000010,"lvl":10,"x":15,"y":16,"l1x":11,"l1y":16},{"data":1000010,"lvl":9,"x":21,"y":8,"l1x":8,"l1y":18},{"data":1000010,"lvl":10,"x":15,"y":15,"l1x":25,"l1y":17},{"data":1000010,"lvl":9,"x":20,"y":8,"l1x":8,"l1y":19},{"data":1000000,"lvl":7,"x":15,"y":3,"units":[[4000004,2],[4000013,1],[4000015,3]],"storage_type":0,"l1x":4,"l1y":31},{"data":1000010,"lvl":10,"x":16,"y":24,"l1x":8,"l1y":20},{"data":1000010,"lvl":10,"x":26,"y":30,"l1x":25,"l1y":16},{"data":1000010,"lvl":9,"x":19,"y":8,"l1x":8,"l1y":21},{"data":1000010,"lvl":9,"x":18,"y":8,"l1x":8,"l1y":22},{"data":1000008,"lvl":11,"x":9,"y":23,"l1x":30,"l1y":25},{"data":1000010,"lvl":10,"x":27,"y":30,"l1x":8,"l1y":23},{"data":1000010,"lvl":9,"x":17,"y":8,"l1x":8,"l1y":24},{"data":1000010,"lvl":9,"x":28,"y":37,"l1x":8,"l1y":25},{"data":1000010,"lvl":10,"x":28,"y":30,"l1x":9,"l1y":25},{"data":1000010,"lvl":10,"x":29,"y":30,"l1x":25,"l1y":15},{"data":1000010,"lvl":10,"x":15,"y":28,"l1x":10,"l1y":25},{"data":1000010,"lvl":9,"x":27,"y":37,"l1x":10,"l1y":26},{"data":1000010,"lvl":9,"x":26,"y":37,"l1x":11,"l1y":26},{"data":1000010,"lvl":10,"x":16,"y":28,"l1x":25,"l1y":14},{"data":1000010,"lvl":10,"x":17,"y":28,"l1x":24,"l1y":14},{"data":1000010,"lvl":10,"x":18,"y":28,"l1x":11,"l1y":27},{"data":1000010,"lvl":10,"x":19,"y":28,"l1x":23,"l1y":14},{"data":1000010,"lvl":9,"x":25,"y":37,"l1x":11,"l1y":28},{"data":1000010,"lvl":9,"x":24,"y":37,"l1x":4,"l1y":25},{"data":1000010,"lvl":10,"x":20,"y":28,"l1x":22,"l1y":14},{"data":1000010,"lvl":9,"x":23,"y":37,"l1x":5,"l1y":25},{"data":1000010,"lvl":9,"x":22,"y":37,"l1x":6,"l1y":25},{"data":1000010,"lvl":10,"x":21,"y":28,"l1x":21,"l1y":14},{"data":1000010,"lvl":9,"x":21,"y":37,"l1x":7,"l1y":25},{"data":1000010,"lvl":10,"x":22,"y":28,"l1x":21,"l1y":13},{"data":1000010,"lvl":10,"x":23,"y":28,"l1x":21,"l1y":12},{"data":1000010,"lvl":9,"x":20,"y":37,"l1x":7,"l1y":26},{"data":1000010,"lvl":10,"x":24,"y":28,"l1x":20,"l1y":12},{"data":1000010,"lvl":10,"x":24,"y":27,"l1x":19,"l1y":12},{"data":1000010,"lvl":10,"x":24,"y":26,"l1x":18,"l1y":12},{"data":1000010,"lvl":9,"x":19,"y":37,"l1x":7,"l1y":27},{"data":1000010,"lvl":10,"x":24,"y":25,"l1x":16,"l1y":12},{"data":1000010,"lvl":10,"x":30,"y":29,"l1x":7,"l1y":28},{"data":1000010,"lvl":10,"x":28,"y":15,"l1x":17,"l1y":12},{"data":1000010,"lvl":10,"x":28,"y":16,"l1x":17,"l1y":13},{"data":1000010,"lvl":10,"x":28,"y":17,"l1x":7,"l1y":29},{"data":1000010,"lvl":10,"x":28,"y":18,"l1x":7,"l1y":30},{"data":1000010,"lvl":10,"x":28,"y":19,"l1x":17,"l1y":14},{"data":1000010,"lvl":9,"x":15,"y":33,"l1x":8,"l1y":30},{"data":1000010,"lvl":9,"x":15,"y":34,"l1x":9,"l1y":30},{"data":1000010,"lvl":9,"x":15,"y":35,"l1x":10,"l1y":30},{"data":1000010,"lvl":9,"x":15,"y":36,"l1x":11,"l1y":30},{"data":1000009,"lvl":12,"x":9,"y":32,"l1x":7,"l1y":13},{"data":1000013,"lvl":7,"x":9,"y":9,"l1x":26,"l1y":26},{"data":1000012,"lvl":7,"x":27,"y":27,"l1x":26,"l1y":16},{"data":1000011,"lvl":7,"x":31,"y":25,"l1x":20,"l1y":9},{"data":1000010,"lvl":10,"x":28,"y":20,"l1x":16,"l1y":14},{"data":1000006,"lvl":9,"x":28,"y":31,"unit_prod":{"unit_type":0},"l1x":27,"l1y":35},{"data":1000012,"lvl":7,"x":18,"y":25,"l1x":16,"l1y":26},{"data":1000020,"lvl":4,"x":38,"y":24,"units":[[26000002,4],[26000005,1]],"storage_type":1,"unit_prod":{"unit_type":1},"l1x":33,"l1y":33},{"data":1000011,"lvl":7,"x":32,"y":12,"l1x":23,"l1y":11},{"data":1000010,"lvl":10,"x":28,"y":21,"l1x":15,"l1y":14},{"data":1000010,"lvl":10,"x":28,"y":22,"l1x":14,"l1y":14},{"data":1000010,"lvl":9,"x":18,"y":37,"l1x":11,"l1y":29},{"data":1000010,"lvl":10,"x":28,"y":23,"l1x":14,"l1y":15},{"data":1000010,"lvl":10,"x":28,"y":24,"l1x":14,"l1y":16},{"data":1000010,"lvl":10,"x":27,"y":24,"l1x":14,"l1y":17},{"data":1000010,"lvl":9,"x":17,"y":37,"l1x":12,"l1y":29},{"data":1000010,"lvl":10,"x":26,"y":24,"l1x":13,"l1y":17},{"data":1000010,"lvl":10,"x":25,"y":24,"l1x":12,"l1y":16},{"data":1000010,"lvl":9,"x":16,"y":37,"l1x":13,"l1y":29},{"data":1000010,"lvl":9,"x":15,"y":37,"l1x":14,"l1y":29},{"data":1000010,"lvl":10,"x":23,"y":24,"l1x":12,"l1y":17},{"data":1000010,"lvl":10,"x":22,"y":24,"l1x":12,"l1y":18},{"data":1000010,"lvl":9,"x":14,"y":37,"l1x":28,"l1y":21},{"data":1000010,"lvl":10,"x":21,"y":24,"l1x":12,"l1y":19},{"data":1000010,"lvl":9,"x":13,"y":37,"l1x":27,"l1y":21},{"data":1000010,"lvl":10,"x":20,"y":24,"l1x":12,"l1y":20},{"data":1000010,"lvl":10,"x":17,"y":24,"l1x":12,"l1y":21},{"data":1000010,"lvl":10,"x":18,"y":24,"l1x":13,"l1y":21},{"data":1000010,"lvl":10,"x":19,"y":24,"l1x":14,"l1y":21},{"data":1000010,"lvl":10,"x":19,"y":23,"l1x":14,"l1y":22},{"data":1000010,"lvl":10,"x":19,"y":22,"l1x":14,"l1y":23},{"data":1000010,"lvl":10,"x":19,"y":21,"l1x":26,"l1y":21},{"data":1000010,"lvl":10,"x":19,"y":20,"l1x":14,"l1y":24},{"data":1000010,"lvl":9,"x":12,"y":37,"l1x":21,"l1y":28},{"data":1000010,"lvl":10,"x":23,"y":19,"l1x":14,"l1y":25},{"data":1000010,"lvl":10,"x":22,"y":19,"l1x":15,"l1y":25},{"data":1000010,"lvl":9,"x":11,"y":37,"l1x":21,"l1y":27},{"data":1000010,"lvl":10,"x":21,"y":19,"l1x":16,"l1y":25},{"data":1000010,"lvl":10,"x":20,"y":19,"l1x":21,"l1y":26},{"data":1000010,"lvl":10,"x":19,"y":19,"l1x":17,"l1y":25},{"data":1000010,"lvl":10,"x":24,"y":24,"l1x":25,"l1y":18},{"data":1000010,"lvl":9,"x":10,"y":37,"l1x":30,"l1y":18},{"data":1000010,"lvl":10,"x":24,"y":23,"l1x":25,"l1y":19},{"data":1000010,"lvl":10,"x":24,"y":22,"l1x":25,"l1y":20},{"data":1000010,"lvl":10,"x":24,"y":21,"l1x":25,"l1y":21},{"data":1000010,"lvl":10,"x":8,"y":18,"l1x":31,"l1y":18},{"data":1000010,"lvl":10,"x":24,"y":20,"l1x":25,"l1y":22},{"data":1000010,"lvl":10,"x":24,"y":19,"l1x":25,"l1y":23},{"data":1000010,"lvl":10,"x":24,"y":18,"l1x":25,"l1y":24},{"data":1000010,"lvl":10,"x":24,"y":17,"l1x":18,"l1y":25},{"data":1000010,"lvl":9,"x":8,"y":19,"l1x":32,"l1y":18},{"data":1000010,"lvl":10,"x":24,"y":16,"l1x":19,"l1y":25},{"data":1000010,"lvl":10,"x":24,"y":15,"l1x":20,"l1y":25},{"data":1000010,"lvl":10,"x":23,"y":15,"l1x":21,"l1y":25},{"data":1000010,"lvl":10,"x":22,"y":15,"l1x":22,"l1y":25},{"data":1000010,"lvl":10,"x":21,"y":15,"l1x":23,"l1y":25},{"data":1000010,"lvl":10,"x":20,"y":15,"l1x":24,"l1y":25},{"data":1000010,"lvl":10,"x":19,"y":15,"l1x":25,"l1y":25},{"data":1000010,"lvl":10,"x":18,"y":15,"l1x":29,"l1y":16},{"data":1000015,"lvl":0,"x":10,"y":35,"l1x":28,"l1y":30},{"data":1000005,"lvl":10,"x":12,"y":9,"l1x":30,"l1y":22},{"data":1000009,"lvl":12,"x":16,"y":19,"l1x":30,"l1y":15},{"data":1000003,"lvl":10,"x":12,"y":25,"l1x":19,"l1y":30},{"data":1000011,"lvl":7,"x":25,"y":31,"l1x":9,"l1y":20},{"data":1000019,"lvl":7,"x":35,"y":9,"l1x":18,"l1y":16},{"data":1000019,"lvl":7,"x":26,"y":10,"l1x":20,"l1y":16},{"data":1000019,"lvl":7,"x":21,"y":10,"l1x":16,"l1y":18},{"data":1000015,"lvl":0,"x":12,"y":35,"l1x":28,"l1y":32},{"data":1000012,"lvl":7,"x":25,"y":18,"l1x":18,"l1y":13},{"data":1000021,"lvl":3,"x":21,"y":25,"attack_mode":false,"attack_mode_war":false,"attack_mode_draft":false,"attack_mode_draft_war":false,"ammo":1322,"l1x":15,"l1y":15},{"data":1000019,"lvl":7,"x":15,"y":13,"l1x":16,"l1y":20},{"data":1000008,"lvl":11,"x":9,"y":15,"l1x":25,"l1y":30},{"data":1000010,"lvl":10,"x":17,"y":15,"l1x":29,"l1y":17},{"data":1000010,"lvl":10,"x":16,"y":15,"l1x":29,"l1y":18},{"data":1000010,"lvl":10,"x":15,"y":18,"l1x":29,"l1y":19},{"data":1000010,"lvl":9,"x":8,"y":20,"l1x":33,"l1y":16},{"data":1000010,"lvl":9,"x":8,"y":21,"l1x":33,"l1y":17},{"data":1000010,"lvl":10,"x":15,"y":19,"l1x":17,"l1y":29},{"data":1000010,"lvl":9,"x":8,"y":22,"l1x":33,"l1y":18},{"data":1000010,"lvl":9,"x":8,"y":23,"l1x":33,"l1y":19},{"data":1000010,"lvl":9,"x":8,"y":24,"l1x":33,"l1y":20},{"data":1000010,"lvl":10,"x":15,"y":20,"l1x":18,"l1y":29},{"data":1000010,"lvl":10,"x":15,"y":21,"l1x":29,"l1y":20},{"data":1000010,"lvl":10,"x":15,"y":22,"l1x":29,"l1y":21},{"data":1000010,"lvl":9,"x":8,"y":25,"l1x":33,"l1y":21},{"data":1000010,"lvl":10,"x":15,"y":23,"l1x":29,"l1y":22},{"data":1000010,"lvl":10,"x":15,"y":24,"l1x":33,"l1y":22},{"data":1000010,"lvl":10,"x":16,"y":8,"l1x":29,"l1y":23},{"data":1000010,"lvl":10,"x":15,"y":8,"l1x":33,"l1y":23},{"data":1000010,"lvl":9,"x":8,"y":26,"l1x":33,"l1y":24},{"data":1000010,"lvl":9,"x":8,"y":27,"l1x":33,"l1y":25},{"data":1000010,"lvl":10,"x":14,"y":8,"l1x":29,"l1y":24},{"data":1000010,"lvl":9,"x":8,"y":28,"l1x":34,"l1y":27},{"data":1000010,"lvl":10,"x":13,"y":8,"l1x":29,"l1y":25},{"data":1000010,"lvl":10,"x":12,"y":8,"l1x":29,"l1y":26},{"data":1000010,"lvl":9,"x":8,"y":29,"l1x":18,"l1y":30},{"data":1000010,"lvl":9,"x":10,"y":31,"l1x":18,"l1y":31},{"data":1000009,"lvl":12,"x":20,"y":12,"l1x":15,"l1y":30},{"data":1000005,"lvl":10,"x":9,"y":12,"l1x":22,"l1y":30},{"data":1000003,"lvl":10,"x":25,"y":12,"l1x":12,"l1y":30},{"data":1000021,"lvl":3,"x":16,"y":16,"attack_mode":false,"attack_mode_war":false,"attack_mode_draft":false,"attack_mode_draft_war":false,"ammo":1206,"l1x":22,"l1y":18},{"data":1000023,"lvl":5,"x":12,"y":28,"res_time":57528,"l1x":7,"l1y":7},{"data":1000024,"lvl":5,"x":12,"y":22,"l1x":11,"l1y":11},{"data":1000022,"lvl":0,"x":21,"y":21,"l1x":26,"l1y":22},{"data":1000025,"lvl":0,"x":23,"y":4,"l1x":22,"l1y":26},{"data":1000023,"lvl":5,"x":10,"y":4,"res_time":57291,"l1x":35,"l1y":19},{"data":1000026,"lvl":5,"x":28,"y":9,"unit_prod":{"unit_type":0,"t":0,"slots":[{"id":4000015,"cnt":3}]},"l1x":33,"l1y":30},{"data":1000010,"lvl":9,"x":11,"y":31,"l1x":18,"l1y":32},{"data":1000010,"lvl":9,"x":12,"y":31,"l1x":15,"l1y":33},{"data":1000010,"lvl":9,"x":13,"y":31,"l1x":16,"l1y":33},{"data":1000010,"lvl":9,"x":8,"y":33,"l1x":17,"l1y":33},{"data":1000010,"lvl":10,"x":11,"y":8,"l1x":29,"l1y":27},{"data":1000010,"lvl":10,"x":10,"y":8,"l1x":29,"l1y":28},{"data":1000010,"lvl":10,"x":9,"y":8,"l1x":19,"l1y":29},{"data":1000010,"lvl":9,"x":8,"y":34,"l1x":18,"l1y":33},{"data":1000010,"lvl":10,"x":25,"y":25,"l1x":19,"l1y":33},{"data":1000010,"lvl":9,"x":8,"y":35,"l1x":20,"l1y":33},{"data":1000010,"lvl":10,"x":8,"y":17,"l1x":20,"l1y":29},{"data":1000010,"lvl":10,"x":8,"y":16,"l1x":21,"l1y":29},{"data":1000010,"lvl":9,"x":27,"y":25,"l1x":21,"l1y":33},{"data":1000010,"lvl":10,"x":8,"y":15,"l1x":22,"l1y":29},{"data":1000010,"lvl":10,"x":8,"y":14,"l1x":23,"l1y":29},{"data":1000010,"lvl":10,"x":8,"y":13,"l1x":24,"l1y":29},{"data":1000010,"lvl":9,"x":27,"y":26,"l1x":22,"l1y":33},{"data":1000010,"lvl":10,"x":8,"y":12,"l1x":25,"l1y":29},{"data":1000010,"lvl":9,"x":26,"y":26,"l1x":23,"l1y":33},{"data":1000010,"lvl":10,"x":8,"y":11,"l1x":26,"l1y":29},{"data":1000010,"lvl":10,"x":8,"y":10,"l1x":27,"l1y":29},{"data":1000010,"lvl":10,"x":8,"y":9,"l1x":28,"l1y":29},{"data":1000010,"lvl":9,"x":26,"y":27,"l1x":24,"l1y":33},{"data":1000010,"lvl":9,"x":25,"y":27,"l1x":25,"l1y":33},{"data":1000010,"lvl":10,"x":8,"y":8,"l1x":29,"l1y":29},{"data":1000026,"lvl":5,"x":9,"y":28,"unit_prod":{"unit_type":0,"t":0,"slots":[{"id":4000013,"cnt":3}]},"l1x":30,"l1y":33},{"data":1000011,"lvl":7,"x":12,"y":32,"l1x":11,"l1y":23},{"data":1000012,"lvl":7,"x":12,"y":12,"l1x":13,"l1y":18},{"data":1000027,"lvl":2,"x":5,"y":20,"attack_mode":true,"attack_mode_war":true,"attack_mode_draft":true,"attack_mode_draft_war":true,"ammo":706,"l1x":26,"l1y":19},{"data":1000008,"lvl":11,"x":15,"y":9,"l1x":9,"l1y":31},{"data":1000009,"lvl":12,"x":12,"y":15,"l1x":30,"l1y":30},{"data":1000023,"lvl":5,"x":4,"y":10,"res_time":57290,"l1x":19,"l1y":35},{"data":1000027,"lvl":2,"x":38,"y":36,"attack_mode":false,"attack_mode_war":true,"attack_mode_draft":false,"attack_mode_draft_war":true,"ammo":662,"l1x":19,"l1y":26},{"data":1000021,"lvl":3,"x":25,"y":21,"attack_mode":false,"attack_mode_war":false,"attack_mode_draft":false,"attack_mode_draft_war":false,"ammo":1292,"l1x":18,"l1y":22},{"data":1000002,"lvl":10,"x":5,"y":5,"res_time":179689,"l1x":15,"l1y":34},{"data":1000004,"lvl":10,"x":5,"y":22,"res_time":179331,"l1x":12,"l1y":36}],"obstacles":[{"data":8000000,"x":0,"y":5,"l1x":-1,"l1y":-1,"loot_multiply_ver":1},{"data":8000004,"x":42,"y":31,"l1x":-1,"l1y":-1,"loot_multiply_ver":1},{"data":8000006,"x":2,"y":42,"l1x":-1,"l1y":-1,"loot_multiply_ver":1},{"data":8000000,"x":0,"y":13,"l1x":-1,"l1y":-1,"loot_multiply_ver":1},{"data":8000008,"x":2,"y":0,"l1x":-1,"l1y":-1,"loot_multiply_ver":1},{"data":8000006,"x":0,"y":18,"l1x":-1,"l1y":-1,"loot_multiply_ver":1},{"data":8000010,"x":42,"y":37,"l1x":-1,"l1y":-1,"loot_multiply_ver":1},{"data":8000007,"x":5,"y":0,"l1x":-1,"l1y":-1,"loot_multiply_ver":1},{"data":8000000,"x":42,"y":23,"l1x":-1,"l1y":-1,"loot_multiply_ver":1},{"data":8000006,"x":12,"y":42,"l1x":-1,"l1y":-1,"loot_multiply_ver":1},{"data":8000000,"x":42,"y":10,"l1x":-1,"l1y":-1,"loot_multiply_ver":1},{"data":8000000,"x":39,"y":42,"l1x":-1,"l1y":-1,"loot_multiply_ver":1},{"data":8000006,"x":15,"y":42,"l1x":-1,"l1y":-1,"loot_multiply_ver":1},{"data":8000006,"x":42,"y":28,"l1x":-1,"l1y":-1,"loot_multiply_ver":1},{"data":8000000,"x":0,"y":29,"l1x":-1,"l1y":-1,"loot_multiply_ver":2},{"data":8000010,"x":18,"y":0,"l1x":-1,"l1y":-1,"loot_multiply_ver":2},{"data":8000000,"x":0,"y":34,"l1x":-1,"l1y":-1,"loot_multiply_ver":2},{"data":8000007,"x":42,"y":7,"l1x":-1,"l1y":-1,"loot_multiply_ver":2},{"data":8000007,"x":36,"y":42,"l1x":-1,"l1y":-1,"loot_multiply_ver":2},{"data":8000007,"x":10,"y":0,"l1x":-1,"l1y":-1,"loot_multiply_ver":2},{"data":8000004,"x":32,"y":0,"l1x":-1,"l1y":-1,"loot_multiply_ver":2},{"data":8000007,"x":13,"y":0,"l1x":-1,"l1y":-1,"loot_multiply_ver":2},{"data":8000004,"x":18,"y":42,"l1x":-1,"l1y":-1,"loot_multiply_ver":2},{"data":8000000,"x":23,"y":0,"l1x":-1,"l1y":-1,"loot_multiply_ver":2},{"data":8000004,"x":36,"y":0,"l1x":-1,"l1y":-1,"loot_multiply_ver":2},{"data":8000010,"x":22,"y":42,"l1x":-1,"l1y":-1,"loot_multiply_ver":2},{"data":8000007,"x":42,"y":13,"l1x":-1,"l1y":-1,"loot_multiply_ver":2},{"data":8000006,"x":42,"y":16,"l1x":-1,"l1y":-1,"loot_multiply_ver":2},{"data":8000000,"x":42,"y":0,"l1x":-1,"l1y":-1,"loot_multiply_ver":2},{"data":8000006,"x":42,"y":19,"l1x":-1,"l1y":-1,"loot_multiply_ver":2},{"data":8000000,"x":28,"y":42,"l1x":-1,"l1y":-1,"loot_multiply_ver":2},{"data":8000000,"x":25,"y":42,"l1x":-1,"l1y":-1,"loot_multiply_ver":2},{"data":8000006,"x":6,"y":38,"l1x":-1,"l1y":-1,"loot_multiply_ver":2}],"traps":[{"data":12000006,"lvl":2,"x":36,"y":14,"l1x":24,"l1y":21},{"data":12000006,"lvl":2,"x":36,"y":36,"l1x":21,"l1y":24},{"data":12000006,"lvl":2,"x":14,"y":35,"l1x":21,"l1y":15},{"data":12000006,"lvl":2,"x":25,"y":7,"l1x":15,"l1y":21},{"data":12000006,"lvl":2,"x":13,"y":7,"l1x":27,"l1y":25},{"data":12000001,"lvl":0,"x":36,"y":7,"l1x":37,"l1y":22},{"data":12000001,"lvl":0,"x":38,"y":8,"l1x":22,"l1y":37},{"data":12000002,"lvl":3,"x":28,"y":25,"l1x":23,"l1y":9},{"data":12000002,"lvl":3,"x":10,"y":21,"l1x":9,"l1y":23},{"data":12000002,"lvl":3,"x":23,"y":13,"l1x":14,"l1y":12},{"data":12000002,"lvl":3,"x":13,"y":5,"l1x":12,"l1y":14},{"data":12000002,"lvl":3,"x":4,"y":8,"l1x":32,"l1y":28},{"data":12000001,"lvl":0,"needs_repair":true,"x":38,"y":15,"l1x":28,"l1y":19},{"data":12000001,"lvl":0,"needs_repair":true,"x":14,"y":21,"l1x":28,"l1y":20},{"data":12000001,"lvl":0,"x":21,"y":7,"l1x":19,"l1y":28},{"data":12000001,"lvl":0,"x":8,"y":7,"l1x":20,"l1y":28},{"data":12000000,"lvl":5,"x":15,"y":12,"l1x":26,"l1y":25},{"data":12000000,"lvl":4,"needs_repair":true,"x":26,"y":9,"l1x":37,"l1y":26},{"data":12000000,"lvl":4,"needs_repair":true,"x":9,"y":26,"l1x":26,"l1y":37},{"data":12000000,"lvl":4,"needs_repair":true,"x":22,"y":9,"l1x":25,"l1y":28},{"data":12000000,"lvl":4,"needs_repair":true,"x":21,"y":9,"l1x":28,"l1y":25},{"data":12000000,"lvl":5,"x":16,"y":12,"l1x":25,"l1y":26},{"data":12000005,"lvl":3,"x":24,"y":12,"l1x":34,"l1y":18},{"data":12000005,"lvl":3,"x":9,"y":27,"l1x":18,"l1y":34},{"data":12000005,"lvl":3,"x":32,"y":35,"l1x":22,"l1y":12},{"data":12000005,"lvl":3,"x":9,"y":36,"l1x":12,"l1y":22},{"data":12000005,"lvl":3,"x":7,"y":11,"l1x":25,"l1y":27}],"decos":[{"data":18000013,"x":38,"y":38,"l1x":36,"l1y":36},{"data":18000007,"x":28,"y":40,"l1x":19,"l1y":38},{"data":18000010,"x":40,"y":40,"l1x":38,"l1y":38},{"data":18000008,"x":2,"y":40,"l1x":29,"l1y":38},{"data":18000001,"x":39,"y":34,"l1x":37,"l1y":17},{"data":18000001,"x":35,"y":39,"l1x":30,"l1y":36},{"data":18000001,"x":40,"y":37,"l1x":36,"l1y":34},{"data":18000001,"x":37,"y":40,"l1x":34,"l1y":36},{"data":18000009,"x":40,"y":2,"l1x":38,"l1y":29},{"data":18000005,"x":38,"y":2,"l1x":10,"l1y":4},{"data":18000005,"x":40,"y":4,"l1x":6,"l1y":4},{"data":18000005,"x":4,"y":40,"l1x":4,"l1y":10},{"data":18000005,"x":2,"y":38,"l1x":4,"l1y":6},{"data":18000003,"x":2,"y":23,"l1x":27,"l1y":38},{"data":18000006,"x":2,"y":25,"l1x":12,"l1y":4},{"data":18000006,"x":7,"y":2,"l1x":8,"l1y":4},{"data":18000006,"x":2,"y":8,"l1x":4,"l1y":12},{"data":18000006,"x":4,"y":38,"l1x":4,"l1y":8},{"data":18000004,"x":2,"y":2,"l1x":36,"l1y":30},{"data":18000033,"x":2,"y":5,"l1x":36,"l1y":32},{"data":18000000,"x":4,"y":2,"l1x":32,"l1y":36},{"data":18000017,"x":7,"y":40,"l1x":10,"l1y":37},{"data":18000016,"x":10,"y":40,"l1x":21,"l1y":38},{"data":18000022,"x":25,"y":40,"l1x":38,"l1y":21},{"data":18000012,"x":19,"y":40,"l1x":23,"l1y":38},{"data":18000011,"x":22,"y":40,"l1x":25,"l1y":38},{"data":18000030,"x":27,"y":2,"l1x":38,"l1y":27},{"data":18000035,"x":2,"y":11,"l1x":4,"l1y":14},{"data":18000025,"x":2,"y":28,"l1x":38,"l1y":23},{"data":18000020,"x":38,"y":28,"l1x":38,"l1y":19},{"data":18000023,"x":40,"y":18,"l1x":36,"l1y":5},{"data":18000031,"x":24,"y":2,"l1x":34,"l1y":2},{"data":18000034,"x":2,"y":21,"l1x":2,"l1y":32},{"data":18000019,"x":40,"y":28,"l1x":37,"l1y":15},{"data":18000036,"x":2,"y":13,"l1x":14,"l1y":4},{"data":18000015,"x":16,"y":40,"l1x":15,"l1y":37},{"data":18000018,"x":40,"y":21,"l1x":37,"l1y":10},{"data":18000029,"x":36,"y":4,"l1x":38,"l1y":25},{"data":18000024,"x":40,"y":12,"l1x":7,"l1y":36},{"data":18000021,"x":40,"y":15,"l1x":36,"l1y":7},{"data":18000032,"x":21,"y":2,"l1x":2,"l1y":34},{"data":18000014,"x":13,"y":40,"l1x":17,"l1y":37},{"data":18000026,"x":40,"y":9,"l1x":36,"l1y":3},{"data":18000027,"x":40,"y":6,"l1x":5,"l1y":36},{"data":18000028,"x":36,"y":2,"l1x":3,"l1y":36}],"respawnVars":{"secondsFromLastRespawn":3398,"respawnSeed":-57525012,"obstacleClearCounter":13,"time_to_gembox_drop":3635,"time_in_gembox_period":136800},"cooldowns":[{"cooldown":422318,"target":20000001},{"cooldown":6295693,"target":20000000}],"newShopBuildings":[4,0,7,4,7,4,4,1,6,7,250,4,4,3,1,5,0,0,0,4,1,3,1,3,1,1,2,2],"newShopTraps":[6,6,5,0,0,5,5,0],"newShopDecos":[1,4,0,1,1,4,4,1,1,1,1,1,1,1,1,1,1,1,1,1,1,1,1,1,1,1,1,1,1,1,1,1,1,1,1,1,1],"last_league_rank":16,"last_league_shuffle":1,"last_news_seen":81,"edit_mode_shown":true,"troop_req_msg":"lava","war_req_msg":"SOLO MAGHI GRZ","war_tutorials_seen":0,"war_base":true}