{"buildings":[{"data":1000001,"lvl":9,"x":21,"y":21,"l1x":20,"l1y":20},{"data":1000004,"lvl":10,"x":28,"y":3,"res_time":110226,"l1x":23,"l1y":37},{"data":1000000,"lvl":7,"x":7,"y":31,"units":[[4000009,2],[4000000,2],[4000001,6],[4000006,3]],"storage_type":0,"l1x":12,"l1y":35},{"data":1000015,"lvl":0,"x":23,"y":7,"l1x":34,"l1y":13},{"data":1000014,"lvl":5,"x":17,"y":17,"l1x":16,"l1y":20},{"data":1000008,"lvl":11,"x":9,"y":21,"l1x":13,"l1y":9},{"data":1000015,"lvl":0,"x":18,"y":7,"l1x":14,"l1y":27},{"data":1000002,"lvl":10,"x":12,"y":33,"res_time":169901,"l1x":32,"l1y":37},{"data":1000003,"lvl":10,"x":16,"y":13,"l1x":11,"l1y":27},{"data":1000005,"lvl":10,"x":13,"y":28,"l1x":37,"l1y":37},{"data":1000006,"lvl":9,"x":3,"y":28,"unit_prod":{"unit_type":0},"l1x":18,"l1y":37},{"data":1000002,"lvl":10,"x":33,"y":12,"res_time":169914,"l1x":37,"l1y":9},{"data":1000006,"lvl":9,"x":3,"y":23,"unit_prod":{"unit_type":0},"l1x":37,"l1y":18},{"data":1000009,"lvl":12,"x":9,"y":17,"l1x":11,"l1y":30},{"data":1000015,"lvl":0,"x":12,"y":10,"l1x":16,"l1y":9},{"data":1000010,"lvl":10,"x":14,"y":3,"l1x":10,"l1y":27},{"data":1000010,"lvl":10,"x":14,"y":4,"l1x":10,"l1y":28},{"data":1000010,"lvl":10,"x":14,"y":5,"l1x":10,"l1y":29},{"data":1000010,"lvl":10,"x":2,"y":16,"l1x":10,"l1y":30},{"data":1000010,"lvl":10,"x":3,"y":16,"l1x":10,"l1y":31},{"data":1000004,"lvl":10,"x":19,"y":3,"res_time":119413,"l1x":37,"l1y":32},{"data":1000010,"lvl":10,"x":4,"y":16,"l1x":10,"l1y":32},{"data":1000010,"lvl":10,"x":5,"y":16,"l1x":10,"l1y":33},{"data":1000010,"lvl":10,"x":11,"y":16,"l1x":11,"l1y":33},{"data":1000010,"lvl":10,"x":10,"y":16,"l1x":12,"l1y":33},{"data":1000010,"lvl":10,"x":9,"y":16,"l1x":13,"l1y":33},{"data":1000010,"lvl":10,"x":8,"y":16,"l1x":14,"l1y":33},{"data":1000010,"lvl":10,"x":7,"y":16,"l1x":15,"l1y":33},{"data":1000010,"lvl":10,"x":6,"y":16,"l1x":16,"l1y":33},{"data":1000010,"lvl":10,"x":6,"y":17,"l1x":17,"l1y":33},{"data":1000010,"lvl":10,"x":6,"y":18,"l1x":20,"l1y":9},{"data":1000010,"lvl":10,"x":6,"y":19,"l1x":19,"l1y":9},{"data":1000010,"lvl":10,"x":6,"y":20,"l1x":18,"l1y":9},{"data":1000010,"lvl":10,"x":6,"y":21,"l1x":18,"l1y":8},{"data":1000010,"lvl":10,"x":6,"y":22,"l1x":17,"l1y":8},{"data":1000010,"lvl":10,"x":6,"y":23,"l1x":16,"l1y":8},{"data":1000008,"lvl":11,"x":20,"y":9,"l1x":10,"l1y":12},{"data":1000000,"lvl":7,"x":31,"y":7,"units":[[4000013,2]],"storage_type":0,"l1x":37,"l1y":22},{"data":1000002,"lvl":10,"x":8,"y":7,"res_time":165127,"l1x":16,"l1y":4},{"data":1000004,"lvl":10,"x":11,"y":7,"res_time":122097,"l1x":36,"l1y":13},{"data":1000005,"lvl":10,"x":28,"y":13,"l1x":37,"l1y":4},{"data":1000003,"lvl":10,"x":30,"y":27,"l1x":28,"l1y":14},{"data":1000013,"lvl":7,"x":21,"y":17,"l1x":34,"l1y":8},{"data":1000015,"lvl":0,"x":7,"y":19,"l1x":26,"l1y":15},{"data":1000006,"lvl":9,"x":3,"y":18,"unit_prod":{"unit_type":0},"l1x":21,"l1y":4},{"data":1000015,"lvl":0,"x":7,"y":23,"l1x":23,"l1y":32},{"data":1000002,"lvl":10,"x":6,"y":10,"res_time":165126,"l1x":4,"l1y":9},{"data":1000009,"lvl":12,"x":9,"y":27,"l1x":9,"l1y":9},{"data":1000012,"lvl":7,"x":13,"y":20,"l1x":13,"l1y":12},{"data":1000007,"lvl":7,"x":37,"y":37,"l1x":4,"l1y":27},{"data":1000011,"lvl":7,"x":9,"y":24,"l1x":9,"l1y":20},{"data":1000000,"lvl":7,"x":15,"y":35,"units":[[4000009,1],[4000004,9]],"storage_type":0,"l1x":26,"l1y":4},{"data":1000020,"lvl":4,"x":38,"y":22,"units":[[26000005,1],[26000000,1],[26000002,3]],"storage_type":1,"unit_prod":{"unit_type":1},"l1x":12,"l1y":4},{"data":1000009,"lvl":12,"x":15,"y":9,"l1x":9,"l1y":16},{"data":1000004,"lvl":10,"x":8,"y":13,"res_time":91062,"l1x":32,"l1y":5},{"data":1000013,"lvl":7,"x":17,"y":21,"l1x":8,"l1y":34},{"data":1000004,"lvl":10,"x":9,"y":10,"res_time":122099,"l1x":9,"l1y":4},{"data":1000008,"lvl":11,"x":33,"y":21,"l1x":12,"l1y":20},{"data":1000002,"lvl":10,"x":5,"y":13,"res_time":165128,"l1x":4,"l1y":13},{"data":1000002,"lvl":10,"x":20,"y":38,"res_time":170638,"l1x":15,"l1y":29},{"data":1000004,"lvl":10,"x":34,"y":38,"res_time":129582,"l1x":5,"l1y":32},{"data":1000005,"lvl":10,"x":24,"y":33,"l1x":4,"l1y":4},{"data":1000003,"lvl":10,"x":27,"y":30,"l1x":23,"l1y":29},{"data":1000008,"lvl":11,"x":21,"y":33,"l1x":26,"l1y":11},{"data":1000008,"lvl":11,"x":27,"y":33,"l1x":19,"l1y":27},{"data":1000009,"lvl":12,"x":26,"y":9,"l1x":30,"l1y":11},{"data":1000009,"lvl":12,"x":30,"y":23,"l1x":31,"l1y":29},{"data":1000012,"lvl":7,"x":19,"y":13,"l1x":12,"l1y":23},{"data":1000013,"lvl":7,"x":30,"y":30,"l1x":32,"l1y":32},{"data":1000011,"lvl":7,"x":23,"y":9,"l1x":19,"l1y":32},{"data":1000011,"lvl":7,"x":26,"y":23,"l1x":32,"l1y":21},{"data":1000009,"lvl":12,"x":23,"y":30,"l1x":23,"l1y":25},{"data":1000005,"lvl":10,"x":33,"y":30,"l1x":4,"l1y":37},{"data":1000012,"lvl":7,"x":29,"y":17,"l1x":27,"l1y":29},{"data":1000024,"lvl":5,"x":13,"y":16,"l1x":27,"l1y":25},{"data":1000003,"lvl":10,"x":33,"y":24,"l1x":32,"l1y":25},{"data":1000023,"lvl":5,"x":30,"y":33,"res_time":47501,"l1x":9,"l1y":23},{"data":1000023,"lvl":5,"x":30,"y":38,"res_time":47501,"l1x":28,"l1y":32},{"data":1000021,"lvl":3,"x":25,"y":17,"attack_mode":false,"attack_mode_war":false,"attack_mode_draft":false,"attack_mode_draft_war":false,"ammo":1500,"l1x":22,"l1y":14},{"data":1000019,"lvl":7,"x":23,"y":37,"l1x":30,"l1y":25},{"data":1000021,"lvl":3,"x":17,"y":25,"attack_mode":false,"attack_mode_war":false,"attack_mode_draft":false,"attack_mode_draft_war":false,"ammo":1500,"l1x":25,"l1y":21},{"data":1000019,"lvl":7,"x":37,"y":20,"l1x":19,"l1y":10},{"data":1000010,"lvl":10,"x":6,"y":24,"l1x":15,"l1y":8},{"data":1000010,"lvl":10,"x":6,"y":25,"l1x":14,"l1y":8},{"data":1000010,"lvl":10,"x":6,"y":26,"l1x":13,"l1y":8},{"data":1000010,"lvl":10,"x":6,"y":27,"l1x":12,"l1y":8},{"data":1000010,"lvl":10,"x":6,"y":28,"l1x":11,"l1y":8},{"data":1000010,"lvl":10,"x":6,"y":29,"l1x":10,"l1y":8},{"data":1000010,"lvl":10,"x":6,"y":30,"l1x":9,"l1y":8},{"data":1000010,"lvl":10,"x":7,"y":30,"l1x":8,"l1y":8},{"data":1000010,"lvl":10,"x":8,"y":30,"l1x":8,"l1y":9},{"data":1000010,"lvl":10,"x":9,"y":30,"l1x":8,"l1y":10},{"data":1000010,"lvl":10,"x":10,"y":30,"l1x":8,"l1y":11},{"data":1000010,"lvl":10,"x":11,"y":30,"l1x":8,"l1y":12},{"data":1000010,"lvl":10,"x":29,"y":6,"l1x":8,"l1y":14},{"data":1000010,"lvl":10,"x":28,"y":6,"l1x":8,"l1y":13},{"data":1000010,"lvl":10,"x":27,"y":6,"l1x":9,"l1y":15},{"data":1000010,"lvl":10,"x":26,"y":6,"l1x":8,"l1y":15},{"data":1000010,"lvl":10,"x":25,"y":6,"l1x":8,"l1y":16},{"data":1000010,"lvl":10,"x":24,"y":6,"l1x":8,"l1y":17},{"data":1000010,"lvl":10,"x":23,"y":6,"l1x":8,"l1y":18},{"data":1000010,"lvl":10,"x":22,"y":6,"l1x":8,"l1y":19},{"data":1000010,"lvl":10,"x":21,"y":6,"l1x":8,"l1y":20},{"data":1000010,"lvl":10,"x":20,"y":6,"l1x":8,"l1y":21},{"data":1000010,"lvl":10,"x":19,"y":6,"l1x":8,"l1y":22},{"data":1000010,"lvl":10,"x":18,"y":6,"l1x":8,"l1y":23},{"data":1000010,"lvl":10,"x":17,"y":6,"l1x":8,"l1y":24},{"data":1000010,"lvl":10,"x":16,"y":6,"l1x":8,"l1y":25},{"data":1000010,"lvl":10,"x":15,"y":6,"l1x":8,"l1y":26},{"data":1000010,"lvl":10,"x":14,"y":6,"l1x":9,"l1y":26},{"data":1000010,"lvl":10,"x":14,"y":7,"l1x":10,"l1y":26},{"data":1000010,"lvl":10,"x":14,"y":8,"l1x":11,"l1y":26},{"data":1000010,"lvl":10,"x":14,"y":9,"l1x":12,"l1y":26},{"data":1000010,"lvl":10,"x":14,"y":10,"l1x":13,"l1y":26},{"data":1000010,"lvl":10,"x":14,"y":11,"l1x":14,"l1y":26},{"data":1000010,"lvl":10,"x":29,"y":7,"l1x":9,"l1y":19},{"data":1000010,"lvl":10,"x":29,"y":8,"l1x":10,"l1y":19},{"data":1000010,"lvl":10,"x":29,"y":9,"l1x":11,"l1y":19},{"data":1000010,"lvl":10,"x":29,"y":10,"l1x":12,"l1y":19},{"data":1000010,"lvl":10,"x":29,"y":11,"l1x":13,"l1y":19},{"data":1000010,"lvl":10,"x":30,"y":12,"l1x":14,"l1y":19},{"data":1000010,"lvl":10,"x":29,"y":12,"l1x":10,"l1y":15},{"data":1000010,"lvl":10,"x":28,"y":12,"l1x":11,"l1y":15},{"data":1000010,"lvl":10,"x":27,"y":12,"l1x":12,"l1y":15},{"data":1000010,"lvl":10,"x":26,"y":12,"l1x":13,"l1y":15},{"data":1000010,"lvl":10,"x":25,"y":12,"l1x":14,"l1y":15},{"data":1000010,"lvl":10,"x":24,"y":12,"l1x":15,"l1y":15},{"data":1000010,"lvl":10,"x":23,"y":12,"l1x":16,"l1y":15},{"data":1000010,"lvl":10,"x":22,"y":12,"l1x":26,"l1y":10},{"data":1000010,"lvl":10,"x":21,"y":12,"l1x":27,"l1y":10},{"data":1000010,"lvl":10,"x":20,"y":12,"l1x":28,"l1y":10},{"data":1000010,"lvl":10,"x":19,"y":12,"l1x":29,"l1y":10},{"data":1000010,"lvl":10,"x":18,"y":12,"l1x":30,"l1y":10},{"data":1000010,"lvl":10,"x":17,"y":12,"l1x":31,"l1y":10},{"data":1000010,"lvl":10,"x":16,"y":12,"l1x":32,"l1y":10},{"data":1000010,"lvl":10,"x":15,"y":12,"l1x":33,"l1y":10},{"data":1000010,"lvl":10,"x":14,"y":12,"l1x":33,"l1y":11},{"data":1000010,"lvl":10,"x":13,"y":12,"l1x":33,"l1y":12},{"data":1000010,"lvl":10,"x":13,"y":13,"l1x":33,"l1y":13},{"data":1000010,"lvl":10,"x":12,"y":13,"l1x":33,"l1y":14},{"data":1000010,"lvl":10,"x":12,"y":14,"l1x":33,"l1y":15},{"data":1000010,"lvl":10,"x":12,"y":15,"l1x":35,"l1y":34},{"data":1000010,"lvl":10,"x":12,"y":16,"l1x":35,"l1y":33},{"data":1000010,"lvl":10,"x":12,"y":17,"l1x":35,"l1y":32},{"data":1000010,"lvl":10,"x":12,"y":18,"l1x":35,"l1y":31},{"data":1000010,"lvl":10,"x":12,"y":19,"l1x":35,"l1y":30},{"data":1000010,"lvl":10,"x":12,"y":20,"l1x":35,"l1y":29},{"data":1000010,"lvl":10,"x":12,"y":21,"l1x":33,"l1y":16},{"data":1000010,"lvl":10,"x":12,"y":22,"l1x":35,"l1y":35},{"data":1000010,"lvl":10,"x":12,"y":23,"l1x":34,"l1y":35},{"data":1000010,"lvl":10,"x":12,"y":24,"l1x":33,"l1y":35},{"data":1000010,"lvl":10,"x":12,"y":25,"l1x":32,"l1y":35},{"data":1000010,"lvl":10,"x":12,"y":26,"l1x":31,"l1y":35},{"data":1000010,"lvl":10,"x":12,"y":27,"l1x":30,"l1y":35},{"data":1000010,"lvl":10,"x":12,"y":28,"l1x":29,"l1y":35},{"data":1000010,"lvl":10,"x":12,"y":29,"l1x":28,"l1y":35},{"data":1000010,"lvl":10,"x":12,"y":30,"l1x":27,"l1y":35},{"data":1000010,"lvl":10,"x":12,"y":31,"l1x":26,"l1y":35},{"data":1000010,"lvl":10,"x":13,"y":31,"l1x":26,"l1y":34},{"data":1000010,"lvl":10,"x":14,"y":31,"l1x":25,"l1y":34},{"data":1000010,"lvl":10,"x":15,"y":31,"l1x":24,"l1y":34},{"data":1000010,"lvl":10,"x":31,"y":12,"l1x":23,"l1y":34},{"data":1000010,"lvl":10,"x":31,"y":13,"l1x":18,"l1y":32},{"data":1000010,"lvl":10,"x":31,"y":14,"l1x":18,"l1y":33},{"data":1000010,"lvl":10,"x":31,"y":15,"l1x":18,"l1y":34},{"data":1000010,"lvl":10,"x":32,"y":19,"l1x":18,"l1y":35},{"data":1000010,"lvl":10,"x":32,"y":18,"l1x":19,"l1y":35},{"data":1000010,"lvl":10,"x":32,"y":17,"l1x":20,"l1y":35},{"data":1000010,"lvl":10,"x":32,"y":16,"l1x":21,"l1y":35},{"data":1000010,"lvl":10,"x":31,"y":16,"l1x":22,"l1y":35},{"data":1000010,"lvl":10,"x":30,"y":16,"l1x":22,"l1y":34},{"data":1000010,"lvl":10,"x":29,"y":16,"l1x":22,"l1y":33},{"data":1000010,"lvl":10,"x":28,"y":19,"l1x":22,"l1y":32},{"data":1000010,"lvl":10,"x":28,"y":18,"l1x":22,"l1y":29},{"data":1000010,"lvl":10,"x":28,"y":17,"l1x":22,"l1y":30},{"data":1000010,"lvl":10,"x":28,"y":16,"l1x":22,"l1y":31},{"data":1000010,"lvl":10,"x":27,"y":16,"l1x":21,"l1y":31},{"data":1000010,"lvl":10,"x":26,"y":16,"l1x":20,"l1y":31},{"data":1000010,"lvl":10,"x":25,"y":16,"l1x":19,"l1y":31},{"data":1000010,"lvl":10,"x":21,"y":16,"l1x":18,"l1y":31},{"data":1000010,"lvl":10,"x":22,"y":16,"l1x":18,"l1y":30},{"data":1000010,"lvl":10,"x":23,"y":16,"l1x":18,"l1y":29},{"data":1000010,"lvl":10,"x":24,"y":16,"l1x":18,"l1y":28},{"data":1000010,"lvl":10,"x":24,"y":17,"l1x":18,"l1y":27},{"data":1000010,"lvl":10,"x":24,"y":18,"l1x":35,"l1y":23},{"data":1000010,"lvl":10,"x":24,"y":19,"l1x":35,"l1y":22},{"data":1000010,"lvl":10,"x":20,"y":17,"l1x":35,"l1y":27},{"data":1000010,"lvl":10,"x":20,"y":16,"l1x":35,"l1y":26},{"data":1000010,"lvl":10,"x":19,"y":16,"l1x":35,"l1y":25},{"data":1000010,"lvl":10,"x":18,"y":16,"l1x":35,"l1y":21},{"data":1000010,"lvl":10,"x":17,"y":16,"l1x":35,"l1y":20},{"data":1000010,"lvl":10,"x":16,"y":16,"l1x":35,"l1y":19},{"data":1000010,"lvl":10,"x":16,"y":17,"l1x":35,"l1y":18},{"data":1000010,"lvl":10,"x":16,"y":18,"l1x":35,"l1y":17},{"data":1000010,"lvl":10,"x":16,"y":19,"l1x":34,"l1y":17},{"data":1000010,"lvl":10,"x":20,"y":18,"l1x":33,"l1y":17},{"data":1000010,"lvl":10,"x":20,"y":19,"l1x":32,"l1y":17},{"data":1000010,"lvl":10,"x":19,"y":20,"l1x":31,"l1y":17},{"data":1000010,"lvl":10,"x":18,"y":20,"l1x":30,"l1y":17},{"data":1000010,"lvl":10,"x":17,"y":20,"l1x":29,"l1y":17},{"data":1000010,"lvl":10,"x":16,"y":20,"l1x":35,"l1y":24},{"data":1000010,"lvl":10,"x":19,"y":24,"l1x":34,"l1y":24},{"data":1000010,"lvl":10,"x":18,"y":24,"l1x":33,"l1y":24},{"data":1000010,"lvl":10,"x":17,"y":24,"l1x":32,"l1y":24},{"data":1000010,"lvl":10,"x":18,"y":28,"l1x":31,"l1y":24},{"data":1000010,"lvl":10,"x":17,"y":28,"l1x":30,"l1y":24},{"data":1000010,"lvl":10,"x":16,"y":21,"l1x":29,"l1y":24},{"data":1000010,"lvl":10,"x":16,"y":22,"l1x":35,"l1y":28},{"data":1000010,"lvl":10,"x":16,"y":23,"l1x":34,"l1y":28},{"data":1000010,"lvl":10,"x":16,"y":24,"l1x":33,"l1y":28},{"data":1000010,"lvl":10,"x":16,"y":25,"l1x":32,"l1y":28},{"data":1000010,"lvl":10,"x":16,"y":26,"l1x":31,"l1y":28},{"data":1000010,"lvl":10,"x":16,"y":27,"l1x":30,"l1y":28},{"data":1000010,"lvl":10,"x":16,"y":28,"l1x":29,"l1y":28},{"data":1000010,"lvl":10,"x":16,"y":29,"l1x":28,"l1y":28},{"data":1000010,"lvl":10,"x":16,"y":30,"l1x":27,"l1y":28},{"data":1000010,"lvl":10,"x":16,"y":31,"l1x":26,"l1y":25},{"data":1000010,"lvl":10,"x":16,"y":32,"l1x":26,"l1y":26},{"data":1000010,"lvl":10,"x":17,"y":32,"l1x":26,"l1y":27},{"data":1000010,"lvl":10,"x":18,"y":32,"l1x":26,"l1y":28},{"data":1000010,"lvl":10,"x":19,"y":32,"l1x":25,"l1y":28},{"data":1000010,"lvl":10,"x":21,"y":29,"l1x":24,"l1y":28},{"data":1000010,"lvl":10,"x":22,"y":29,"l1x":23,"l1y":28},{"data":1000010,"lvl":10,"x":23,"y":29,"l1x":22,"l1y":28},{"data":1000010,"lvl":10,"x":24,"y":29,"l1x":22,"l1y":27},{"data":1000010,"lvl":10,"x":25,"y":29,"l1x":20,"l1y":15},{"data":1000010,"lvl":10,"x":26,"y":29,"l1x":19,"l1y":15},{"data":1000010,"lvl":10,"x":27,"y":29,"l1x":18,"l1y":15},{"data":1000010,"lvl":10,"x":28,"y":29,"l1x":17,"l1y":15},{"data":1000010,"lvl":10,"x":29,"y":29,"l1x":17,"l1y":16},{"data":1000010,"lvl":10,"x":29,"y":28,"l1x":17,"l1y":17},{"data":1000010,"lvl":10,"x":29,"y":27,"l1x":17,"l1y":18},{"data":1000010,"lvl":10,"x":29,"y":26,"l1x":24,"l1y":8},{"data":1000010,"lvl":10,"x":29,"y":25,"l1x":23,"l1y":8},{"data":1000010,"lvl":10,"x":29,"y":24,"l1x":22,"l1y":8},{"data":1000010,"lvl":10,"x":29,"y":23,"l1x":21,"l1y":8},{"data":1000010,"lvl":10,"x":29,"y":22,"l1x":21,"l1y":9},{"data":1000010,"lvl":10,"x":29,"y":21,"l1x":21,"l1y":10},{"data":1000010,"lvl":10,"x":19,"y":28,"l1x":25,"l1y":8},{"data":1000010,"lvl":10,"x":21,"y":25,"l1x":25,"l1y":9},{"data":1000010,"lvl":10,"x":22,"y":25,"l1x":25,"l1y":11},{"data":1000010,"lvl":10,"x":23,"y":25,"l1x":25,"l1y":10},{"data":1000010,"lvl":10,"x":24,"y":25,"l1x":22,"l1y":12},{"data":1000010,"lvl":10,"x":25,"y":25,"l1x":23,"l1y":12},{"data":1000010,"lvl":10,"x":25,"y":24,"l1x":24,"l1y":12},{"data":1000010,"lvl":10,"x":25,"y":23,"l1x":25,"l1y":12},{"data":1000010,"lvl":10,"x":25,"y":22,"l1x":25,"l1y":13},{"data":1000010,"lvl":10,"x":25,"y":21,"l1x":25,"l1y":14},{"data":1000010,"lvl":10,"x":20,"y":21,"l1x":25,"l1y":15},{"data":1000010,"lvl":10,"x":20,"y":22,"l1x":25,"l1y":16},{"data":1000010,"lvl":10,"x":20,"y":23,"l1x":21,"l1y":11},{"data":1000010,"lvl":10,"x":20,"y":24,"l1x":21,"l1y":12},{"data":1000010,"lvl":10,"x":20,"y":25,"l1x":21,"l1y":13},{"data":1000010,"lvl":10,"x":20,"y":26,"l1x":21,"l1y":14},{"data":1000010,"lvl":10,"x":20,"y":27,"l1x":21,"l1y":16},{"data":1000010,"lvl":10,"x":20,"y":28,"l1x":21,"l1y":15},{"data":1000010,"lvl":10,"x":20,"y":29,"l1x":25,"l1y":17},{"data":1000010,"lvl":10,"x":20,"y":30,"l1x":26,"l1y":17},{"data":1000010,"lvl":10,"x":20,"y":31,"l1x":27,"l1y":17},{"data":1000010,"lvl":10,"x":20,"y":32,"l1x":28,"l1y":17},{"data":1000010,"lvl":10,"x":20,"y":20,"l1x":28,"l1y":18},{"data":1000010,"lvl":10,"x":21,"y":20,"l1x":28,"l1y":19},{"data":1000010,"lvl":10,"x":22,"y":20,"l1x":28,"l1y":20},{"data":1000010,"lvl":10,"x":23,"y":20,"l1x":28,"l1y":21},{"data":1000010,"lvl":10,"x":24,"y":20,"l1x":28,"l1y":22},{"data":1000010,"lvl":10,"x":25,"y":20,"l1x":28,"l1y":23},{"data":1000010,"lvl":10,"x":26,"y":20,"l1x":28,"l1y":24},{"data":1000010,"lvl":10,"x":27,"y":20,"l1x":27,"l1y":24},{"data":1000010,"lvl":10,"x":28,"y":20,"l1x":26,"l1y":24},{"data":1000010,"lvl":10,"x":29,"y":20,"l1x":25,"l1y":24},{"data":1000010,"lvl":10,"x":30,"y":20,"l1x":18,"l1y":19},{"data":1000010,"lvl":10,"x":31,"y":20,"l1x":17,"l1y":19},{"data":1000010,"lvl":10,"x":32,"y":20,"l1x":16,"l1y":19},{"data":1000010,"lvl":10,"x":33,"y":20,"l1x":15,"l1y":19},{"data":1000010,"lvl":10,"x":34,"y":20,"l1x":15,"l1y":20},{"data":1000010,"lvl":10,"x":35,"y":20,"l1x":15,"l1y":21},{"data":1000010,"lvl":10,"x":36,"y":20,"l1x":15,"l1y":22},{"data":1000010,"lvl":10,"x":36,"y":36,"l1x":15,"l1y":23},{"data":1000010,"lvl":10,"x":36,"y":35,"l1x":15,"l1y":24},{"data":1000010,"lvl":10,"x":20,"y":33,"l1x":15,"l1y":25},{"data":1000010,"lvl":10,"x":36,"y":21,"l1x":15,"l1y":26},{"data":1000010,"lvl":10,"x":36,"y":22,"l1x":16,"l1y":26},{"data":1000010,"lvl":10,"x":36,"y":23,"l1x":17,"l1y":26},{"data":1000010,"lvl":10,"x":36,"y":24,"l1x":18,"l1y":26},{"data":1000010,"lvl":10,"x":36,"y":25,"l1x":19,"l1y":26},{"data":1000010,"lvl":10,"x":36,"y":26,"l1x":20,"l1y":26},{"data":1000010,"lvl":10,"x":36,"y":27,"l1x":21,"l1y":26},{"data":1000006,"lvl":9,"x":15,"y":3,"unit_prod":{"unit_type":0},"l1x":5,"l1y":23},{"data":1000000,"lvl":7,"x":35,"y":15,"units":[[4000006,10],[4000004,1],[4000009,1]],"storage_type":0,"l1x":3,"l1y":17},{"data":1000025,"lvl":0,"x":23,"y":13,"l1x":18,"l1y":16},{"data":1000022,"lvl":0,"x":13,"y":23,"l1x":25,"l1y":18},{"data":1000019,"lvl":7,"x":15,"y":33,"l1x":12,"l1y":17},{"data":1000019,"lvl":7,"x":33,"y":15,"l1x":25,"l1y":32},{"data":1000026,"lvl":5,"x":24,"y":3,"unit_prod":{"unit_type":0},"l1x":27,"l1y":37},{"data":1000010,"lvl":10,"x":36,"y":28,"l1x":22,"l1y":26},{"data":1000010,"lvl":10,"x":36,"y":29,"l1x":22,"l1y":25},{"data":1000010,"lvl":10,"x":36,"y":30,"l1x":22,"l1y":24},{"data":1000010,"lvl":10,"x":36,"y":31,"l1x":23,"l1y":24},{"data":1000010,"lvl":10,"x":36,"y":32,"l1x":24,"l1y":24},{"data":1000010,"lvl":10,"x":36,"y":33,"l1x":24,"l1y":23},{"data":1000010,"lvl":10,"x":36,"y":34,"l1x":24,"l1y":22},{"data":1000010,"lvl":10,"x":35,"y":36,"l1x":24,"l1y":21},{"data":1000010,"lvl":10,"x":34,"y":36,"l1x":24,"l1y":20},{"data":1000010,"lvl":10,"x":33,"y":36,"l1x":24,"l1y":19},{"data":1000010,"lvl":10,"x":32,"y":36,"l1x":24,"l1y":18},{"data":1000010,"lvl":10,"x":31,"y":36,"l1x":24,"l1y":17},{"data":1000010,"lvl":10,"x":30,"y":36,"l1x":23,"l1y":17},{"data":1000010,"lvl":10,"x":29,"y":36,"l1x":22,"l1y":17},{"data":1000010,"lvl":10,"x":28,"y":36,"l1x":21,"l1y":17},{"data":1000010,"lvl":10,"x":27,"y":36,"l1x":21,"l1y":18},{"data":1000010,"lvl":10,"x":26,"y":36,"l1x":21,"l1y":19},{"data":1000010,"lvl":10,"x":25,"y":36,"l1x":19,"l1y":21},{"data":1000010,"lvl":10,"x":24,"y":36,"l1x":20,"l1y":19},{"data":1000010,"lvl":10,"x":23,"y":36,"l1x":19,"l1y":19},{"data":1000010,"lvl":10,"x":22,"y":36,"l1x":19,"l1y":24},{"data":1000010,"lvl":10,"x":21,"y":36,"l1x":19,"l1y":23},{"data":1000010,"lvl":10,"x":20,"y":36,"l1x":19,"l1y":25},{"data":1000010,"lvl":10,"x":20,"y":34,"l1x":19,"l1y":20},{"data":1000010,"lvl":10,"x":20,"y":35,"l1x":19,"l1y":22},{"data":1000026,"lvl":5,"x":11,"y":4,"unit_prod":{"unit_type":0},"l1x":37,"l1y":28},{"data":1000011,"lvl":7,"x":23,"y":26,"l1x":22,"l1y":9},{"data":1000012,"lvl":7,"x":17,"y":29,"l1x":29,"l1y":18},{"data":1000009,"lvl":12,"x":33,"y":33,"l1x":14,"l1y":16},{"data":1000023,"lvl":5,"x":38,"y":27,"res_time":42730,"l1x":32,"l1y":18},{"data":1000008,"lvl":11,"x":33,"y":27,"l1x":29,"l1y":21},{"data":1000027,"lvl":2,"x":21,"y":26,"attack_mode":true,"attack_mode_war":true,"attack_mode_draft":true,"attack_mode_draft_war":true,"ammo":750,"l1x":20,"l1y":24},{"data":1000021,"lvl":3,"x":26,"y":26,"attack_mode":false,"attack_mode_war":false,"attack_mode_draft":false,"attack_mode_draft_war":false,"ammo":1500,"l1x":16,"l1y":23},{"data":1000027,"lvl":2,"x":26,"y":21,"attack_mode":true,"attack_mode_war":true,"attack_mode_draft":true,"attack_mode_draft_war":true,"ammo":750,"l1x":22,"l1y":18},{"data":1000004,"lvl":10,"x":38,"y":32,"res_time":4877,"l1x":8,"l1y":37},{"data":1000002,"lvl":10,"x":25,"y":38,"res_time":169901,"l1x":17,"l1y":12}],"obstacles":[{"data":8000000,"x":0,"y":25,"l1x":-1,"l1y":-1,"loot_multiply_ver":2},{"data":8000000,"x":24,"y":0,"l1x":-1,"l1y":-1,"loot_multiply_ver":2},{"data":8000008,"x":42,"y":32,"l1x":-1,"l1y":-1,"loot_multiply_ver":2}],"traps":[{"data":12000001,"lvl":0,"x":37,"y":36,"l1x":20,"l1y":14},{"data":12000002,"lvl":3,"x":7,"y":26,"l1x":24,"l1y":6},{"data":12000000,"lvl":5,"x":16,"y":7,"l1x":31,"l1y":9},{"data":12000002,"lvl":3,"x":18,"y":9,"l1x":34,"l1y":15},{"data":12000001,"lvl":0,"x":35,"y":37,"l1x":8,"l1y":7},{"data":12000006,"lvl":2,"x":22,"y":15,"l1x":34,"l1y":36},{"data":12000006,"lvl":2,"x":26,"y":30,"l1x":30,"l1y":36},{"data":12000005,"lvl":3,"x":22,"y":14,"l1x":25,"l1y":36},{"data":12000005,"lvl":3,"x":26,"y":31,"l1x":30,"l1y":31},{"data":12000005,"lvl":3,"x":14,"y":19,"l1x":21,"l1y":30},{"data":12000005,"lvl":3,"x":28,"y":21,"l1x":19,"l1y":30},{"data":12000005,"lvl":3,"x":22,"y":28,"l1x":20,"l1y":36},{"data":12000006,"lvl":2,"x":15,"y":19,"l1x":13,"l1y":34},{"data":12000006,"lvl":2,"x":28,"y":22,"l1x":16,"l1y":34},{"data":12000006,"lvl":2,"x":21,"y":28,"l1x":27,"l1y":33},{"data":12000001,"lvl":0,"x":28,"y":37,"l1x":20,"l1y":30},{"data":12000000,"lvl":5,"x":15,"y":7,"l1x":16,"l1y":7},{"data":12000002,"lvl":3,"x":7,"y":21,"l1x":19,"l1y":7},{"data":12000002,"lvl":3,"x":21,"y":30,"l1x":8,"l1y":27},{"data":12000002,"lvl":3,"x":30,"y":21,"l1x":23,"l1y":35},{"data":12000001,"lvl":0,"x":37,"y":27,"l1x":11,"l1y":34},{"data":12000001,"lvl":0,"x":14,"y":14,"l1x":36,"l1y":35},{"data":12000001,"lvl":0,"x":15,"y":15,"l1x":27,"l1y":36},{"data":12000000,"lvl":5,"x":32,"y":21,"l1x":12,"l1y":7},{"data":12000000,"lvl":5,"x":32,"y":22,"l1x":3,"l1y":15},{"data":12000000,"lvl":5,"x":21,"y":32,"l1x":3,"l1y":22},{"data":12000000,"lvl":5,"x":22,"y":32,"l1x":15,"l1y":34}],"decos":[{"data":18000001,"x":36,"y":4,"l1x":7,"l1y":40},{"data":18000014,"x":26,"y":14,"l1x":3,"l1y":33},{"data":18000001,"x":34,"y":4,"l1x":38,"l1y":7},{"data":18000001,"x":32,"y":2,"l1x":2,"l1y":8},{"data":18000001,"x":32,"y":4,"l1x":2,"l1y":27},{"data":18000007,"x":4,"y":32,"l1x":33,"l1y":3},{"data":18000033,"x":2,"y":2,"l1x":3,"l1y":25},{"data":18000000,"x":12,"y":37,"l1x":3,"l1y":31},{"data":18000010,"x":37,"y":12,"l1x":31,"l1y":3}],"respawnVars":{"secondsFromLastRespawn":8344,"respawnSeed":-256749454,"obstacleClearCounter":8,"time_to_gembox_drop":126684,"time_in_gembox_period":381600},"cooldowns":[{"cooldown":61975,"target":20000000},{"cooldown":7670651,"target":20000001}],"newShopBuildings":[4,0,7,4,7,4,4,1,6,7,250,4,4,3,1,5,0,0,0,4,1,3,1,3,1,1,2,2],"newShopTraps":[6,6,5,0,0,5,5,0],"newShopDecos":[1,4,0,1,1,4,4,1,1,1,1,1,1,1,1,1,1,1,1,1,1,1,1,1,1,1,1,1,1,1,1,1,1,1,1,1,1],"last_league_rank":16,"last_league_shuffle":1,"last_news_seen":81,"edit_mode_shown":true,"troop_req_msg":"pekka","war_req_msg":"zwei hexen, zwei magier und rest bogen","war_tutorials_seen":0,"war_base":true}