{"buildings":[{"data":1000001,"lvl":9,"x":30,"y":6,"e1x":16,"e1y":16,"l1x":16,"l1y":16},{"data":1000004,"lvl":10,"boost_t":29505,"x":5,"y":33,"res_time":179950,"e1x":6,"e1y":24,"l1x":6,"l1y":24},{"data":1000000,"lvl":7,"x":3,"y":23,"units":[[4000009,1],[4000006,4],[4000000,2],[4000015,1]],"storage_type":0,"e1x":8,"e1y":33,"l1x":8,"l1y":33},{"data":1000015,"lvl":0,"x":33,"y":22,"e1x":8,"e1y":16,"l1x":8,"l1y":16},{"data":1000014,"lvl":5,"x":21,"y":23,"e1x":20,"e1y":20,"l1x":20,"l1y":20},{"data":1000008,"lvl":11,"x":26,"y":35,"e1x":18,"e1y":32,"l1x":18,"l1y":32},{"data":1000015,"lvl":0,"x":32,"y":30,"e1x":16,"e1y":8,"l1x":16,"l1y":8},{"data":1000002,"lvl":10,"boost_t":29462,"x":32,"y":16,"res_time":179959,"e1x":14,"e1y":34,"l1x":14,"l1y":34},{"data":1000003,"lvl":10,"x":12,"y":24,"e1x":27,"e1y":21,"l1x":27,"l1y":21},{"data":1000005,"lvl":10,"x":10,"y":30,"e1x":20,"e1y":36,"l1x":20,"l1y":36},{"data":1000006,"lvl":9,"x":5,"y":18,"unit_prod":{"unit_type":0},"e1x":4,"e1y":20,"l1x":4,"l1y":20},{"data":1000006,"lvl":9,"x":24,"y":39,"unit_prod":{"unit_type":0},"e1x":4,"e1y":12,"l1x":4,"l1y":12},{"data":1000002,"lvl":10,"boost_t":29465,"x":32,"y":24,"res_time":179958,"e1x":34,"e1y":14,"l1x":34,"l1y":14},{"data":1000004,"lvl":10,"boost_t":29513,"x":29,"y":32,"res_time":179956,"e1x":17,"e1y":36,"l1x":17,"l1y":36},{"data":1000008,"lvl":11,"x":32,"y":27,"e1x":32,"e1y":18,"l1x":32,"l1y":18},{"data":1000009,"lvl":12,"x":9,"y":24,"e1x":8,"e1y":20,"l1x":8,"l1y":20},{"data":1000010,"lvl":9,"x":12,"y":37,"e1x":5,"e1y":25,"l1x":5,"l1y":25},{"data":1000010,"lvl":9,"x":8,"y":11,"e1x":5,"e1y":26,"l1x":5,"l1y":26},{"data":1000010,"lvl":9,"x":8,"y":36,"e1x":35,"e1y":13,"l1x":35,"l1y":13},{"data":1000010,"lvl":9,"x":8,"y":35,"e1x":5,"e1y":24,"l1x":5,"l1y":24},{"data":1000010,"lvl":8,"x":29,"y":9,"e1x":23,"e1y":5,"l1x":23,"l1y":5},{"data":1000010,"lvl":8,"x":11,"y":37,"e1x":19,"e1y":6,"l1x":19,"l1y":6},{"data":1000010,"lvl":9,"x":8,"y":34,"e1x":27,"e1y":5,"l1x":27,"l1y":5},{"data":1000002,"lvl":10,"boost_t":29479,"x":9,"y":21,"res_time":179947,"e1x":24,"e1y":6,"l1x":24,"l1y":6},{"data":1000004,"lvl":10,"boost_t":29501,"x":4,"y":8,"res_time":179946,"e1x":36,"e1y":17,"l1x":36,"l1y":17},{"data":1000005,"lvl":10,"x":32,"y":19,"e1x":36,"e1y":20,"l1x":36,"l1y":20},{"data":1000003,"lvl":10,"x":9,"y":12,"e1x":21,"e1y":27,"l1x":21,"l1y":27},{"data":1000013,"lvl":7,"x":32,"y":35,"e1x":26,"e1y":14,"l1x":18,"l1y":27},{"data":1000015,"lvl":0,"x":19,"y":12,"e1x":5,"e1y":16,"l1x":5,"l1y":16},{"data":1000000,"lvl":7,"x":3,"y":13,"units":[[4000006,8],[4000015,1]],"storage_type":0,"e1x":8,"e1y":28,"l1x":8,"l1y":28},{"data":1000010,"lvl":8,"x":17,"y":23,"e1x":15,"e1y":6,"l1x":15,"l1y":6},{"data":1000010,"lvl":9,"x":8,"y":33,"e1x":24,"e1y":5,"l1x":24,"l1y":5},{"data":1000010,"lvl":9,"x":8,"y":32,"e1x":25,"e1y":5,"l1x":25,"l1y":5},{"data":1000010,"lvl":9,"x":8,"y":31,"e1x":5,"e1y":27,"l1x":5,"l1y":27},{"data":1000010,"lvl":9,"x":8,"y":30,"e1x":26,"e1y":5,"l1x":26,"l1y":5},{"data":1000010,"lvl":9,"x":8,"y":29,"e1x":7,"e1y":18,"l1x":7,"l1y":18},{"data":1000010,"lvl":8,"x":17,"y":22,"e1x":4,"e1y":17,"l1x":4,"l1y":17},{"data":1000010,"lvl":9,"x":8,"y":28,"e1x":7,"e1y":17,"l1x":7,"l1y":17},{"data":1000010,"lvl":9,"x":8,"y":27,"e1x":7,"e1y":16,"l1x":7,"l1y":16},{"data":1000010,"lvl":9,"x":8,"y":26,"e1x":18,"e1y":7,"l1x":18,"l1y":7},{"data":1000010,"lvl":9,"x":8,"y":25,"e1x":17,"e1y":7,"l1x":17,"l1y":7},{"data":1000010,"lvl":9,"x":8,"y":24,"e1x":16,"e1y":7,"l1x":16,"l1y":7},{"data":1000010,"lvl":9,"x":8,"y":23,"e1x":10,"e1y":23,"l1x":10,"l1y":23},{"data":1000010,"lvl":9,"x":17,"y":24,"e1x":4,"e1y":16,"l1x":4,"l1y":16},{"data":1000010,"lvl":9,"x":8,"y":22,"e1x":9,"e1y":23,"l1x":9,"l1y":23},{"data":1000010,"lvl":9,"x":8,"y":21,"e1x":8,"e1y":23,"l1x":8,"l1y":23},{"data":1000010,"lvl":9,"x":8,"y":20,"e1x":7,"e1y":23,"l1x":7,"l1y":23},{"data":1000010,"lvl":9,"x":8,"y":19,"e1x":7,"e1y":22,"l1x":7,"l1y":22},{"data":1000010,"lvl":9,"x":17,"y":25,"e1x":4,"e1y":19,"l1x":4,"l1y":19},{"data":1000010,"lvl":8,"x":39,"y":17,"e1x":9,"e1y":24,"l1x":9,"l1y":24},{"data":1000010,"lvl":9,"x":8,"y":18,"e1x":7,"e1y":21,"l1x":7,"l1y":21},{"data":1000010,"lvl":8,"x":39,"y":16,"e1x":9,"e1y":25,"l1x":9,"l1y":25},{"data":1000010,"lvl":8,"x":39,"y":12,"e1x":9,"e1y":26,"l1x":9,"l1y":26},{"data":1000010,"lvl":9,"x":8,"y":17,"e1x":7,"e1y":20,"l1x":7,"l1y":20},{"data":1000010,"lvl":9,"x":8,"y":16,"e1x":9,"e1y":19,"l1x":9,"l1y":19},{"data":1000010,"lvl":8,"x":39,"y":13,"e1x":6,"e1y":23,"l1x":6,"l1y":23},{"data":1000010,"lvl":9,"x":8,"y":15,"e1x":8,"e1y":19,"l1x":8,"l1y":19},{"data":1000010,"lvl":9,"x":8,"y":14,"e1x":5,"e1y":23,"l1x":13,"l1y":34},{"data":1000010,"lvl":9,"x":8,"y":13,"e1x":7,"e1y":19,"l1x":7,"l1y":19},{"data":1000010,"lvl":9,"x":8,"y":12,"e1x":23,"e1y":10,"l1x":23,"l1y":10},{"data":1000010,"lvl":9,"x":34,"y":38,"e1x":23,"e1y":9,"l1x":23,"l1y":9},{"data":1000010,"lvl":9,"x":33,"y":38,"e1x":23,"e1y":8,"l1x":23,"l1y":8},{"data":1000010,"lvl":9,"x":32,"y":38,"e1x":23,"e1y":7,"l1x":23,"l1y":7},{"data":1000010,"lvl":9,"x":31,"y":38,"e1x":22,"e1y":7,"l1x":22,"l1y":7},{"data":1000010,"lvl":9,"x":30,"y":38,"e1x":21,"e1y":7,"l1x":21,"l1y":7},{"data":1000010,"lvl":8,"x":39,"y":14,"e1x":34,"e1y":13,"l1x":34,"l1y":13},{"data":1000010,"lvl":8,"x":39,"y":15,"e1x":13,"e1y":36,"l1x":13,"l1y":36},{"data":1000010,"lvl":9,"x":29,"y":38,"e1x":20,"e1y":7,"l1x":20,"l1y":7},{"data":1000010,"lvl":9,"x":28,"y":38,"e1x":19,"e1y":9,"l1x":19,"l1y":9},{"data":1000010,"lvl":9,"x":27,"y":38,"e1x":19,"e1y":8,"l1x":19,"l1y":8},{"data":1000010,"lvl":9,"x":26,"y":38,"e1x":19,"e1y":7,"l1x":19,"l1y":7},{"data":1000010,"lvl":9,"x":25,"y":38,"e1x":15,"e1y":29,"l1x":15,"l1y":29},{"data":1000010,"lvl":9,"x":24,"y":38,"e1x":14,"e1y":29,"l1x":14,"l1y":29},{"data":1000007,"lvl":7,"x":33,"y":11,"e1x":29,"e1y":29,"l1x":29,"l1y":29},{"data":1000006,"lvl":9,"x":29,"y":39,"unit_prod":{"unit_type":0},"e1x":12,"e1y":4,"l1x":12,"l1y":4},{"data":1000004,"lvl":10,"boost_t":29507,"x":17,"y":35,"res_time":179952,"e1x":27,"e1y":36,"l1x":27,"l1y":36},{"data":1000002,"lvl":10,"boost_t":29474,"x":20,"y":35,"res_time":179952,"e1x":21,"e1y":33,"l1x":21,"l1y":33},{"data":1000009,"lvl":12,"x":29,"y":24,"e1x":20,"e1y":8,"l1x":20,"l1y":8},{"data":1000010,"lvl":9,"x":23,"y":38,"e1x":16,"e1y":29,"l1x":16,"l1y":29},{"data":1000010,"lvl":9,"x":22,"y":38,"e1x":29,"e1y":16,"l1x":29,"l1y":16},{"data":1000010,"lvl":9,"x":21,"y":38,"e1x":29,"e1y":15,"l1x":29,"l1y":15},{"data":1000010,"lvl":8,"x":39,"y":34,"e1x":13,"e1y":35,"l1x":13,"l1y":35},{"data":1000010,"lvl":8,"x":39,"y":32,"e1x":4,"e1y":18,"l1x":4,"l1y":18},{"data":1000010,"lvl":9,"x":20,"y":38,"e1x":29,"e1y":14,"l1x":29,"l1y":14},{"data":1000010,"lvl":9,"x":19,"y":38,"e1x":15,"e1y":33,"l1x":15,"l1y":33},{"data":1000010,"lvl":9,"x":18,"y":38,"e1x":14,"e1y":33,"l1x":14,"l1y":33},{"data":1000010,"lvl":8,"x":39,"y":33,"e1x":12,"e1y":27,"l1x":12,"l1y":27},{"data":1000010,"lvl":9,"x":17,"y":38,"e1x":13,"e1y":33,"l1x":13,"l1y":33},{"data":1000010,"lvl":9,"x":16,"y":38,"e1x":13,"e1y":24,"l1x":13,"l1y":24},{"data":1000010,"lvl":9,"x":15,"y":38,"e1x":13,"e1y":25,"l1x":13,"l1y":25},{"data":1000010,"lvl":8,"x":39,"y":35,"e1x":11,"e1y":27,"l1x":11,"l1y":27},{"data":1000010,"lvl":9,"x":14,"y":38,"e1x":13,"e1y":26,"l1x":13,"l1y":26},{"data":1000010,"lvl":9,"x":13,"y":38,"e1x":13,"e1y":27,"l1x":13,"l1y":27},{"data":1000010,"lvl":9,"x":12,"y":38,"e1x":13,"e1y":28,"l1x":13,"l1y":28},{"data":1000010,"lvl":8,"x":27,"y":34,"e1x":10,"e1y":27,"l1x":10,"l1y":27},{"data":1000010,"lvl":9,"x":34,"y":15,"e1x":13,"e1y":29,"l1x":13,"l1y":29},{"data":1000010,"lvl":9,"x":33,"y":15,"e1x":13,"e1y":30,"l1x":13,"l1y":30},{"data":1000010,"lvl":8,"x":26,"y":34,"e1x":9,"e1y":27,"l1x":9,"l1y":27},{"data":1000010,"lvl":9,"x":32,"y":15,"e1x":13,"e1y":31,"l1x":13,"l1y":31},{"data":1000010,"lvl":9,"x":35,"y":15,"e1x":13,"e1y":32,"l1x":13,"l1y":32},{"data":1000010,"lvl":9,"x":35,"y":16,"e1x":16,"e1y":33,"l1x":16,"l1y":33},{"data":1000010,"lvl":8,"x":25,"y":34,"e1x":8,"e1y":27,"l1x":8,"l1y":27},{"data":1000010,"lvl":9,"x":35,"y":17,"e1x":33,"e1y":17,"l1x":33,"l1y":17},{"data":1000012,"lvl":7,"x":12,"y":27,"e1x":12,"e1y":20,"l1x":12,"l1y":20},{"data":1000020,"lvl":4,"x":26,"y":5,"units":[[26000002,2],[26000003,1],[26000005,2]],"storage_type":1,"unit_prod":{"unit_type":1},"e1x":12,"e1y":8,"l1x":8,"l1y":8},{"data":1000008,"lvl":11,"x":12,"y":18,"e1x":24,"e1y":27,"l1x":24,"l1y":27},{"data":1000009,"lvl":12,"x":9,"y":15,"e1x":14,"e1y":30,"l1x":14,"l1y":30},{"data":1000011,"lvl":7,"x":9,"y":27,"e1x":21,"e1y":30,"l1x":21,"l1y":30},{"data":1000002,"lvl":10,"boost_t":29477,"x":9,"y":33,"res_time":179951,"e1x":33,"e1y":21,"l1x":33,"l1y":21},{"data":1000004,"lvl":10,"boost_t":29499,"x":8,"y":4,"res_time":179945,"e1x":36,"e1y":27,"l1x":36,"l1y":27},{"data":1000000,"lvl":7,"x":20,"y":3,"units":[[4000009,1],[4000013,1],[4000006,2]],"storage_type":0,"e1x":33,"e1y":8,"l1x":33,"l1y":8},{"data":1000010,"lvl":9,"x":35,"y":18,"e1x":33,"e1y":16,"l1x":33,"l1y":16},{"data":1000010,"lvl":9,"x":35,"y":19,"e1x":33,"e1y":15,"l1x":33,"l1y":15},{"data":1000010,"lvl":9,"x":35,"y":20,"e1x":33,"e1y":14,"l1x":33,"l1y":14},{"data":1000010,"lvl":9,"x":35,"y":21,"e1x":33,"e1y":13,"l1x":33,"l1y":13},{"data":1000010,"lvl":9,"x":35,"y":22,"e1x":32,"e1y":13,"l1x":32,"l1y":13},{"data":1000010,"lvl":9,"x":35,"y":23,"e1x":31,"e1y":13,"l1x":31,"l1y":13},{"data":1000010,"lvl":9,"x":35,"y":24,"e1x":30,"e1y":13,"l1x":30,"l1y":13},{"data":1000010,"lvl":9,"x":35,"y":25,"e1x":29,"e1y":13,"l1x":29,"l1y":13},{"data":1000010,"lvl":9,"x":35,"y":26,"e1x":28,"e1y":13,"l1x":28,"l1y":13},{"data":1000010,"lvl":8,"x":24,"y":34,"e1x":7,"e1y":27,"l1x":7,"l1y":27},{"data":1000010,"lvl":9,"x":35,"y":27,"e1x":27,"e1y":13,"l1x":27,"l1y":13},{"data":1000010,"lvl":9,"x":35,"y":28,"e1x":26,"e1y":13,"l1x":26,"l1y":13},{"data":1000010,"lvl":9,"x":35,"y":29,"e1x":25,"e1y":13,"l1x":25,"l1y":13},{"data":1000010,"lvl":9,"x":35,"y":30,"e1x":24,"e1y":13,"l1x":24,"l1y":13},{"data":1000010,"lvl":8,"x":23,"y":34,"e1x":6,"e1y":27,"l1x":6,"l1y":27},{"data":1000010,"lvl":9,"x":35,"y":31,"e1x":17,"e1y":33,"l1x":17,"l1y":33},{"data":1000010,"lvl":9,"x":35,"y":32,"e1x":17,"e1y":32,"l1x":17,"l1y":32},{"data":1000010,"lvl":8,"x":22,"y":34,"e1x":23,"e1y":6,"l1x":23,"l1y":6},{"data":1000010,"lvl":9,"x":35,"y":33,"e1x":17,"e1y":31,"l1x":17,"l1y":31},{"data":1000010,"lvl":9,"x":35,"y":34,"e1x":17,"e1y":30,"l1x":17,"l1y":30},{"data":1000010,"lvl":9,"x":35,"y":35,"e1x":17,"e1y":29,"l1x":17,"l1y":29},{"data":1000010,"lvl":8,"x":21,"y":34,"e1x":26,"e1y":9,"l1x":26,"l1y":9},{"data":1000010,"lvl":9,"x":35,"y":36,"e1x":17,"e1y":28,"l1x":17,"l1y":28},{"data":1000010,"lvl":8,"x":20,"y":34,"e1x":25,"e1y":9,"l1x":25,"l1y":9},{"data":1000010,"lvl":9,"x":35,"y":37,"e1x":17,"e1y":27,"l1x":17,"l1y":27},{"data":1000015,"lvl":0,"x":24,"y":9,"e1x":16,"e1y":5,"l1x":16,"l1y":5},{"data":1000002,"lvl":10,"boost_t":29468,"x":29,"y":35,"res_time":179955,"e1x":30,"e1y":33,"l1x":30,"l1y":33},{"data":1000004,"lvl":10,"boost_t":29511,"x":23,"y":35,"res_time":179953,"e1x":33,"e1y":36,"l1x":33,"l1y":36},{"data":1000013,"lvl":7,"x":29,"y":11,"e1x":14,"e1y":26,"l1x":27,"l1y":18},{"data":1000010,"lvl":9,"x":35,"y":38,"e1x":17,"e1y":26,"l1x":17,"l1y":26},{"data":1000010,"lvl":9,"x":32,"y":11,"e1x":17,"e1y":25,"l1x":17,"l1y":25},{"data":1000010,"lvl":9,"x":32,"y":12,"e1x":17,"e1y":24,"l1x":17,"l1y":24},{"data":1000010,"lvl":9,"x":32,"y":13,"e1x":32,"e1y":17,"l1x":32,"l1y":17},{"data":1000010,"lvl":9,"x":32,"y":14,"e1x":31,"e1y":17,"l1x":31,"l1y":17},{"data":1000010,"lvl":9,"x":29,"y":10,"e1x":30,"e1y":17,"l1x":30,"l1y":17},{"data":1000010,"lvl":9,"x":30,"y":10,"e1x":29,"e1y":17,"l1x":29,"l1y":17},{"data":1000010,"lvl":9,"x":31,"y":10,"e1x":28,"e1y":17,"l1x":28,"l1y":17},{"data":1000010,"lvl":9,"x":32,"y":10,"e1x":27,"e1y":17,"l1x":27,"l1y":17},{"data":1000010,"lvl":8,"x":19,"y":34,"e1x":24,"e1y":9,"l1x":24,"l1y":9},{"data":1000010,"lvl":9,"x":39,"y":9,"e1x":26,"e1y":17,"l1x":26,"l1y":17},{"data":1000010,"lvl":8,"x":18,"y":34,"e1x":13,"e1y":34,"l1x":5,"l1y":23},{"data":1000010,"lvl":9,"x":39,"y":11,"e1x":25,"e1y":17,"l1x":25,"l1y":17},{"data":1000010,"lvl":9,"x":7,"y":11,"e1x":24,"e1y":17,"l1x":24,"l1y":17},{"data":1000010,"lvl":9,"x":7,"y":10,"e1x":14,"e1y":23,"l1x":14,"l1y":23},{"data":1000010,"lvl":9,"x":7,"y":9,"e1x":13,"e1y":23,"l1x":13,"l1y":23},{"data":1000010,"lvl":9,"x":7,"y":8,"e1x":12,"e1y":23,"l1x":12,"l1y":23},{"data":1000010,"lvl":9,"x":7,"y":7,"e1x":11,"e1y":20,"l1x":11,"l1y":20},{"data":1000010,"lvl":9,"x":8,"y":7,"e1x":11,"e1y":21,"l1x":11,"l1y":21},{"data":1000010,"lvl":9,"x":9,"y":7,"e1x":11,"e1y":22,"l1x":11,"l1y":22},{"data":1000010,"lvl":9,"x":10,"y":7,"e1x":11,"e1y":23,"l1x":11,"l1y":23},{"data":1000010,"lvl":9,"x":11,"y":7,"e1x":10,"e1y":16,"l1x":10,"l1y":16},{"data":1000010,"lvl":9,"x":11,"y":8,"e1x":10,"e1y":17,"l1x":10,"l1y":17},{"data":1000010,"lvl":9,"x":39,"y":10,"e1x":10,"e1y":18,"l1x":10,"l1y":18},{"data":1000010,"lvl":9,"x":27,"y":8,"e1x":14,"e1y":19,"l1x":14,"l1y":19},{"data":1000011,"lvl":7,"x":29,"y":14,"e1x":30,"e1y":21,"l1x":30,"l1y":21},{"data":1000015,"lvl":0,"x":26,"y":9,"e1x":36,"e1y":36,"l1x":36,"l1y":36},{"data":1000010,"lvl":9,"x":26,"y":8,"e1x":13,"e1y":19,"l1x":13,"l1y":19},{"data":1000010,"lvl":8,"x":17,"y":34,"e1x":36,"e1y":13,"l1x":36,"l1y":13},{"data":1000010,"lvl":9,"x":25,"y":8,"e1x":12,"e1y":19,"l1x":12,"l1y":19},{"data":1000010,"lvl":9,"x":24,"y":8,"e1x":11,"e1y":19,"l1x":11,"l1y":19},{"data":1000010,"lvl":9,"x":23,"y":8,"e1x":10,"e1y":19,"l1x":10,"l1y":19},{"data":1000010,"lvl":9,"x":22,"y":8,"e1x":23,"e1y":14,"l1x":23,"l1y":14},{"data":1000010,"lvl":9,"x":21,"y":8,"e1x":23,"e1y":13,"l1x":23,"l1y":13},{"data":1000010,"lvl":9,"x":20,"y":8,"e1x":23,"e1y":12,"l1x":23,"l1y":12},{"data":1000010,"lvl":9,"x":19,"y":8,"e1x":23,"e1y":11,"l1x":23,"l1y":11},{"data":1000010,"lvl":9,"x":18,"y":8,"e1x":22,"e1y":11,"l1x":22,"l1y":11},{"data":1000010,"lvl":9,"x":17,"y":8,"e1x":21,"e1y":11,"l1x":21,"l1y":11},{"data":1000010,"lvl":9,"x":16,"y":8,"e1x":20,"e1y":11,"l1x":20,"l1y":11},{"data":1000010,"lvl":9,"x":15,"y":8,"e1x":19,"e1y":14,"l1x":19,"l1y":14},{"data":1000010,"lvl":8,"x":16,"y":34,"e1x":17,"e1y":4,"l1x":17,"l1y":4},{"data":1000010,"lvl":9,"x":14,"y":8,"e1x":19,"e1y":13,"l1x":19,"l1y":13},{"data":1000010,"lvl":8,"x":15,"y":34,"e1x":27,"e1y":12,"l1x":27,"l1y":12},{"data":1000010,"lvl":9,"x":13,"y":8,"e1x":19,"e1y":12,"l1x":19,"l1y":12},{"data":1000010,"lvl":8,"x":14,"y":34,"e1x":27,"e1y":11,"l1x":27,"l1y":11},{"data":1000010,"lvl":9,"x":12,"y":8,"e1x":19,"e1y":11,"l1x":19,"l1y":11},{"data":1000010,"lvl":9,"x":27,"y":26,"e1x":19,"e1y":10,"l1x":19,"l1y":10},{"data":1000010,"lvl":9,"x":25,"y":26,"e1x":18,"e1y":10,"l1x":18,"l1y":10},{"data":1000010,"lvl":9,"x":26,"y":26,"e1x":17,"e1y":10,"l1x":17,"l1y":10},{"data":1000010,"lvl":9,"x":26,"y":23,"e1x":16,"e1y":10,"l1x":16,"l1y":10},{"data":1000010,"lvl":9,"x":26,"y":22,"e1x":11,"e1y":8,"l1x":11,"l1y":8},{"data":1000010,"lvl":9,"x":26,"y":21,"e1x":11,"e1y":9,"l1x":11,"l1y":9},{"data":1000010,"lvl":9,"x":26,"y":20,"e1x":11,"e1y":10,"l1x":11,"l1y":10},{"data":1000010,"lvl":9,"x":26,"y":19,"e1x":11,"e1y":12,"l1x":11,"l1y":12},{"data":1000010,"lvl":9,"x":26,"y":18,"e1x":11,"e1y":13,"l1x":11,"l1y":13},{"data":1000010,"lvl":9,"x":26,"y":24,"e1x":11,"e1y":14,"l1x":11,"l1y":14},{"data":1000010,"lvl":9,"x":26,"y":25,"e1x":14,"e1y":11,"l1x":14,"l1y":11},{"data":1000010,"lvl":8,"x":13,"y":31,"e1x":27,"e1y":10,"l1x":27,"l1y":10},{"data":1000010,"lvl":8,"x":13,"y":32,"e1x":27,"e1y":9,"l1x":27,"l1y":9},{"data":1000010,"lvl":8,"x":13,"y":33,"e1x":27,"e1y":8,"l1x":27,"l1y":8},{"data":1000010,"lvl":9,"x":25,"y":17,"e1x":13,"e1y":11,"l1x":13,"l1y":11},{"data":1000010,"lvl":9,"x":26,"y":17,"e1x":12,"e1y":11,"l1x":12,"l1y":11},{"data":1000010,"lvl":8,"x":13,"y":34,"e1x":27,"e1y":7,"l1x":27,"l1y":7},{"data":1000010,"lvl":8,"x":14,"y":30,"e1x":27,"e1y":6,"l1x":27,"l1y":6},{"data":1000010,"lvl":8,"x":13,"y":30,"e1x":4,"e1y":15,"l1x":4,"l1y":15},{"data":1000010,"lvl":9,"x":27,"y":17,"e1x":11,"e1y":11,"l1x":11,"l1y":11},{"data":1000010,"lvl":8,"x":12,"y":33,"e1x":15,"e1y":4,"l1x":15,"l1y":4},{"data":1000010,"lvl":9,"x":39,"y":30,"e1x":10,"e1y":11,"l1x":10,"l1y":11},{"data":1000010,"lvl":9,"x":39,"y":29,"e1x":9,"e1y":11,"l1x":9,"l1y":11},{"data":1000010,"lvl":8,"x":12,"y":34,"e1x":16,"e1y":4,"l1x":16,"l1y":4},{"data":1000010,"lvl":8,"x":11,"y":9,"e1x":6,"e1y":19,"l1x":6,"l1y":19},{"data":1000010,"lvl":9,"x":39,"y":18,"e1x":8,"e1y":11,"l1x":8,"l1y":11},{"data":1000010,"lvl":9,"x":39,"y":19,"e1x":7,"e1y":8,"l1x":7,"l1y":8},{"data":1000010,"lvl":9,"x":39,"y":20,"e1x":7,"e1y":7,"l1x":7,"l1y":9},{"data":1000010,"lvl":9,"x":39,"y":21,"e1x":7,"e1y":9,"l1x":7,"l1y":10},{"data":1000010,"lvl":9,"x":39,"y":22,"e1x":7,"e1y":11,"l1x":7,"l1y":11},{"data":1000010,"lvl":8,"x":11,"y":10,"e1x":5,"e1y":19,"l1x":5,"l1y":19},{"data":1000008,"lvl":11,"x":12,"y":12,"e1x":27,"e1y":24,"l1x":27,"l1y":24},{"data":1000000,"lvl":7,"x":13,"y":3,"units":[[4000013,2]],"storage_type":0,"e1x":28,"e1y":8,"l1x":28,"l1y":8},{"data":1000008,"lvl":11,"x":21,"y":9,"e1x":27,"e1y":33,"l1x":27,"l1y":33},{"data":1000009,"lvl":12,"x":15,"y":9,"e1x":30,"e1y":14,"l1x":30,"l1y":14},{"data":1000006,"lvl":9,"x":36,"y":22,"unit_prod":{"unit_type":0},"e1x":20,"e1y":4,"l1x":20,"l1y":4},{"data":1000013,"lvl":7,"x":8,"y":8,"e1x":24,"e1y":24,"l1x":24,"l1y":24},{"data":1000012,"lvl":7,"x":12,"y":15,"e1x":20,"e1y":12,"l1x":20,"l1y":12},{"data":1000026,"lvl":5,"x":5,"y":30,"unit_prod":{"unit_type":0},"e1x":14,"e1y":37,"l1x":14,"l1y":37},{"data":1000024,"lvl":5,"x":16,"y":27,"e1x":8,"e1y":8,"l1x":12,"l1y":8},{"data":1000022,"lvl":0,"x":29,"y":20,"e1x":24,"e1y":19,"l1x":24,"l1y":19},{"data":1000019,"lvl":7,"x":18,"y":5,"e1x":24,"e1y":15,"l1x":15,"l1y":24},{"data":1000019,"lvl":7,"x":6,"y":21,"e1x":15,"e1y":24,"l1x":24,"l1y":15},{"data":1000003,"lvl":10,"x":21,"y":12,"e1x":23,"e1y":36,"l1x":23,"l1y":36},{"data":1000005,"lvl":10,"x":12,"y":9,"e1x":30,"e1y":36,"l1x":30,"l1y":36},{"data":1000009,"lvl":12,"x":25,"y":11,"e1x":33,"e1y":24,"l1x":33,"l1y":24},{"data":1000012,"lvl":7,"x":25,"y":14,"e1x":11,"e1y":16,"l1x":11,"l1y":16},{"data":1000011,"lvl":7,"x":9,"y":18,"e1x":26,"e1y":30,"l1x":26,"l1y":30},{"data":1000010,"lvl":8,"x":11,"y":11,"e1x":6,"e1y":15,"l1x":6,"l1y":15},{"data":1000010,"lvl":9,"x":39,"y":23,"e1x":7,"e1y":12,"l1x":7,"l1y":12},{"data":1000010,"lvl":9,"x":39,"y":24,"e1x":7,"e1y":13,"l1x":7,"l1y":13},{"data":1000010,"lvl":9,"x":39,"y":25,"e1x":5,"e1y":15,"l1x":5,"l1y":15},{"data":1000010,"lvl":9,"x":39,"y":26,"e1x":7,"e1y":14,"l1x":7,"l1y":14},{"data":1000010,"lvl":9,"x":39,"y":27,"e1x":14,"e1y":15,"l1x":14,"l1y":15},{"data":1000010,"lvl":8,"x":10,"y":11,"e1x":19,"e1y":5,"l1x":19,"l1y":5},{"data":1000010,"lvl":9,"x":39,"y":28,"e1x":13,"e1y":15,"l1x":13,"l1y":15},{"data":1000010,"lvl":9,"x":38,"y":36,"e1x":19,"e1y":4,"l1x":19,"l1y":4},{"data":1000010,"lvl":8,"x":9,"y":11,"e1x":18,"e1y":4,"l1x":18,"l1y":4},{"data":1000010,"lvl":9,"x":38,"y":35,"e1x":12,"e1y":15,"l1x":12,"l1y":15},{"data":1000010,"lvl":9,"x":38,"y":37,"e1x":11,"e1y":15,"l1x":11,"l1y":15},{"data":1000010,"lvl":9,"x":16,"y":30,"e1x":10,"e1y":15,"l1x":10,"l1y":15},{"data":1000010,"lvl":9,"x":17,"y":30,"e1x":9,"e1y":15,"l1x":9,"l1y":15},{"data":1000010,"lvl":9,"x":18,"y":30,"e1x":8,"e1y":15,"l1x":8,"l1y":15},{"data":1000010,"lvl":9,"x":19,"y":30,"e1x":7,"e1y":15,"l1x":7,"l1y":15},{"data":1000010,"lvl":9,"x":20,"y":30,"e1x":15,"e1y":14,"l1x":15,"l1y":14},{"data":1000010,"lvl":9,"x":21,"y":30,"e1x":15,"e1y":13,"l1x":15,"l1y":13},{"data":1000010,"lvl":9,"x":22,"y":30,"e1x":15,"e1y":12,"l1x":15,"l1y":12},{"data":1000010,"lvl":9,"x":23,"y":30,"e1x":15,"e1y":11,"l1x":15,"l1y":11},{"data":1000010,"lvl":9,"x":24,"y":30,"e1x":15,"e1y":10,"l1x":15,"l1y":10},{"data":1000010,"lvl":9,"x":25,"y":30,"e1x":15,"e1y":9,"l1x":15,"l1y":9},{"data":1000010,"lvl":9,"x":26,"y":30,"e1x":15,"e1y":8,"l1x":15,"l1y":8},{"data":1000010,"lvl":9,"x":27,"y":30,"e1x":15,"e1y":7,"l1x":15,"l1y":7},{"data":1000010,"lvl":9,"x":39,"y":31,"e1x":14,"e1y":7,"l1x":14,"l1y":7},{"data":1000010,"lvl":9,"x":38,"y":39,"e1x":13,"e1y":7,"l1x":13,"l1y":7},{"data":1000010,"lvl":8,"x":12,"y":35,"e1x":15,"e1y":5,"l1x":15,"l1y":5},{"data":1000010,"lvl":9,"x":24,"y":19,"e1x":12,"e1y":7,"l1x":12,"l1y":7},{"data":1000010,"lvl":9,"x":16,"y":21,"e1x":11,"e1y":7,"l1x":11,"l1y":7},{"data":1000010,"lvl":9,"x":24,"y":17,"e1x":7,"e1y":10,"l1x":10,"l1y":7},{"data":1000010,"lvl":9,"x":23,"y":17,"e1x":10,"e1y":7,"l1x":9,"l1y":7},{"data":1000010,"lvl":9,"x":22,"y":17,"e1x":9,"e1y":7,"l1x":8,"l1y":7},{"data":1000010,"lvl":9,"x":21,"y":17,"e1x":8,"e1y":7,"l1x":7,"l1y":7},{"data":1000010,"lvl":9,"x":20,"y":17,"e1x":20,"e1y":23,"l1x":20,"l1y":23},{"data":1000010,"lvl":9,"x":19,"y":17,"e1x":15,"e1y":21,"l1x":15,"l1y":21},{"data":1000010,"lvl":9,"x":18,"y":17,"e1x":19,"e1y":23,"l1x":19,"l1y":23},{"data":1000010,"lvl":9,"x":17,"y":17,"e1x":15,"e1y":22,"l1x":15,"l1y":22},{"data":1000010,"lvl":9,"x":16,"y":17,"e1x":18,"e1y":23,"l1x":18,"l1y":23},{"data":1000010,"lvl":9,"x":38,"y":29,"e1x":21,"e1y":18,"l1x":21,"l1y":18},{"data":1000010,"lvl":9,"x":38,"y":28,"e1x":15,"e1y":15,"l1x":15,"l1y":15},{"data":1000010,"lvl":9,"x":38,"y":27,"e1x":16,"e1y":15,"l1x":16,"l1y":15},{"data":1000010,"lvl":9,"x":24,"y":18,"e1x":17,"e1y":15,"l1x":17,"l1y":15},{"data":1000010,"lvl":9,"x":38,"y":38,"e1x":20,"e1y":18,"l1x":20,"l1y":18},{"data":1000010,"lvl":10,"x":38,"y":26,"e1x":23,"e1y":23,"l1x":23,"l1y":23},{"data":1000010,"lvl":9,"x":38,"y":34,"e1x":23,"e1y":18,"l1x":23,"l1y":18},{"data":1000010,"lvl":9,"x":38,"y":33,"e1x":23,"e1y":22,"l1x":23,"l1y":22},{"data":1000010,"lvl":9,"x":38,"y":32,"e1x":18,"e1y":20,"l1x":18,"l1y":20},{"data":1000010,"lvl":9,"x":38,"y":31,"e1x":23,"e1y":16,"l1x":23,"l1y":16},{"data":1000010,"lvl":9,"x":38,"y":30,"e1x":23,"e1y":17,"l1x":23,"l1y":17},{"data":1000010,"lvl":9,"x":24,"y":25,"e1x":23,"e1y":19,"l1x":23,"l1y":19},{"data":1000019,"lvl":7,"x":30,"y":30,"e1x":22,"e1y":25,"l1x":22,"l1y":25},{"data":1000023,"lvl":5,"boost_t":29491,"x":13,"y":35,"res_time":57566,"e1x":10,"e1y":24,"l1x":10,"l1y":24},{"data":1000026,"lvl":5,"x":36,"y":17,"unit_prod":{"unit_type":0},"e1x":37,"e1y":14,"l1x":37,"l1y":14},{"data":1000025,"lvl":0,"x":12,"y":21,"e1x":19,"e1y":24,"l1x":19,"l1y":24},{"data":1000021,"lvl":3,"x":29,"y":17,"attack_mode":false,"attack_mode_war":false,"attack_mode_draft":false,"attack_mode_draft_war":false,"ammo":1500,"e1x":27,"e1y":18,"l1x":14,"l1y":26},{"data":1000005,"lvl":10,"x":18,"y":14,"e1x":36,"e1y":30,"l1x":36,"l1y":30},{"data":1000003,"lvl":10,"x":19,"y":31,"e1x":36,"e1y":23,"l1x":36,"l1y":23},{"data":1000023,"lvl":5,"boost_t":29494,"x":29,"y":27,"res_time":57563,"e1x":24,"e1y":10,"l1x":24,"l1y":10},{"data":1000009,"lvl":12,"x":14,"y":31,"e1x":24,"e1y":33,"l1x":24,"l1y":33},{"data":1000021,"lvl":3,"x":22,"y":27,"attack_mode":false,"attack_mode_war":false,"attack_mode_draft":false,"attack_mode_draft_war":false,"ammo":1500,"e1x":18,"e1y":27,"l1x":26,"l1y":14},{"data":1000012,"lvl":7,"x":25,"y":27,"e1x":16,"e1y":11,"l1x":16,"l1y":11},{"data":1000011,"lvl":7,"x":18,"y":9,"e1x":30,"e1y":26,"l1x":30,"l1y":26},{"data":1000010,"lvl":9,"x":12,"y":36,"e1x":23,"e1y":21,"l1x":23,"l1y":21},{"data":1000010,"lvl":9,"x":11,"y":36,"e1x":15,"e1y":23,"l1x":15,"l1y":23},{"data":1000010,"lvl":9,"x":10,"y":36,"e1x":21,"e1y":23,"l1x":21,"l1y":23},{"data":1000010,"lvl":9,"x":9,"y":36,"e1x":23,"e1y":20,"l1x":23,"l1y":20},{"data":1000010,"lvl":9,"x":16,"y":26,"e1x":15,"e1y":16,"l1x":15,"l1y":16},{"data":1000010,"lvl":9,"x":17,"y":26,"e1x":15,"e1y":20,"l1x":15,"l1y":20},{"data":1000010,"lvl":9,"x":17,"y":21,"e1x":15,"e1y":19,"l1x":15,"l1y":19},{"data":1000010,"lvl":9,"x":18,"y":21,"e1x":16,"e1y":23,"l1x":16,"l1y":23},{"data":1000010,"lvl":9,"x":19,"y":21,"e1x":17,"e1y":23,"l1x":17,"l1y":23},{"data":1000010,"lvl":9,"x":20,"y":21,"e1x":18,"e1y":21,"l1x":18,"l1y":21},{"data":1000010,"lvl":9,"x":21,"y":21,"e1x":20,"e1y":16,"l1x":20,"l1y":16},{"data":1000010,"lvl":9,"x":22,"y":21,"e1x":18,"e1y":22,"l1x":18,"l1y":22},{"data":1000010,"lvl":9,"x":23,"y":21,"e1x":20,"e1y":17,"l1x":20,"l1y":17},{"data":1000010,"lvl":9,"x":18,"y":26,"e1x":22,"e1y":18,"l1x":22,"l1y":18},{"data":1000010,"lvl":9,"x":19,"y":26,"e1x":17,"e1y":20,"l1x":17,"l1y":20},{"data":1000010,"lvl":9,"x":20,"y":26,"e1x":20,"e1y":15,"l1x":20,"l1y":15},{"data":1000010,"lvl":9,"x":21,"y":26,"e1x":23,"e1y":15,"l1x":23,"l1y":15},{"data":1000010,"lvl":9,"x":22,"y":26,"e1x":22,"e1y":15,"l1x":22,"l1y":15},{"data":1000010,"lvl":9,"x":23,"y":26,"e1x":16,"e1y":20,"l1x":16,"l1y":20},{"data":1000010,"lvl":9,"x":24,"y":26,"e1x":18,"e1y":15,"l1x":18,"l1y":15},{"data":1000010,"lvl":9,"x":24,"y":23,"e1x":21,"e1y":15,"l1x":21,"l1y":15},{"data":1000010,"lvl":9,"x":24,"y":22,"e1x":19,"e1y":15,"l1x":19,"l1y":15},{"data":1000010,"lvl":9,"x":24,"y":21,"e1x":22,"e1y":23,"l1x":22,"l1y":23},{"data":1000010,"lvl":9,"x":24,"y":20,"e1x":15,"e1y":18,"l1x":15,"l1y":18},{"data":1000010,"lvl":9,"x":24,"y":24,"e1x":15,"e1y":17,"l1x":15,"l1y":17},{"data":1000019,"lvl":7,"x":17,"y":32,"e1x":25,"e1y":22,"l1x":25,"l1y":22},{"data":1000027,"lvl":2,"x":19,"y":22,"attack_mode":true,"attack_mode_war":false,"attack_mode_draft":true,"attack_mode_draft_war":false,"ammo":750,"e1x":21,"e1y":16,"l1x":21,"l1y":16},{"data":1000008,"lvl":11,"x":22,"y":31,"e1x":33,"e1y":27,"l1x":33,"l1y":27},{"data":1000009,"lvl":12,"x":19,"y":27,"e1x":33,"e1y":33,"l1x":33,"l1y":33},{"data":1000002,"lvl":10,"boost_t":29471,"x":25,"y":31,"res_time":179954,"e1x":33,"e1y":30,"l1x":33,"l1y":30},{"data":1000004,"lvl":10,"boost_t":29515,"x":32,"y":32,"res_time":179956,"e1x":36,"e1y":33,"l1x":36,"l1y":33},{"data":1000023,"lvl":5,"boost_t":29487,"x":15,"y":14,"res_time":57561,"e1x":8,"e1y":12,"l1x":8,"l1y":12},{"data":1000021,"lvl":3,"x":16,"y":18,"attack_mode":false,"attack_mode_war":true,"attack_mode_draft":false,"attack_mode_draft_war":true,"ammo":1500,"e1x":12,"e1y":12,"l1x":12,"l1y":12},{"data":1000027,"lvl":2,"x":18,"y":24,"attack_mode":false,"attack_mode_war":true,"attack_mode_draft":false,"attack_mode_draft_war":true,"ammo":750,"e1x":16,"e1y":21,"l1x":16,"l1y":21}],"obstacles":[{"data":8000028,"x":41,"y":41,"l1x":-1,"l1y":-1,"loot_multiply_ver":1},{"data":8000008,"x":0,"y":31,"l1x":-1,"l1y":-1,"loot_multiply_ver":2},{"data":8000005,"x":41,"y":5,"l1x":-1,"l1y":-1,"loot_multiply_ver":2},{"data":8000006,"x":2,"y":36,"l1x":-1,"l1y":-1,"loot_multiply_ver":2},{"data":8000007,"x":38,"y":5,"l1x":-1,"l1y":-1,"loot_multiply_ver":2},{"data":8000000,"x":0,"y":19,"l1x":-1,"l1y":-1,"loot_multiply_ver":2},{"data":8000000,"x":7,"y":39,"l1x":-1,"l1y":-1,"loot_multiply_ver":2},{"data":8000000,"x":10,"y":42,"l1x":-1,"l1y":-1,"loot_multiply_ver":2},{"data":8000008,"x":35,"y":1,"l1x":-1,"l1y":-1,"loot_multiply_ver":2},{"data":8000008,"x":13,"y":42,"l1x":-1,"l1y":-1,"loot_multiply_ver":2},{"data":8000010,"x":0,"y":24,"l1x":-1,"l1y":-1,"loot_multiply_ver":2},{"data":8000000,"x":41,"y":35,"l1x":-1,"l1y":-1,"loot_multiply_ver":2},{"data":8000004,"x":26,"y":0,"l1x":-1,"l1y":-1,"loot_multiply_ver":2},{"data":8000004,"x":0,"y":0,"l1x":-1,"l1y":-1,"loot_multiply_ver":2},{"data":8000008,"x":14,"y":0,"l1x":-1,"l1y":-1,"loot_multiply_ver":2},{"data":8000004,"x":29,"y":2,"l1x":-1,"l1y":-1,"loot_multiply_ver":2},{"data":8000010,"x":17,"y":1,"l1x":-1,"l1y":-1,"loot_multiply_ver":2},{"data":8000005,"x":41,"y":10,"l1x":-1,"l1y":-1,"loot_multiply_ver":2},{"data":8000010,"x":0,"y":6,"l1x":-1,"l1y":-1,"loot_multiply_ver":2},{"data":8000006,"x":0,"y":14,"l1x":-1,"l1y":-1,"loot_multiply_ver":2},{"data":8000010,"x":11,"y":0,"l1x":-1,"l1y":-1,"loot_multiply_ver":2},{"data":8000007,"x":42,"y":15,"l1x":-1,"l1y":-1,"loot_multiply_ver":2},{"data":8000010,"x":42,"y":27,"l1x":-1,"l1y":-1,"loot_multiply_ver":2},{"data":8000004,"x":0,"y":42,"l1x":-1,"l1y":-1,"loot_multiply_ver":2},{"data":8000000,"x":3,"y":2,"l1x":-1,"l1y":-1,"loot_multiply_ver":2},{"data":8000008,"x":2,"y":11,"l1x":-1,"l1y":-1,"loot_multiply_ver":2},{"data":8000006,"x":42,"y":22,"l1x":-1,"l1y":-1,"loot_multiply_ver":2},{"data":8000008,"x":42,"y":19,"l1x":-1,"l1y":-1,"loot_multiply_ver":2},{"data":8000010,"x":5,"y":36,"l1x":-1,"l1y":-1,"loot_multiply_ver":2},{"data":8000008,"x":32,"y":2,"l1x":-1,"l1y":-1,"loot_multiply_ver":2},{"data":8000004,"x":42,"y":32,"l1x":-1,"l1y":-1,"loot_multiply_ver":2},{"data":8000007,"x":3,"y":29,"l1x":-1,"l1y":-1,"loot_multiply_ver":2},{"data":8000000,"x":36,"y":41,"l1x":-1,"l1y":-1,"loot_multiply_ver":2},{"data":8000004,"x":7,"y":2,"l1x":-1,"l1y":-1,"loot_multiply_ver":2},{"data":8000000,"x":41,"y":1,"l1x":-1,"l1y":-1,"loot_multiply_ver":2},{"data":8000008,"x":2,"y":39,"l1x":-1,"l1y":-1,"loot_multiply_ver":2},{"data":8000010,"x":38,"y":2,"l1x":-1,"l1y":-1,"loot_multiply_ver":2},{"data":8000004,"x":32,"y":42,"l1x":-1,"l1y":-1,"loot_multiply_ver":2},{"data":8000008,"x":22,"y":41,"l1x":-1,"l1y":-1,"loot_multiply_ver":2},{"data":8000004,"x":36,"y":37,"l1x":-1,"l1y":-1,"loot_multiply_ver":2},{"data":8000030,"x":0,"y":37,"l1x":-1,"l1y":-1,"loot_multiply_ver":1}],"traps":[{"data":12000005,"lvl":3,"x":21,"y":39,"e1x":11,"e1y":6,"l1x":23,"l1y":4},{"data":12000006,"lvl":2,"x":29,"y":23,"e1x":25,"e1y":32,"l1x":16,"l1y":14},{"data":12000000,"lvl":5,"x":27,"y":40,"e1x":26,"e1y":38,"l1x":26,"l1y":38},{"data":12000000,"lvl":5,"x":28,"y":40,"e1x":36,"e1y":26,"l1x":36,"l1y":26},{"data":12000000,"lvl":5,"x":27,"y":41,"e1x":26,"e1y":36,"l1x":26,"l1y":36},{"data":12000001,"lvl":0,"x":18,"y":4,"e1x":18,"e1y":35,"l1x":20,"l1y":35},{"data":12000005,"lvl":3,"x":36,"y":15,"e1x":6,"e1y":11,"l1x":4,"l1y":23},{"data":12000001,"lvl":0,"x":12,"y":39,"e1x":17,"e1y":35,"l1x":17,"l1y":34},{"data":12000001,"lvl":0,"x":35,"y":39,"e1x":17,"e1y":34,"l1x":18,"l1y":35},{"data":12000006,"lvl":2,"x":23,"y":18,"e1x":28,"e1y":28,"l1x":6,"l1y":11},{"data":12000000,"lvl":5,"x":28,"y":41,"e1x":37,"e1y":26,"l1x":37,"l1y":26},{"data":12000000,"lvl":5,"x":27,"y":39,"e1x":26,"e1y":37,"l1x":26,"l1y":37},{"data":12000000,"lvl":5,"x":28,"y":39,"e1x":38,"e1y":26,"l1x":38,"l1y":26},{"data":12000001,"lvl":0,"x":5,"y":22,"e1x":34,"e1y":17,"l1x":35,"l1y":20},{"data":12000002,"lvl":3,"x":21,"y":15,"e1x":18,"e1y":40,"l1x":19,"l1y":30},{"data":12000001,"lvl":0,"x":5,"y":21,"e1x":35,"e1y":17,"l1x":34,"l1y":17},{"data":12000001,"lvl":0,"x":19,"y":4,"e1x":35,"e1y":18,"l1x":35,"l1y":18},{"data":12000005,"lvl":3,"x":36,"y":39,"e1x":27,"e1y":27,"l1x":18,"l1y":9},{"data":12000005,"lvl":3,"x":12,"y":7,"e1x":13,"e1y":37,"l1x":9,"l1y":18},{"data":12000002,"lvl":3,"x":32,"y":39,"e1x":38,"e1y":38,"l1x":31,"l1y":24},{"data":12000002,"lvl":3,"x":6,"y":28,"e1x":40,"e1y":27,"l1x":30,"l1y":19},{"data":12000002,"lvl":3,"x":22,"y":39,"e1x":40,"e1y":18,"l1x":24,"l1y":31},{"data":12000006,"lvl":2,"x":16,"y":25,"e1x":19,"e1y":35,"l1x":5,"l1y":18},{"data":12000006,"lvl":2,"x":18,"y":31,"e1x":32,"e1y":25,"l1x":18,"l1y":5},{"data":12000006,"lvl":2,"x":24,"y":11,"e1x":35,"e1y":19,"l1x":11,"l1y":6},{"data":12000005,"lvl":3,"x":7,"y":36,"e1x":37,"e1y":13,"l1x":14,"l1y":16},{"data":12000002,"lvl":3,"x":16,"y":12,"e1x":27,"e1y":40,"l1x":27,"l1y":27}],"decos":[{"data":18000000,"x":20,"y":40,"e1x":8,"e1y":5,"l1x":8,"l1y":5},{"data":18000033,"x":14,"y":40,"e1x":5,"e1y":8,"l1x":5,"l1y":8},{"data":18000004,"x":17,"y":40,"e1x":5,"e1y":5,"l1x":5,"l1y":5}],"respawnVars":{"secondsFromLastRespawn":155,"respawnSeed":327734408,"obstacleClearCounter":13,"time_to_gembox_drop":114438,"time_in_gembox_period":576000},"cooldowns":[{"cooldown":3650012,"target":20000000},{"cooldown":11364179,"target":20000001}],"newShopBuildings":[4,0,7,4,7,4,4,1,6,7,250,4,4,3,1,5,0,0,0,4,1,3,1,3,1,1,2,2],"newShopTraps":[6,6,5,0,0,5,5,0],"newShopDecos":[1,4,0,1,1,4,4,1,1,1,1,1,1,1,1,1,1,1,1,1,1,1,1,1,1,1,1,1,1,1,1,1,1,1,1,1,1],"last_league_rank":16,"last_league_shuffle":1,"last_news_seen":81,"edit_mode_shown":true,"troop_req_msg":"2-2-3,ty ....","war_req_msg":"Xin cung ch.m nh. ae ....","war_tutorials_seen":0,"war_base":true}