{.........*....f={"buildings":[{"data":1000001,"lvl":9,"x":19,"y":19,"l1x":20,"l1y":20},{"data":1000004,"lvl":10,"x":16,"y":3,"res_time":76470,"l1x":17,"l1y":4},{"data":1000000,"lvl":7,"x":36,"y":9,"units":[[4000001,1],[4000013,1]],"storage_type":0,"l1x":28,"l1y":5},{"data":1000015,"lvl":0,"x":11,"y":7,"l1x":8,"l1y":34},{"data":1000014,"lvl":5,"x":24,"y":24,"l1x":16,"l1y":16},{"data":1000008,"lvl":11,"x":11,"y":26,"l1x":7,"l1y":16},{"data":1000015,"lvl":0,"x":13,"y":18,"l1x":16,"l1y":11},{"data":1000002,"lvl":10,"x":3,"y":16,"res_time":176297,"l1x":24,"l1y":4},{"data":1000003,"lvl":10,"x":7,"y":17,"l1x":21,"l1y":7},{"data":1000005,"lvl":10,"x":25,"y":34,"l1x":28,"l1y":15},{"data":1000006,"lvl":9,"x":7,"y":14,"unit_prod":{"unit_type":0},"l1x":11,"l1y":36},{"data":1000004,"lvl":10,"x":3,"y":28,"res_time":144152,"l1x":4,"l1y":16},{"data":1000002,"lvl":10,"x":3,"y":24,"res_time":176298,"l1x":4,"l1y":24},{"data":1000006,"lvl":9,"x":4,"y":20,"unit_prod":{"unit_type":0},"l1x":16,"l1y":36},{"data":1000008,"lvl":11,"x":27,"y":11,"l1x":17,"l1y":7},{"data":1000002,"lvl":10,"x":24,"y":3,"res_time":168356,"l1x":32,"l1y":21},{"data":1000004,"lvl":10,"x":6,"y":31,"res_time":144152,"l1x":32,"l1y":29},{"data":1000010,"lvl":10,"x":17,"y":11,"l1x":8,"l1y":5},{"data":1000010,"lvl":10,"x":11,"y":17,"l1x":6,"l1y":5},{"data":1000010,"lvl":10,"x":6,"y":13,"l1x":5,"l1y":8},{"data":1000010,"lvl":10,"x":6,"y":14,"l1x":5,"l1y":6},{"data":1000010,"lvl":10,"x":6,"y":15,"l1x":16,"l1y":3},{"data":1000010,"lvl":10,"x":6,"y":16,"l1x":17,"l1y":3},{"data":1000010,"lvl":10,"x":6,"y":17,"l1x":18,"l1y":3},{"data":1000010,"lvl":10,"x":6,"y":18,"l1x":19,"l1y":3},{"data":1000010,"lvl":10,"x":6,"y":19,"l1x":20,"l1y":3},{"data":1000000,"lvl":7,"x":9,"y":36,"units":[[4000004,8],[4000006,11]],"storage_type":0,"l1x":5,"l1y":28},{"data":1000009,"lvl":12,"x":7,"y":20,"l1x":24,"l1y":7},{"data":1000005,"lvl":10,"x":34,"y":25,"l1x":15,"l1y":28},{"data":1000003,"lvl":10,"x":17,"y":7,"l1x":7,"l1y":21},{"data":1000010,"lvl":10,"x":5,"y":19,"l1x":21,"l1y":3},{"data":1000010,"lvl":10,"x":4,"y":19,"l1x":22,"l1y":3},{"data":1000010,"lvl":10,"x":3,"y":19,"l1x":23,"l1y":3},{"data":1000010,"lvl":10,"x":3,"y":20,"l1x":24,"l1y":3},{"data":1000010,"lvl":10,"x":3,"y":21,"l1x":25,"l1y":3},{"data":1000010,"lvl":10,"x":3,"y":22,"l1x":26,"l1y":3},{"data":1000010,"lvl":10,"x":3,"y":23,"l1x":27,"l1y":3},{"data":1000010,"lvl":10,"x":4,"y":23,"l1x":27,"l1y":4},{"data":1000010,"lvl":10,"x":5,"y":23,"l1x":27,"l1y":5},{"data":1000010,"lvl":10,"x":7,"y":13,"l1x":27,"l1y":6},{"data":1000010,"lvl":10,"x":8,"y":13,"l1x":27,"l1y":7},{"data":1000010,"lvl":10,"x":9,"y":13,"l1x":27,"l1y":8},{"data":1000010,"lvl":10,"x":9,"y":12,"l1x":27,"l1y":9},{"data":1000010,"lvl":10,"x":9,"y":11,"l1x":15,"l1y":3},{"data":1000010,"lvl":10,"x":9,"y":10,"l1x":15,"l1y":4},{"data":1000010,"lvl":10,"x":9,"y":9,"l1x":15,"l1y":5},{"data":1000010,"lvl":10,"x":10,"y":9,"l1x":15,"l1y":6},{"data":1000010,"lvl":10,"x":11,"y":9,"l1x":15,"l1y":7},{"data":1000010,"lvl":10,"x":12,"y":9,"l1x":15,"l1y":8},{"data":1000010,"lvl":10,"x":13,"y":9,"l1x":15,"l1y":9},{"data":1000010,"lvl":10,"x":13,"y":8,"l1x":4,"l1y":27},{"data":1000010,"lvl":10,"x":13,"y":7,"l1x":5,"l1y":27},{"data":1000010,"lvl":10,"x":13,"y":6,"l1x":6,"l1y":27},{"data":1000010,"lvl":10,"x":14,"y":6,"l1x":7,"l1y":27},{"data":1000010,"lvl":10,"x":15,"y":6,"l1x":8,"l1y":27},{"data":1000010,"lvl":10,"x":16,"y":6,"l1x":9,"l1y":27},{"data":1000010,"lvl":10,"x":17,"y":6,"l1x":3,"l1y":27},{"data":1000010,"lvl":10,"x":18,"y":6,"l1x":3,"l1y":26},{"data":1000010,"lvl":10,"x":19,"y":6,"l1x":3,"l1y":25},{"data":1000010,"lvl":10,"x":19,"y":5,"l1x":3,"l1y":24},{"data":1000010,"lvl":10,"x":19,"y":4,"l1x":3,"l1y":23},{"data":1000010,"lvl":10,"x":19,"y":3,"l1x":3,"l1y":22},{"data":1000010,"lvl":10,"x":20,"y":3,"l1x":3,"l1y":21},{"data":1000010,"lvl":10,"x":21,"y":3,"l1x":3,"l1y":20},{"data":1000010,"lvl":10,"x":22,"y":3,"l1x":3,"l1y":19},{"data":1000010,"lvl":10,"x":23,"y":3,"l1x":3,"l1y":18},{"data":1000010,"lvl":10,"x":23,"y":4,"l1x":3,"l1y":17},{"data":1000010,"lvl":10,"x":23,"y":9,"l1x":3,"l1y":16},{"data":1000010,"lvl":10,"x":23,"y":8,"l1x":3,"l1y":15},{"data":1000010,"lvl":10,"x":23,"y":7,"l1x":4,"l1y":15},{"data":1000010,"lvl":10,"x":23,"y":6,"l1x":5,"l1y":15},{"data":1000007,"lvl":7,"x":5,"y":5,"l1x":8,"l1y":8},{"data":1000013,"lvl":7,"x":20,"y":16,"l1x":13,"l1y":13},{"data":1000010,"lvl":10,"x":24,"y":6,"l1x":6,"l1y":15},{"data":1000010,"lvl":10,"x":25,"y":6,"l1x":7,"l1y":15},{"data":1000010,"lvl":10,"x":26,"y":6,"l1x":8,"l1y":15},{"data":1000010,"lvl":10,"x":27,"y":6,"l1x":9,"l1y":15},{"data":1000010,"lvl":10,"x":28,"y":6,"l1x":13,"l1y":12},{"data":1000010,"lvl":10,"x":29,"y":6,"l1x":14,"l1y":12},{"data":1000010,"lvl":10,"x":9,"y":23,"l1x":14,"l1y":11},{"data":1000010,"lvl":10,"x":8,"y":23,"l1x":14,"l1y":10},{"data":1000010,"lvl":10,"x":7,"y":23,"l1x":15,"l1y":10},{"data":1000010,"lvl":10,"x":6,"y":23,"l1x":16,"l1y":10},{"data":1000010,"lvl":10,"x":6,"y":24,"l1x":17,"l1y":10},{"data":1000010,"lvl":10,"x":6,"y":25,"l1x":18,"l1y":10},{"data":1000010,"lvl":10,"x":6,"y":26,"l1x":19,"l1y":10},{"data":1000010,"lvl":10,"x":6,"y":27,"l1x":20,"l1y":10},{"data":1000010,"lvl":10,"x":6,"y":28,"l1x":21,"l1y":10},{"data":1000010,"lvl":10,"x":6,"y":29,"l1x":22,"l1y":10},{"data":1000010,"lvl":10,"x":6,"y":30,"l1x":23,"l1y":10},{"data":1000010,"lvl":10,"x":13,"y":10,"l1x":24,"l1y":10},{"data":1000010,"lvl":10,"x":14,"y":10,"l1x":25,"l1y":10},{"data":1000010,"lvl":10,"x":15,"y":10,"l1x":26,"l1y":10},{"data":1000010,"lvl":10,"x":16,"y":10,"l1x":27,"l1y":10},{"data":1000010,"lvl":10,"x":17,"y":10,"l1x":12,"l1y":12},{"data":1000010,"lvl":10,"x":18,"y":10,"l1x":12,"l1y":13},{"data":1000010,"lvl":10,"x":19,"y":10,"l1x":12,"l1y":14},{"data":1000010,"lvl":10,"x":20,"y":10,"l1x":11,"l1y":14},{"data":1000009,"lvl":12,"x":20,"y":7,"l1x":7,"l1y":24},{"data":1000006,"lvl":9,"x":14,"y":7,"unit_prod":{"unit_type":0},"l1x":36,"l1y":12},{"data":1000002,"lvl":10,"x":27,"y":7,"res_time":168356,"l1x":21,"l1y":32},{"data":1000004,"lvl":10,"x":14,"y":35,"res_time":144151,"l1x":29,"l1y":32},{"data":1000012,"lvl":7,"x":12,"y":20,"l1x":11,"l1y":21},{"data":1000015,"lvl":0,"x":18,"y":13,"l1x":11,"l1y":16},{"data":1000015,"lvl":0,"x":28,"y":34,"l1x":11,"l1y":29},{"data":1000015,"lvl":0,"x":34,"y":28,"l1x":29,"l1y":11},{"data":1000004,"lvl":10,"x":35,"y":14,"res_time":144149,"l1x":36,"l1y":22},{"data":1000002,"lvl":10,"x":7,"y":27,"res_time":168359,"l1x":25,"l1y":36},{"data":1000008,"lvl":11,"x":30,"y":18,"l1x":16,"l1y":13},{"data":1000009,"lvl":12,"x":10,"y":10,"l1x":24,"l1y":21},{"data":1000000,"lvl":7,"x":9,"y":31,"units":[[4000009,1],[4000004,18]],"storage_type":0,"l1x":10,"l1y":2},{"data":1000010,"lvl":10,"x":21,"y":10,"l1x":10,"l1y":14},{"data":1000010,"lvl":10,"x":22,"y":10,"l1x":10,"l1y":15},{"data":1000010,"lvl":10,"x":23,"y":10,"l1x":10,"l1y":16},{"data":1000010,"lvl":10,"x":24,"y":10,"l1x":10,"l1y":17},{"data":1000010,"lvl":10,"x":25,"y":10,"l1x":10,"l1y":18},{"data":1000010,"lvl":10,"x":26,"y":10,"l1x":10,"l1y":19},{"data":1000010,"lvl":10,"x":27,"y":10,"l1x":10,"l1y":20},{"data":1000010,"lvl":10,"x":28,"y":10,"l1x":10,"l1y":21},{"data":1000010,"lvl":10,"x":29,"y":10,"l1x":10,"l1y":22},{"data":1000010,"lvl":10,"x":10,"y":13,"l1x":10,"l1y":23},{"data":1000010,"lvl":10,"x":10,"y":14,"l1x":10,"l1y":24},{"data":1000010,"lvl":10,"x":10,"y":15,"l1x":10,"l1y":25},{"data":1000010,"lvl":10,"x":10,"y":16,"l1x":10,"l1y":26},{"data":1000010,"lvl":10,"x":10,"y":17,"l1x":10,"l1y":27},{"data":1000010,"lvl":10,"x":10,"y":18,"l1x":19,"l1y":17},{"data":1000010,"lvl":10,"x":10,"y":19,"l1x":19,"l1y":18},{"data":1000010,"lvl":10,"x":10,"y":20,"l1x":19,"l1y":19},{"data":1000010,"lvl":10,"x":10,"y":21,"l1x":18,"l1y":19},{"data":1000010,"lvl":10,"x":10,"y":22,"l1x":17,"l1y":19},{"data":1000010,"lvl":10,"x":10,"y":23,"l1x":17,"l1y":20},{"data":1000010,"lvl":10,"x":10,"y":24,"l1x":20,"l1y":17},{"data":1000010,"lvl":10,"x":10,"y":25,"l1x":21,"l1y":17},{"data":1000010,"lvl":10,"x":10,"y":28,"l1x":22,"l1y":17},{"data":1000010,"lvl":10,"x":10,"y":27,"l1x":23,"l1y":17},{"data":1000010,"lvl":10,"x":10,"y":29,"l1x":24,"l1y":17},{"data":1000011,"lvl":7,"x":15,"y":28,"l1x":25,"l1y":11},{"data":1000020,"lvl":4,"x":34,"y":34,"units":[[26000000,1],[26000002,2],[26000005,2]],"storage_type":1,"unit_prod":{"unit_type":1},"l1x":37,"l1y":37},{"data":1000002,"lvl":10,"x":34,"y":22,"res_time":176134,"l1x":32,"l1y":36},{"data":1000004,"lvl":10,"x":31,"y":6,"res_time":144146,"l1x":36,"l1y":27},{"data":1000013,"lvl":7,"x":16,"y":20,"l1x":25,"l1y":14},{"data":1000011,"lvl":7,"x":28,"y":15,"l1x":11,"l1y":25},{"data":1000010,"lvl":10,"x":10,"y":26,"l1x":25,"l1y":17},{"data":1000010,"lvl":10,"x":7,"y":30,"l1x":26,"l1y":17},{"data":1000010,"lvl":10,"x":8,"y":30,"l1x":27,"l1y":17},{"data":1000010,"lvl":10,"x":9,"y":30,"l1x":27,"l1y":18},{"data":1000010,"lvl":10,"x":10,"y":30,"l1x":27,"l1y":19},{"data":1000010,"lvl":10,"x":11,"y":30,"l1x":27,"l1y":20},{"data":1000010,"lvl":10,"x":23,"y":5,"l1x":27,"l1y":21},{"data":1000010,"lvl":10,"x":30,"y":6,"l1x":27,"l1y":22},{"data":1000010,"lvl":10,"x":30,"y":7,"l1x":27,"l1y":23},{"data":1000010,"lvl":10,"x":30,"y":8,"l1x":27,"l1y":24},{"data":1000010,"lvl":10,"x":30,"y":9,"l1x":27,"l1y":25},{"data":1000010,"lvl":10,"x":30,"y":10,"l1x":27,"l1y":26},{"data":1000010,"lvl":10,"x":30,"y":11,"l1x":17,"l1y":21},{"data":1000010,"lvl":10,"x":13,"y":11,"l1x":17,"l1y":22},{"data":1000010,"lvl":10,"x":13,"y":12,"l1x":17,"l1y":23},{"data":1000010,"lvl":10,"x":11,"y":13,"l1x":17,"l1y":24},{"data":1000010,"lvl":10,"x":12,"y":13,"l1x":17,"l1y":25},{"data":1000010,"lvl":10,"x":13,"y":13,"l1x":17,"l1y":26},{"data":1000010,"lvl":10,"x":17,"y":12,"l1x":17,"l1y":27},{"data":1000010,"lvl":10,"x":17,"y":13,"l1x":18,"l1y":27},{"data":1000010,"lvl":10,"x":12,"y":17,"l1x":19,"l1y":27},{"data":1000010,"lvl":10,"x":13,"y":17,"l1x":20,"l1y":27},{"data":1000010,"lvl":10,"x":14,"y":17,"l1x":21,"l1y":27},{"data":1000010,"lvl":10,"x":14,"y":16,"l1x":22,"l1y":27},{"data":1000010,"lvl":10,"x":14,"y":15,"l1x":23,"l1y":27},{"data":1000000,"lvl":7,"x":31,"y":9,"units":[[4000006,7],[4000013,2]],"storage_type":0,"l1x":2,"l1y":10},{"data":1000008,"lvl":11,"x":18,"y":30,"l1x":13,"l1y":16},{"data":1000009,"lvl":12,"x":14,"y":11,"l1x":21,"l1y":24},{"data":1000013,"lvl":7,"x":27,"y":27,"l1x":14,"l1y":25},{"data":1000012,"lvl":7,"x":20,"y":12,"l1x":21,"l1y":11},{"data":1000019,"lvl":7,"x":29,"y":25,"l1x":18,"l1y":20},{"data":1000006,"lvl":9,"x":20,"y":4,"unit_prod":{"unit_type":0},"l1x":36,"l1y":17},{"data":1000010,"lvl":10,"x":17,"y":14,"l1x":24,"l1y":27},{"data":1000010,"lvl":10,"x":16,"y":14,"l1x":25,"l1y":27},{"data":1000010,"lvl":10,"x":15,"y":14,"l1x":26,"l1y":27},{"data":1000010,"lvl":10,"x":14,"y":14,"l1x":27,"l1y":27},{"data":1000010,"lvl":10,"x":27,"y":17,"l1x":20,"l1y":32},{"data":1000010,"lvl":10,"x":27,"y":16,"l1x":20,"l1y":33},{"data":1000010,"lvl":10,"x":27,"y":15,"l1x":20,"l1y":34},{"data":1000010,"lvl":10,"x":27,"y":14,"l1x":34,"l1y":20},{"data":1000010,"lvl":10,"x":26,"y":14,"l1x":33,"l1y":20},{"data":1000010,"lvl":10,"x":25,"y":14,"l1x":32,"l1y":20},{"data":1000010,"lvl":10,"x":24,"y":14,"l1x":30,"l1y":13},{"data":1000010,"lvl":10,"x":23,"y":14,"l1x":29,"l1y":13},{"data":1000010,"lvl":10,"x":23,"y":15,"l1x":28,"l1y":13},{"data":1000010,"lvl":10,"x":22,"y":15,"l1x":28,"l1y":12},{"data":1000010,"lvl":10,"x":21,"y":15,"l1x":28,"l1y":11},{"data":1000010,"lvl":10,"x":20,"y":15,"l1x":28,"l1y":10},{"data":1000010,"lvl":10,"x":19,"y":15,"l1x":29,"l1y":10},{"data":1000010,"lvl":10,"x":19,"y":16,"l1x":30,"l1y":10},{"data":1000010,"lvl":10,"x":19,"y":17,"l1x":31,"l1y":10},{"data":1000010,"lvl":10,"x":19,"y":18,"l1x":14,"l1y":30},{"data":1000010,"lvl":10,"x":18,"y":18,"l1x":14,"l1y":29},{"data":1000010,"lvl":10,"x":18,"y":19,"l1x":14,"l1y":28},{"data":1000010,"lvl":10,"x":17,"y":19,"l1x":13,"l1y":28},{"data":1000010,"lvl":10,"x":16,"y":19,"l1x":12,"l1y":28},{"data":1000010,"lvl":10,"x":15,"y":19,"l1x":11,"l1y":28},{"data":1000003,"lvl":10,"x":11,"y":23,"l1x":32,"l1y":17},{"data":1000005,"lvl":10,"x":31,"y":34,"l1x":25,"l1y":28},{"data":1000009,"lvl":12,"x":11,"y":14,"l1x":32,"l1y":32},{"data":1000011,"lvl":7,"x":22,"y":30,"l1x":32,"l1y":24},{"data":1000010,"lvl":10,"x":15,"y":20,"l1x":10,"l1y":28},{"data":1000010,"lvl":10,"x":15,"y":21,"l1x":10,"l1y":29},{"data":1000010,"lvl":10,"x":15,"y":22,"l1x":10,"l1y":30},{"data":1000010,"lvl":10,"x":15,"y":23,"l1x":10,"l1y":31},{"data":1000010,"lvl":10,"x":14,"y":23,"l1x":31,"l1y":31},{"data":1000010,"lvl":10,"x":14,"y":24,"l1x":31,"l1y":30},{"data":1000010,"lvl":10,"x":14,"y":25,"l1x":31,"l1y":29},{"data":1000010,"lvl":10,"x":14,"y":26,"l1x":31,"l1y":28},{"data":1000010,"lvl":10,"x":14,"y":27,"l1x":31,"l1y":27},{"data":1000010,"lvl":10,"x":15,"y":27,"l1x":31,"l1y":26},{"data":1000010,"lvl":10,"x":16,"y":27,"l1x":31,"l1y":25},{"data":1000010,"lvl":10,"x":17,"y":27,"l1x":31,"l1y":24},{"data":1000010,"lvl":10,"x":12,"y":30,"l1x":31,"l1y":23},{"data":1000010,"lvl":10,"x":13,"y":30,"l1x":31,"l1y":22},{"data":1000010,"lvl":10,"x":14,"y":30,"l1x":31,"l1y":21},{"data":1000010,"lvl":10,"x":14,"y":31,"l1x":31,"l1y":20},{"data":1000010,"lvl":10,"x":14,"y":32,"l1x":31,"l1y":19},{"data":1000010,"lvl":10,"x":14,"y":33,"l1x":31,"l1y":18},{"data":1000010,"lvl":10,"x":14,"y":34,"l1x":31,"l1y":17},{"data":1000010,"lvl":10,"x":15,"y":34,"l1x":31,"l1y":16},{"data":1000010,"lvl":10,"x":30,"y":12,"l1x":31,"l1y":15},{"data":1000010,"lvl":10,"x":30,"y":13,"l1x":31,"l1y":14},{"data":1000010,"lvl":10,"x":30,"y":14,"l1x":31,"l1y":13},{"data":1000010,"lvl":10,"x":31,"y":14,"l1x":31,"l1y":12},{"data":1000010,"lvl":10,"x":32,"y":14,"l1x":31,"l1y":11},{"data":1000010,"lvl":10,"x":33,"y":14,"l1x":32,"l1y":11},{"data":1000010,"lvl":10,"x":34,"y":14,"l1x":33,"l1y":11},{"data":1000010,"lvl":10,"x":34,"y":15,"l1x":34,"l1y":11},{"data":1000010,"lvl":10,"x":28,"y":18,"l1x":35,"l1y":11},{"data":1000010,"lvl":10,"x":27,"y":18,"l1x":35,"l1y":12},{"data":1000010,"lvl":10,"x":26,"y":18,"l1x":35,"l1y":13},{"data":1000010,"lvl":10,"x":25,"y":18,"l1x":35,"l1y":14},{"data":1000010,"lvl":10,"x":24,"y":18,"l1x":35,"l1y":15},{"data":1000010,"lvl":10,"x":23,"y":18,"l1x":35,"l1y":16},{"data":1000010,"lvl":10,"x":23,"y":19,"l1x":35,"l1y":17},{"data":1000010,"lvl":10,"x":23,"y":20,"l1x":35,"l1y":18},{"data":1000010,"lvl":10,"x":23,"y":21,"l1x":35,"l1y":19},{"data":1000010,"lvl":10,"x":23,"y":22,"l1x":30,"l1y":31},{"data":1000010,"lvl":10,"x":23,"y":23,"l1x":29,"l1y":31},{"data":1000010,"lvl":10,"x":22,"y":23,"l1x":28,"l1y":31},{"data":1000010,"lvl":10,"x":21,"y":23,"l1x":27,"l1y":31},{"data":1000010,"lvl":10,"x":20,"y":23,"l1x":26,"l1y":31},{"data":1000010,"lvl":10,"x":19,"y":23,"l1x":25,"l1y":31},{"data":1000010,"lvl":10,"x":18,"y":23,"l1x":24,"l1y":31},{"data":1000010,"lvl":10,"x":18,"y":24,"l1x":23,"l1y":31},{"data":1000010,"lvl":10,"x":18,"y":25,"l1x":22,"l1y":31},{"data":1000010,"lvl":10,"x":18,"y":26,"l1x":21,"l1y":31},{"data":1000010,"lvl":10,"x":18,"y":27,"l1x":20,"l1y":31},{"data":1000010,"lvl":10,"x":18,"y":28,"l1x":19,"l1y":31},{"data":1000010,"lvl":10,"x":29,"y":18,"l1x":18,"l1y":31},{"data":1000019,"lvl":7,"x":25,"y":29,"l1x":18,"l1y":22},{"data":1000019,"lvl":7,"x":20,"y":27,"l1x":20,"l1y":18},{"data":1000008,"lvl":11,"x":30,"y":27,"l1x":19,"l1y":14},{"data":1000012,"lvl":7,"x":22,"y":27,"l1x":28,"l1y":22},{"data":1000019,"lvl":7,"x":27,"y":20,"l1x":22,"l1y":18},{"data":1000021,"lvl":3,"x":15,"y":15,"attack_mode":false,"attack_mode_war":true,"attack_mode_draft":false,"attack_mode_draft_war":true,"ammo":1500,"l1x":24,"l1y":18},{"data":1000009,"lvl":12,"x":15,"y":31,"l1x":32,"l1y":12},{"data":1000010,"lvl":10,"x":29,"y":19,"l1x":17,"l1y":31},{"data":1000010,"lvl":10,"x":29,"y":20,"l1x":16,"l1y":31},{"data":1000010,"lvl":10,"x":29,"y":21,"l1x":15,"l1y":31},{"data":1000010,"lvl":10,"x":18,"y":29,"l1x":14,"l1y":31},{"data":1000010,"lvl":10,"x":19,"y":29,"l1x":13,"l1y":31},{"data":1000010,"lvl":10,"x":20,"y":29,"l1x":12,"l1y":31},{"data":1000010,"lvl":10,"x":21,"y":29,"l1x":11,"l1y":31},{"data":1000010,"lvl":10,"x":21,"y":30,"l1x":11,"l1y":32},{"data":1000010,"lvl":10,"x":21,"y":31,"l1x":11,"l1y":33},{"data":1000010,"lvl":10,"x":21,"y":32,"l1x":11,"l1y":34},{"data":1000010,"lvl":10,"x":30,"y":21,"l1x":11,"l1y":35},{"data":1000010,"lvl":10,"x":31,"y":21,"l1x":12,"l1y":35},{"data":1000010,"lvl":10,"x":32,"y":21,"l1x":13,"l1y":35},{"data":1000010,"lvl":10,"x":34,"y":16,"l1x":14,"l1y":35},{"data":1000010,"lvl":10,"x":34,"y":17,"l1x":15,"l1y":35},{"data":1000010,"lvl":10,"x":16,"y":34,"l1x":16,"l1y":35},{"data":1000010,"lvl":10,"x":17,"y":34,"l1x":17,"l1y":35},{"data":1000010,"lvl":10,"x":18,"y":34,"l1x":18,"l1y":35},{"data":1000010,"lvl":10,"x":18,"y":33,"l1x":19,"l1y":35},{"data":1000010,"lvl":10,"x":19,"y":33,"l1x":20,"l1y":35},{"data":1000010,"lvl":10,"x":20,"y":33,"l1x":21,"l1y":35},{"data":1000010,"lvl":10,"x":21,"y":33,"l1x":22,"l1y":35},{"data":1000010,"lvl":10,"x":22,"y":33,"l1x":23,"l1y":35},{"data":1000010,"lvl":10,"x":23,"y":33,"l1x":24,"l1y":35},{"data":1000010,"lvl":10,"x":24,"y":33,"l1x":25,"l1y":35},{"data":1000003,"lvl":10,"x":23,"y":11,"l1x":17,"l1y":32},{"data":1000005,"lvl":10,"x":34,"y":31,"l1x":28,"l1y":25},{"data":1000023,"lvl":5,"x":6,"y":10,"res_time":53898,"l1x":20,"l1y":4},{"data":1000024,"lvl":5,"x":30,"y":30,"l1x":28,"l1y":28},{"data":1000023,"lvl":5,"x":7,"y":24,"res_time":45959,"l1x":4,"l1y":20},{"data":1000021,"lvl":3,"x":24,"y":15,"attack_mode":false,"attack_mode_war":true,"attack_mode_draft":false,"attack_mode_draft_war":true,"ammo":1500,"l1x":18,"l1y":24},{"data":1000022,"lvl":0,"x":21,"y":24,"l1x":22,"l1y":14},{"data":1000025,"lvl":0,"x":24,"y":21,"l1x":14,"l1y":22},{"data":1000026,"lvl":5,"x":19,"y":34,"unit_prod":{"unit_type":0},"l1x":12,"l1y":7},{"data":1000010,"lvl":10,"x":25,"y":33,"l1x":26,"l1y":35},{"data":1000010,"lvl":10,"x":26,"y":33,"l1x":27,"l1y":35},{"data":1000010,"lvl":10,"x":27,"y":33,"l1x":28,"l1y":35},{"data":1000010,"lvl":10,"x":28,"y":33,"l1x":29,"l1y":35},{"data":1000010,"lvl":10,"x":29,"y":33,"l1x":30,"l1y":35},{"data":1000010,"lvl":10,"x":30,"y":33,"l1x":31,"l1y":35},{"data":1000010,"lvl":10,"x":31,"y":33,"l1x":32,"l1y":35},{"data":1000010,"lvl":10,"x":32,"y":33,"l1x":33,"l1y":35},{"data":1000010,"lvl":10,"x":34,"y":18,"l1x":34,"l1y":35},{"data":1000010,"lvl":10,"x":33,"y":18,"l1x":35,"l1y":20},{"data":1000010,"lvl":10,"x":33,"y":19,"l1x":35,"l1y":21},{"data":1000010,"lvl":10,"x":33,"y":20,"l1x":35,"l1y":22},{"data":1000010,"lvl":10,"x":33,"y":21,"l1x":35,"l1y":23},{"data":1000010,"lvl":10,"x":33,"y":22,"l1x":35,"l1y":24},{"data":1000010,"lvl":10,"x":33,"y":23,"l1x":35,"l1y":25},{"data":1000010,"lvl":10,"x":33,"y":24,"l1x":35,"l1y":26},{"data":1000010,"lvl":10,"x":33,"y":25,"l1x":35,"l1y":27},{"data":1000026,"lvl":5,"x":34,"y":19,"unit_prod":{"unit_type":0},"l1x":7,"l1y":12},{"data":1000010,"lvl":10,"x":33,"y":26,"l1x":35,"l1y":28},{"data":1000010,"lvl":10,"x":33,"y":27,"l1x":35,"l1y":29},{"data":1000010,"lvl":10,"x":33,"y":28,"l1x":35,"l1y":30},{"data":1000010,"lvl":10,"x":33,"y":29,"l1x":35,"l1y":31},{"data":1000010,"lvl":10,"x":33,"y":30,"l1x":35,"l1y":32},{"data":1000010,"lvl":10,"x":33,"y":31,"l1x":35,"l1y":33},{"data":1000010,"lvl":10,"x":33,"y":32,"l1x":35,"l1y":34},{"data":1000010,"lvl":10,"x":33,"y":33,"l1x":35,"l1y":35},{"data":1000011,"lvl":7,"x":30,"y":22,"l1x":24,"l1y":32},{"data":1000012,"lvl":7,"x":27,"y":22,"l1x":22,"l1y":28},{"data":1000023,"lvl":5,"x":24,"y":7,"res_time":45956,"l1x":21,"l1y":36},{"data":1000008,"lvl":11,"x":27,"y":30,"l1x":14,"l1y":19},{"data":1000009,"lvl":12,"x":31,"y":15,"l1x":12,"l1y":32},{"data":1000027,"lvl":2,"x":19,"y":25,"attack_mode":true,"attack_mode_war":false,"attack_mode_draft":true,"attack_mode_draft_war":false,"ammo":750,"l1x":19,"l1y":28},{"data":1000021,"lvl":3,"x":15,"y":24,"attack_mode":false,"attack_mode_war":true,"attack_mode_draft":false,"attack_mode_draft_war":true,"ammo":1500,"l1x":24,"l1y":24},{"data":1000027,"lvl":2,"x":25,"y":19,"attack_mode":true,"attack_mode_war":true,"attack_mode_draft":true,"attack_mode_draft_war":true,"ammo":750,"l1x":28,"l1y":19},{"data":1000004,"lvl":10,"x":28,"y":3,"res_time":144146,"l1x":29,"l1y":36},{"data":1000002,"lvl":10,"x":22,"y":34,"res_time":172061,"l1x":36,"l1y":32}],"obstacles":[{"data":8000000,"x":33,"y":0,"l1x":-1,"l1y":-1,"loot_multiply_ver":1},{"data":8000000,"x":0,"y":33,"l1x":-1,"l1y":-1,"loot_multiply_ver":1},{"data":8000000,"x":0,"y":39,"l1x":-1,"l1y":-1,"loot_multiply_ver":1},{"data":8000000,"x":42,"y":13,"l1x":-1,"l1y":-1,"loot_multiply_ver":1},{"data":8000000,"x":0,"y":15,"l1x":-1,"l1y":-1,"loot_multiply_ver":1},{"data":8000000,"x":42,"y":37,"l1x":-1,"l1y":-1,"loot_multiply_ver":1},{"data":8000004,"x":38,"y":0,"l1x":-1,"l1y":-1,"loot_multiply_ver":1},{"data":8000004,"x":0,"y":27,"l1x":-1,"l1y":-1,"loot_multiply_ver":1},{"data":8000000,"x":42,"y":19,"l1x":-1,"l1y":-1,"loot_multiply_ver":1},{"data":8000000,"x":0,"y":30,"l1x":-1,"l1y":-1,"loot_multiply_ver":1},{"data":8000004,"x":16,"y":0,"l1x":-1,"l1y":-1,"loot_multiply_ver":1},{"data":8000004,"x":0,"y":22,"l1x":-1,"l1y":-1,"loot_multiply_ver":1},{"data":8000004,"x":14,"y":42,"l1x":-1,"l1y":-1,"loot_multiply_ver":1},{"data":8000004,"x":42,"y":34,"l1x":-1,"l1y":-1,"loot_multiply_ver":1},{"data":8000004,"x":41,"y":3,"l1x":-1,"l1y":-1,"loot_multiply_ver":1},{"data":8000004,"x":0,"y":36,"l1x":-1,"l1y":-1,"loot_multiply_ver":1},{"data":8000000,"x":42,"y":23,"l1x":-1,"l1y":-1,"loot_multiply_ver":1},{"data":8000004,"x":31,"y":42,"l1x":-1,"l1y":-1,"loot_multiply_ver":1},{"data":8000000,"x":0,"y":19,"l1x":-1,"l1y":-1,"loot_multiply_ver":1},{"data":8000000,"x":42,"y":31,"l1x":-1,"l1y":-1,"loot_multiply_ver":1},{"data":8000004,"x":18,"y":42,"l1x":-1,"l1y":-1,"loot_multiply_ver":1},{"data":8000000,"x":24,"y":0,"l1x":-1,"l1y":-1,"loot_multiply_ver":1},{"data":8000000,"x":0,"y":6,"l1x":-1,"l1y":-1,"loot_multiply_ver":1},{"data":8000004,"x":35,"y":42,"l1x":-1,"l1y":-1,"loot_multiply_ver":1},{"data":8000004,"x":42,"y":28,"l1x":-1,"l1y":-1,"loot_multiply_ver":2},{"data":8000000,"x":42,"y":16,"l1x":-1,"l1y":-1,"loot_multiply_ver":2},{"data":8000000,"x":10,"y":0,"l1x":-1,"l1y":-1,"loot_multiply_ver":2},{"data":8000000,"x":30,"y":0,"l1x":-1,"l1y":-1,"loot_multiply_ver":2},{"data":8000004,"x":0,"y":42,"l1x":-1,"l1y":-1,"loot_multiply_ver":2},{"data":8000000,"x":25,"y":42,"l1x":-1,"l1y":-1,"loot_multiply_ver":2},{"data":8000004,"x":7,"y":0,"l1x":-1,"l1y":-1,"loot_multiply_ver":2},{"data":8000004,"x":22,"y":42,"l1x":-1,"l1y":-1,"loot_multiply_ver":2},{"data":8000000,"x":38,"y":42,"l1x":-1,"l1y":-1,"loot_multiply_ver":2},{"data":8000004,"x":0,"y":0,"l1x":-1,"l1y":-1,"loot_multiply_ver":2},{"data":8000030,"x":42,"y":8,"l1x":-1,"l1y":-1,"loot_multiply_ver":1},{"data":8000004,"x":3,"y":34,"l1x":-1,"l1y":-1,"loot_multiply_ver":2},{"data":8000000,"x":42,"y":0,"l1x":-1,"l1y":-1,"loot_multiply_ver":2},{"data":8000007,"x":3,"y":1,"l1x":-1,"l1y":-1,"loot_multiply_ver":2},{"data":8000010,"x":39,"y":29,"l1x":-1,"l1y":-1,"loot_multiply_ver":2},{"data":8000000,"x":22,"y":38,"l1x":-1,"l1y":-1,"loot_multiply_ver":2}],"traps":[{"data":12000001,"lvl":0,"x":23,"y":17,"l1x":20,"l1y":36},{"data":12000006,"lvl":2,"x":18,"y":17,"l1x":9,"l1y":2},{"data":12000001,"lvl":0,"x":14,"y":28,"l1x":36,"l1y":20},{"data":12000001,"lvl":0,"x":28,"y":14,"l1x":36,"l1y":36},{"data":12000001,"lvl":0,"x":16,"y":23,"l1x":25,"l1y":2},{"data":12000001,"lvl":0,"x":26,"y":13,"l1x":16,"l1y":2},{"data":12000002,"lvl":3,"x":35,"y":17,"l1x":32,"l1y":27},{"data":12000006,"lvl":2,"x":28,"y":19,"l1x":16,"l1y":34},{"data":12000005,"lvl":3,"x":37,"y":21,"l1x":2,"l1y":9},{"data":12000001,"lvl":0,"x":11,"y":22,"l1x":2,"l1y":24},{"data":12000005,"lvl":3,"x":18,"y":37,"l1x":14,"l1y":36},{"data":12000006,"lvl":2,"x":19,"y":28,"l1x":36,"l1y":21},{"data":12000002,"lvl":3,"x":25,"y":31,"l1x":27,"l1y":32},{"data":12000002,"lvl":3,"x":31,"y":25,"l1x":15,"l1y":32},{"data":12000000,"lvl":5,"x":17,"y":37,"l1x":33,"l1y":15},{"data":12000000,"lvl":5,"x":19,"y":37,"l1x":33,"l1y":16},{"data":12000000,"lvl":5,"x":17,"y":38,"l1x":34,"l1y":16},{"data":12000000,"lvl":5,"x":18,"y":36,"l1x":32,"l1y":16},{"data":12000000,"lvl":5,"x":18,"y":35,"l1x":36,"l1y":35},{"data":12000000,"lvl":5,"x":17,"y":35,"l1x":35,"l1y":36},{"data":12000005,"lvl":3,"x":33,"y":37,"l1x":24,"l1y":36},{"data":12000005,"lvl":3,"x":15,"y":5,"l1x":36,"l1y":15},{"data":12000005,"lvl":3,"x":5,"y":15,"l1x":28,"l1y":34},{"data":12000006,"lvl":2,"x":11,"y":19,"l1x":38,"l1y":35},{"data":12000006,"lvl":2,"x":22,"y":11,"l1x":34,"l1y":28},{"data":12000002,"lvl":3,"x":27,"y":25,"l1x":12,"l1y":19},{"data":12000002,"lvl":3,"x":25,"y":27,"l1x":19,"l1y":11}],"decos":[{"data":18000001,"x":37,"y":35,"l1x":40,"l1y":40},{"data":18000001,"x":35,"y":37,"l1x":39,"l1y":2},{"data":18000001,"x":35,"y":39,"l1x":2,"l1y":2},{"data":18000005,"x":39,"y":6,"l1x":37,"l1y":2},{"data":18000005,"x":35,"y":2,"l1x":2,"l1y":4},{"data":18000005,"x":37,"y":4,"l1x":4,"l1y":39},{"data":18000006,"x":31,"y":2,"l1x":40,"l1y":7},{"data":18000006,"x":33,"y":4,"l1x":40,"l1y":5},{"data":18000006,"x":35,"y":6,"l1x":4,"l1y":2},{"data":18000006,"x":37,"y":7,"l1x":2,"l1y":38},{"data":18000007,"x":32,"y":39,"l1x":6,"l1y":40},{"data":18000012,"x":29,"y":40,"l1x":35,"l1y":2},{"data":18000033,"x":39,"y":37,"l1x":40,"l1y":38},{"data":18000010,"x":37,"y":37,"l1x":6,"l1y":2},{"data":18000000,"x":37,"y":39,"l1x":38,"l1y":40},{"data":18000004,"x":39,"y":2,"l1x":2,"l1y":6},{"data":18000001,"x":39,"y":35,"l1x":2,"l1y":40},{"data":18000021,"x":25,"y":40,"l1x":2,"l1y":36}],"respawnVars":{"secondsFromLastRespawn":7279,"respawnSeed":1740607164,"obstacleClearCounter":6,"time_to_gembox_drop":622721,"time_in_gembox_period":43200},"cooldowns":[{"cooldown":3375270,"target":20000001},{"cooldown":4289195,"target":20000000}],"newShopBuildings":[4,0,7,4,7,4,4,1,6,7,250,4,4,3,1,5,0,0,0,4,1,3,1,3,1,1,2,2],"newShopTraps":[6,6,5,0,0,5,5,0],"newShopDecos":[1,4,0,1,1,4,4,1,1,1,1,1,1,1,1,1,1,1,1,1,1,1,1,1,1,1,1,1,1,1,1,1,1,1,1,1,1],"last_league_rank":16,"last_league_shuffle":1,"last_news_seen":81,"edit_mode_shown":true,"troop_req_msg":"PEKKA + 2 Wiz ","war_req_msg":"3 valks n 2 balloon pls ","war_tutorials_seen":0,"war_base":true}