{"buildings":[{"data":1000001,"lvl":9,"x":23,"y":23,"l1x":20,"l1y":20},{"data":1000004,"lvl":10,"x":12,"y":35,"res_time":44618,"l1x":7,"l1y":33},{"data":1000000,"lvl":7,"x":15,"y":4,"units":[[4000013,1],[4000012,3],[4000006,1]],"storage_type":0,"l1x":10,"l1y":34},{"data":1000015,"lvl":0,"x":10,"y":28,"l1x":35,"l1y":25},{"data":1000014,"lvl":5,"x":22,"y":19,"unit_req_time":896,"l1x":25,"l1y":21},{"data":1000008,"lvl":11,"x":16,"y":13,"l1x":38,"l1y":17},{"data":1000015,"lvl":0,"x":10,"y":23,"l1x":32,"l1y":18},{"data":1000002,"lvl":10,"x":25,"y":10,"res_time":179289,"l1x":26,"l1y":38},{"data":1000003,"lvl":10,"x":12,"y":28,"l1x":27,"l1y":25},{"data":1000005,"lvl":10,"x":10,"y":19,"l1x":12,"l1y":30},{"data":1000006,"lvl":9,"boost_t":6962,"x":20,"y":34,"unit_prod":{"unit_type":0,"t":0,"slots":[{"id":4000006,"cnt":10}]},"l1x":8,"l1y":28},{"data":1000008,"lvl":11,"x":12,"y":22,"l1x":30,"l1y":25},{"data":1000006,"lvl":9,"x":26,"y":37,"unit_prod":{"unit_type":0},"l1x":5,"l1y":24},{"data":1000002,"lvl":10,"x":35,"y":12,"res_time":179289,"l1x":21,"l1y":38},{"data":1000010,"lvl":10,"x":11,"y":32,"l1x":34,"l1y":24},{"data":1000010,"lvl":10,"x":11,"y":33,"l1x":35,"l1y":24},{"data":1000010,"lvl":10,"x":11,"y":34,"l1x":36,"l1y":24},{"data":1000010,"lvl":10,"x":11,"y":35,"l1x":37,"l1y":24},{"data":1000010,"lvl":10,"x":11,"y":36,"l1x":37,"l1y":23},{"data":1000010,"lvl":10,"x":11,"y":37,"l1x":37,"l1y":22},{"data":1000010,"lvl":10,"x":11,"y":38,"l1x":37,"l1y":21},{"data":1000010,"lvl":10,"x":12,"y":38,"l1x":37,"l1y":20},{"data":1000010,"lvl":10,"x":13,"y":38,"l1x":37,"l1y":19},{"data":1000010,"lvl":10,"x":14,"y":38,"l1x":37,"l1y":18},{"data":1000010,"lvl":10,"x":15,"y":38,"l1x":37,"l1y":17},{"data":1000010,"lvl":10,"x":9,"y":28,"l1x":36,"l1y":17},{"data":1000010,"lvl":10,"x":9,"y":29,"l1x":28,"l1y":37},{"data":1000009,"lvl":12,"x":12,"y":32,"l1x":16,"l1y":34},{"data":1000010,"lvl":10,"x":9,"y":30,"l1x":29,"l1y":37},{"data":1000010,"lvl":10,"x":9,"y":31,"l1x":29,"l1y":32},{"data":1000010,"lvl":10,"x":10,"y":31,"l1x":29,"l1y":33},{"data":1000010,"lvl":10,"x":11,"y":31,"l1x":29,"l1y":34},{"data":1000010,"lvl":10,"x":9,"y":27,"l1x":29,"l1y":35},{"data":1000010,"lvl":10,"x":9,"y":26,"l1x":27,"l1y":37},{"data":1000010,"lvl":10,"x":9,"y":25,"l1x":26,"l1y":37},{"data":1000010,"lvl":10,"x":9,"y":24,"l1x":25,"l1y":37},{"data":1000010,"lvl":10,"x":9,"y":23,"l1x":24,"l1y":37},{"data":1000010,"lvl":10,"x":9,"y":22,"l1x":23,"l1y":37},{"data":1000010,"lvl":10,"x":9,"y":21,"l1x":22,"l1y":37},{"data":1000010,"lvl":10,"x":9,"y":20,"l1x":21,"l1y":37},{"data":1000000,"lvl":7,"x":3,"y":16,"units":[[4000006,15]],"storage_type":0,"l1x":28,"l1y":5},{"data":1000005,"lvl":10,"x":10,"y":13,"l1x":13,"l1y":20},{"data":1000002,"lvl":10,"x":37,"y":19,"res_time":179979,"l1x":16,"l1y":38},{"data":1000015,"lvl":0,"x":35,"y":16,"l1x":32,"l1y":22},{"data":1000010,"lvl":10,"x":9,"y":19,"l1x":20,"l1y":37},{"data":1000010,"lvl":10,"x":9,"y":18,"l1x":19,"l1y":37},{"data":1000010,"lvl":10,"x":9,"y":17,"l1x":18,"l1y":37},{"data":1000010,"lvl":10,"x":9,"y":16,"l1x":17,"l1y":37},{"data":1000010,"lvl":10,"x":9,"y":15,"l1x":16,"l1y":37},{"data":1000010,"lvl":10,"x":9,"y":14,"l1x":15,"l1y":37},{"data":1000010,"lvl":10,"x":9,"y":13,"l1x":29,"l1y":36},{"data":1000010,"lvl":10,"x":9,"y":12,"l1x":15,"l1y":36},{"data":1000010,"lvl":10,"x":9,"y":11,"l1x":15,"l1y":35},{"data":1000010,"lvl":10,"x":9,"y":10,"l1x":15,"l1y":34},{"data":1000010,"lvl":10,"x":9,"y":9,"l1x":32,"l1y":24},{"data":1000003,"lvl":10,"x":22,"y":10,"l1x":15,"l1y":27},{"data":1000010,"lvl":10,"x":10,"y":9,"l1x":33,"l1y":24},{"data":1000010,"lvl":10,"x":11,"y":9,"l1x":33,"l1y":25},{"data":1000010,"lvl":10,"x":12,"y":9,"l1x":33,"l1y":26},{"data":1000010,"lvl":10,"x":13,"y":9,"l1x":33,"l1y":27},{"data":1000010,"lvl":10,"x":14,"y":9,"l1x":33,"l1y":28},{"data":1000010,"lvl":10,"x":15,"y":9,"l1x":33,"l1y":29},{"data":1000010,"lvl":10,"x":16,"y":9,"l1x":33,"l1y":30},{"data":1000010,"lvl":10,"x":17,"y":9,"l1x":33,"l1y":31},{"data":1000010,"lvl":10,"x":18,"y":9,"l1x":32,"l1y":31},{"data":1000010,"lvl":10,"x":19,"y":9,"l1x":31,"l1y":31},{"data":1000010,"lvl":10,"x":20,"y":9,"l1x":30,"l1y":31},{"data":1000010,"lvl":10,"x":21,"y":9,"l1x":29,"l1y":31},{"data":1000010,"lvl":10,"x":22,"y":9,"l1x":28,"l1y":31},{"data":1000010,"lvl":10,"x":23,"y":9,"l1x":27,"l1y":31},{"data":1000015,"lvl":0,"x":37,"y":32,"l1x":23,"l1y":32},{"data":1000013,"lvl":7,"x":13,"y":13,"l1x":16,"l1y":23},{"data":1000007,"lvl":7,"x":4,"y":11,"l1x":6,"l1y":14},{"data":1000004,"lvl":10,"x":15,"y":35,"res_time":77402,"l1x":38,"l1y":22},{"data":1000004,"lvl":10,"x":19,"y":37,"res_time":123485,"l1x":37,"l1y":25},{"data":1000006,"lvl":9,"boost_t":6960,"x":28,"y":34,"unit_prod":{"unit_type":0,"t":1719,"slots":[{"id":4000009,"cnt":1},{"id":4000001,"cnt":1},{"id":4000006,"cnt":7}]},"l1x":5,"l1y":20},{"data":1000009,"lvl":12,"x":10,"y":16,"l1x":26,"l1y":34},{"data":1000010,"lvl":10,"x":24,"y":9,"l1x":26,"l1y":25},{"data":1000010,"lvl":10,"x":29,"y":29,"l1x":26,"l1y":26},{"data":1000010,"lvl":10,"x":28,"y":28,"l1x":26,"l1y":27},{"data":1000010,"lvl":10,"x":28,"y":29,"l1x":26,"l1y":28},{"data":1000010,"lvl":10,"x":27,"y":30,"l1x":26,"l1y":29},{"data":1000010,"lvl":10,"x":12,"y":31,"l1x":26,"l1y":30},{"data":1000010,"lvl":10,"x":13,"y":31,"l1x":26,"l1y":31},{"data":1000010,"lvl":10,"x":14,"y":31,"l1x":25,"l1y":31},{"data":1000010,"lvl":10,"x":15,"y":31,"l1x":24,"l1y":31},{"data":1000010,"lvl":10,"x":16,"y":31,"l1x":23,"l1y":31},{"data":1000010,"lvl":10,"x":17,"y":31,"l1x":22,"l1y":27},{"data":1000010,"lvl":10,"x":18,"y":31,"l1x":22,"l1y":28},{"data":1000010,"lvl":10,"x":19,"y":31,"l1x":22,"l1y":29},{"data":1000010,"lvl":10,"x":20,"y":31,"l1x":22,"l1y":30},{"data":1000010,"lvl":10,"x":21,"y":31,"l1x":22,"l1y":31},{"data":1000010,"lvl":10,"x":22,"y":31,"l1x":22,"l1y":32},{"data":1000010,"lvl":10,"x":23,"y":31,"l1x":22,"l1y":33},{"data":1000010,"lvl":10,"x":24,"y":31,"l1x":21,"l1y":33},{"data":1000010,"lvl":10,"x":25,"y":31,"l1x":20,"l1y":33},{"data":1000010,"lvl":10,"x":26,"y":31,"l1x":19,"l1y":33},{"data":1000010,"lvl":10,"x":27,"y":31,"l1x":18,"l1y":27},{"data":1000010,"lvl":10,"x":27,"y":29,"l1x":18,"l1y":28},{"data":1000010,"lvl":10,"x":29,"y":28,"l1x":18,"l1y":29},{"data":1000010,"lvl":10,"x":27,"y":28,"l1x":18,"l1y":30},{"data":1000010,"lvl":10,"x":18,"y":27,"l1x":18,"l1y":31},{"data":1000012,"lvl":7,"x":15,"y":16,"l1x":19,"l1y":30},{"data":1000009,"lvl":12,"x":10,"y":10,"l1x":30,"l1y":28},{"data":1000008,"lvl":11,"x":21,"y":28,"l1x":15,"l1y":30},{"data":1000010,"lvl":10,"x":27,"y":27,"l1x":18,"l1y":32},{"data":1000010,"lvl":10,"x":26,"y":27,"l1x":18,"l1y":33},{"data":1000010,"lvl":10,"x":25,"y":27,"l1x":17,"l1y":33},{"data":1000010,"lvl":10,"x":24,"y":27,"l1x":16,"l1y":33},{"data":1000010,"lvl":10,"x":20,"y":27,"l1x":15,"l1y":33},{"data":1000010,"lvl":10,"x":19,"y":27,"l1x":14,"l1y":33},{"data":1000010,"lvl":10,"x":21,"y":27,"l1x":13,"l1y":33},{"data":1000010,"lvl":10,"x":28,"y":27,"l1x":12,"l1y":33},{"data":1000010,"lvl":10,"x":23,"y":27,"l1x":11,"l1y":33},{"data":1000010,"lvl":10,"x":22,"y":27,"l1x":11,"l1y":32},{"data":1000010,"lvl":10,"x":22,"y":26,"l1x":11,"l1y":31},{"data":1000010,"lvl":10,"x":18,"y":18,"l1x":11,"l1y":30},{"data":1000010,"lvl":10,"x":18,"y":20,"l1x":11,"l1y":29},{"data":1000010,"lvl":10,"x":18,"y":19,"l1x":11,"l1y":28},{"data":1000010,"lvl":10,"x":18,"y":21,"l1x":11,"l1y":27},{"data":1000010,"lvl":10,"x":26,"y":22,"l1x":11,"l1y":26},{"data":1000010,"lvl":10,"x":25,"y":22,"l1x":10,"l1y":26},{"data":1000010,"lvl":10,"x":24,"y":22,"l1x":9,"l1y":26},{"data":1000010,"lvl":10,"x":23,"y":22,"l1x":8,"l1y":26},{"data":1000010,"lvl":10,"x":19,"y":18,"l1x":8,"l1y":25},{"data":1000010,"lvl":10,"x":22,"y":22,"l1x":8,"l1y":24},{"data":1000010,"lvl":10,"x":22,"y":23,"l1x":8,"l1y":23},{"data":1000010,"lvl":10,"x":22,"y":24,"l1x":8,"l1y":22},{"data":1000010,"lvl":10,"x":22,"y":25,"l1x":8,"l1y":21},{"data":1000010,"lvl":10,"x":27,"y":26,"l1x":8,"l1y":20},{"data":1000010,"lvl":10,"x":18,"y":23,"l1x":8,"l1y":19},{"data":1000010,"lvl":10,"x":18,"y":25,"l1x":9,"l1y":19},{"data":1000010,"lvl":10,"x":18,"y":26,"l1x":12,"l1y":20},{"data":1000010,"lvl":10,"x":18,"y":24,"l1x":12,"l1y":21},{"data":1000010,"lvl":10,"x":22,"y":18,"l1x":12,"l1y":22},{"data":1000010,"lvl":10,"x":23,"y":18,"l1x":12,"l1y":23},{"data":1000010,"lvl":10,"x":24,"y":18,"l1x":12,"l1y":24},{"data":1000010,"lvl":10,"x":25,"y":18,"l1x":12,"l1y":25},{"data":1000010,"lvl":10,"x":26,"y":18,"l1x":12,"l1y":26},{"data":1000010,"lvl":10,"x":21,"y":18,"l1x":13,"l1y":26},{"data":1000010,"lvl":10,"x":20,"y":18,"l1x":14,"l1y":26},{"data":1000010,"lvl":10,"x":27,"y":18,"l1x":15,"l1y":26},{"data":1000010,"lvl":10,"x":27,"y":19,"l1x":16,"l1y":26},{"data":1000010,"lvl":10,"x":27,"y":20,"l1x":17,"l1y":26},{"data":1000010,"lvl":10,"x":27,"y":21,"l1x":18,"l1y":26},{"data":1000010,"lvl":10,"x":27,"y":22,"l1x":11,"l1y":19},{"data":1000010,"lvl":10,"x":27,"y":23,"l1x":12,"l1y":19},{"data":1000010,"lvl":10,"x":27,"y":24,"l1x":13,"l1y":19},{"data":1000010,"lvl":10,"x":27,"y":25,"l1x":14,"l1y":19},{"data":1000010,"lvl":10,"x":18,"y":22,"l1x":15,"l1y":19},{"data":1000010,"lvl":10,"x":29,"y":27,"l1x":16,"l1y":19},{"data":1000010,"lvl":10,"x":31,"y":26,"l1x":10,"l1y":19},{"data":1000010,"lvl":10,"x":31,"y":27,"l1x":10,"l1y":18},{"data":1000010,"lvl":10,"x":25,"y":9,"l1x":10,"l1y":17},{"data":1000010,"lvl":10,"x":26,"y":9,"l1x":10,"l1y":16},{"data":1000000,"lvl":7,"x":6,"y":33,"units":[[4000006,1],[4000009,1],[4000001,1],[4000012,4]],"storage_type":0,"l1x":33,"l1y":12},{"data":1000013,"lvl":7,"x":18,"y":28,"l1x":18,"l1y":16},{"data":1000011,"lvl":7,"x":15,"y":32,"l1x":34,"l1y":18},{"data":1000002,"lvl":10,"x":37,"y":22,"res_time":179979,"l1x":33,"l1y":8},{"data":1000015,"lvl":0,"x":38,"y":38,"l1x":17,"l1y":10},{"data":1000004,"lvl":10,"x":22,"y":37,"res_time":63263,"l1x":31,"l1y":38},{"data":1000004,"lvl":10,"x":30,"y":37,"res_time":123485,"l1x":19,"l1y":34},{"data":1000011,"lvl":7,"x":15,"y":19,"l1x":27,"l1y":28},{"data":1000002,"lvl":10,"x":37,"y":29,"res_time":179979,"l1x":38,"l1y":14},{"data":1000020,"lvl":4,"x":10,"y":25,"units":[[26000002,2],[26000003,2],[26000005,1]],"storage_type":1,"unit_prod":{"unit_type":1},"l1x":7,"l1y":10},{"data":1000024,"lvl":5,"x":15,"y":25,"l1x":23,"l1y":25},{"data":1000019,"lvl":7,"x":13,"y":16,"l1x":38,"l1y":11},{"data":1000008,"lvl":11,"x":28,"y":18,"l1x":11,"l1y":16},{"data":1000009,"lvl":12,"x":16,"y":10,"l1x":12,"l1y":27},{"data":1000010,"lvl":10,"x":27,"y":9,"l1x":10,"l1y":15},{"data":1000010,"lvl":10,"x":28,"y":9,"l1x":10,"l1y":14},{"data":1000010,"lvl":10,"x":29,"y":9,"l1x":10,"l1y":13},{"data":1000010,"lvl":10,"x":30,"y":9,"l1x":10,"l1y":12},{"data":1000010,"lvl":10,"x":31,"y":9,"l1x":11,"l1y":12},{"data":1000010,"lvl":10,"x":31,"y":10,"l1x":12,"l1y":12},{"data":1000010,"lvl":10,"x":30,"y":27,"l1x":13,"l1y":12},{"data":1000010,"lvl":10,"x":31,"y":25,"l1x":17,"l1y":13},{"data":1000010,"lvl":10,"x":31,"y":24,"l1x":17,"l1y":14},{"data":1000010,"lvl":10,"x":31,"y":23,"l1x":17,"l1y":15},{"data":1000010,"lvl":10,"x":31,"y":22,"l1x":17,"l1y":16},{"data":1000010,"lvl":10,"x":31,"y":21,"l1x":17,"l1y":17},{"data":1000010,"lvl":10,"x":31,"y":20,"l1x":17,"l1y":18},{"data":1000010,"lvl":10,"x":31,"y":19,"l1x":17,"l1y":19},{"data":1000010,"lvl":10,"x":31,"y":18,"l1x":18,"l1y":19},{"data":1000010,"lvl":10,"x":31,"y":17,"l1x":20,"l1y":12},{"data":1000010,"lvl":10,"x":31,"y":16,"l1x":19,"l1y":12},{"data":1000010,"lvl":10,"x":31,"y":15,"l1x":18,"l1y":12},{"data":1000010,"lvl":10,"x":31,"y":14,"l1x":17,"l1y":12},{"data":1000010,"lvl":10,"x":31,"y":13,"l1x":16,"l1y":12},{"data":1000010,"lvl":10,"x":31,"y":12,"l1x":15,"l1y":12},{"data":1000000,"lvl":7,"x":32,"y":6,"units":[[4000013,2]],"storage_type":0,"l1x":30,"l1y":32},{"data":1000010,"lvl":10,"x":31,"y":11,"l1x":14,"l1y":12},{"data":1000010,"lvl":10,"x":32,"y":11,"l1x":14,"l1y":11},{"data":1000010,"lvl":10,"x":33,"y":11,"l1x":14,"l1y":10},{"data":1000010,"lvl":10,"x":34,"y":11,"l1x":14,"l1y":9},{"data":1000006,"lvl":9,"x":34,"y":20,"unit_prod":{"unit_type":0},"l1x":13,"l1y":3},{"data":1000010,"lvl":10,"x":35,"y":11,"l1x":14,"l1y":8},{"data":1000010,"lvl":10,"x":36,"y":11,"l1x":14,"l1y":7},{"data":1000026,"lvl":5,"boost_t":6955,"x":37,"y":26,"unit_prod":{"unit_type":0,"t":1693,"slots":[{"id":4000013,"cnt":2},{"id":4000012,"cnt":3}]},"l1x":18,"l1y":3},{"data":1000010,"lvl":10,"x":37,"y":11,"l1x":14,"l1y":6},{"data":1000010,"lvl":10,"x":38,"y":11,"l1x":15,"l1y":6},{"data":1000010,"lvl":10,"x":38,"y":12,"l1x":16,"l1y":6},{"data":1000010,"lvl":10,"x":38,"y":13,"l1x":17,"l1y":6},{"data":1000010,"lvl":10,"x":38,"y":14,"l1x":18,"l1y":6},{"data":1000008,"lvl":11,"x":23,"y":34,"l1x":15,"l1y":7},{"data":1000013,"lvl":7,"x":28,"y":21,"l1x":25,"l1y":18},{"data":1000010,"lvl":10,"x":38,"y":15,"l1x":19,"l1y":6},{"data":1000010,"lvl":10,"x":33,"y":33,"l1x":20,"l1y":6},{"data":1000010,"lvl":10,"x":33,"y":32,"l1x":21,"l1y":6},{"data":1000010,"lvl":10,"x":33,"y":31,"l1x":22,"l1y":6},{"data":1000010,"lvl":10,"x":32,"y":33,"l1x":23,"l1y":6},{"data":1000010,"lvl":10,"x":31,"y":33,"l1x":24,"l1y":6},{"data":1000010,"lvl":10,"x":30,"y":33,"l1x":25,"l1y":6},{"data":1000010,"lvl":10,"x":29,"y":33,"l1x":26,"l1y":6},{"data":1000010,"lvl":10,"x":28,"y":33,"l1x":27,"l1y":6},{"data":1000010,"lvl":10,"x":27,"y":33,"l1x":27,"l1y":7},{"data":1000010,"lvl":10,"x":26,"y":33,"l1x":27,"l1y":8},{"data":1000010,"lvl":10,"x":25,"y":33,"l1x":27,"l1y":9},{"data":1000010,"lvl":10,"x":24,"y":33,"l1x":26,"l1y":10},{"data":1000010,"lvl":10,"x":23,"y":33,"l1x":27,"l1y":10},{"data":1000010,"lvl":10,"x":22,"y":33,"l1x":28,"l1y":10},{"data":1000010,"lvl":10,"x":21,"y":33,"l1x":29,"l1y":10},{"data":1000010,"lvl":10,"x":20,"y":33,"l1x":30,"l1y":10},{"data":1000010,"lvl":10,"x":19,"y":33,"l1x":31,"l1y":10},{"data":1000022,"lvl":0,"x":15,"y":22,"l1x":22,"l1y":14},{"data":1000004,"lvl":10,"x":31,"y":34,"res_time":32085,"l1x":9,"l1y":23},{"data":1000002,"lvl":10,"x":34,"y":31,"res_time":179979,"l1x":34,"l1y":29},{"data":1000012,"lvl":7,"x":30,"y":30,"l1x":13,"l1y":23},{"data":1000019,"lvl":7,"x":23,"y":13,"l1x":27,"l1y":32},{"data":1000009,"lvl":12,"x":19,"y":22,"l1x":11,"l1y":13},{"data":1000012,"lvl":7,"x":15,"y":28,"l1x":28,"l1y":21},{"data":1000026,"lvl":5,"boost_t":6957,"x":34,"y":28,"unit_prod":{"unit_type":0,"t":1702,"slots":[{"id":4000013,"cnt":1},{"id":4000012,"cnt":4}]},"l1x":23,"l1y":3},{"data":1000011,"lvl":7,"x":19,"y":15,"l1x":9,"l1y":20},{"data":1000010,"lvl":10,"x":18,"y":33,"l1x":32,"l1y":10},{"data":1000010,"lvl":10,"x":18,"y":34,"l1x":32,"l1y":11},{"data":1000010,"lvl":10,"x":18,"y":35,"l1x":32,"l1y":12},{"data":1000010,"lvl":10,"x":18,"y":36,"l1x":32,"l1y":13},{"data":1000010,"lvl":10,"x":18,"y":37,"l1x":32,"l1y":14},{"data":1000010,"lvl":10,"x":16,"y":38,"l1x":32,"l1y":15},{"data":1000010,"lvl":10,"x":17,"y":38,"l1x":32,"l1y":16},{"data":1000010,"lvl":10,"x":18,"y":38,"l1x":35,"l1y":17},{"data":1000019,"lvl":7,"x":19,"y":13,"l1x":32,"l1y":20},{"data":1000010,"lvl":10,"x":18,"y":39,"l1x":34,"l1y":17},{"data":1000010,"lvl":10,"x":18,"y":40,"l1x":33,"l1y":17},{"data":1000010,"lvl":10,"x":19,"y":40,"l1x":32,"l1y":17},{"data":1000010,"lvl":10,"x":20,"y":40,"l1x":25,"l1y":24},{"data":1000010,"lvl":10,"x":21,"y":40,"l1x":26,"l1y":24},{"data":1000010,"lvl":10,"x":22,"y":40,"l1x":27,"l1y":24},{"data":1000010,"lvl":10,"x":23,"y":40,"l1x":28,"l1y":24},{"data":1000010,"lvl":10,"x":33,"y":30,"l1x":29,"l1y":24},{"data":1000010,"lvl":10,"x":33,"y":29,"l1x":30,"l1y":24},{"data":1000010,"lvl":10,"x":33,"y":28,"l1x":31,"l1y":24},{"data":1000010,"lvl":10,"x":33,"y":27,"l1x":31,"l1y":23},{"data":1000010,"lvl":10,"x":33,"y":26,"l1x":31,"l1y":22},{"data":1000010,"lvl":10,"x":33,"y":25,"l1x":31,"l1y":21},{"data":1000010,"lvl":10,"x":33,"y":24,"l1x":31,"l1y":20},{"data":1000010,"lvl":10,"x":33,"y":23,"l1x":31,"l1y":19},{"data":1000023,"lvl":5,"x":21,"y":6,"res_time":57580,"l1x":34,"l1y":21},{"data":1000010,"lvl":10,"x":33,"y":22,"l1x":31,"l1y":18},{"data":1000010,"lvl":10,"x":33,"y":21,"l1x":31,"l1y":17},{"data":1000010,"lvl":10,"x":33,"y":20,"l1x":30,"l1y":17},{"data":1000010,"lvl":10,"x":33,"y":19,"l1x":29,"l1y":17},{"data":1000010,"lvl":10,"x":33,"y":18,"l1x":25,"l1y":16},{"data":1000010,"lvl":10,"x":34,"y":18,"l1x":25,"l1y":15},{"data":1000010,"lvl":10,"x":35,"y":18,"l1x":25,"l1y":14},{"data":1000010,"lvl":10,"x":36,"y":18,"l1x":25,"l1y":13},{"data":1000010,"lvl":10,"x":37,"y":18,"l1x":25,"l1y":12},{"data":1000010,"lvl":10,"x":38,"y":16,"l1x":25,"l1y":11},{"data":1000010,"lvl":10,"x":38,"y":17,"l1x":25,"l1y":10},{"data":1000010,"lvl":10,"x":38,"y":18,"l1x":24,"l1y":10},{"data":1000010,"lvl":10,"x":39,"y":18,"l1x":23,"l1y":10},{"data":1000010,"lvl":10,"x":24,"y":40,"l1x":22,"l1y":10},{"data":1000010,"lvl":10,"x":25,"y":40,"l1x":21,"l1y":10},{"data":1000010,"lvl":10,"x":26,"y":40,"l1x":21,"l1y":11},{"data":1000010,"lvl":10,"x":27,"y":40,"l1x":21,"l1y":12},{"data":1000010,"lvl":10,"x":40,"y":18,"l1x":21,"l1y":13},{"data":1000010,"lvl":10,"x":40,"y":19,"l1x":21,"l1y":14},{"data":1000010,"lvl":10,"x":40,"y":20,"l1x":21,"l1y":15},{"data":1000010,"lvl":10,"x":40,"y":21,"l1x":21,"l1y":16},{"data":1000010,"lvl":10,"x":40,"y":22,"l1x":21,"l1y":17},{"data":1000010,"lvl":10,"x":40,"y":23,"l1x":21,"l1y":18},{"data":1000010,"lvl":10,"x":28,"y":40,"l1x":28,"l1y":17},{"data":1000010,"lvl":10,"x":29,"y":40,"l1x":27,"l1y":17},{"data":1000010,"lvl":10,"x":30,"y":40,"l1x":26,"l1y":17},{"data":1000010,"lvl":10,"x":31,"y":40,"l1x":25,"l1y":17},{"data":1000005,"lvl":10,"x":13,"y":10,"l1x":14,"l1y":13},{"data":1000025,"lvl":0,"x":22,"y":15,"l1x":19,"l1y":27},{"data":1000009,"lvl":12,"x":32,"y":12,"l1x":24,"l1y":7},{"data":1000011,"lvl":7,"x":32,"y":15,"l1x":18,"l1y":13},{"data":1000012,"lvl":7,"x":28,"y":15,"l1x":22,"l1y":11},{"data":1000010,"lvl":10,"x":32,"y":40,"l1x":24,"l1y":17},{"data":1000010,"lvl":10,"x":33,"y":40,"l1x":24,"l1y":18},{"data":1000010,"lvl":10,"x":34,"y":40,"l1x":19,"l1y":24},{"data":1000010,"lvl":10,"x":40,"y":24,"l1x":19,"l1y":25},{"data":1000010,"lvl":10,"x":40,"y":25,"l1x":19,"l1y":26},{"data":1000010,"lvl":10,"x":40,"y":26,"l1x":20,"l1y":26},{"data":1000010,"lvl":10,"x":40,"y":27,"l1x":21,"l1y":26},{"data":1000010,"lvl":10,"x":40,"y":28,"l1x":22,"l1y":26},{"data":1000010,"lvl":10,"x":40,"y":29,"l1x":22,"l1y":25},{"data":1000010,"lvl":10,"x":40,"y":30,"l1x":22,"l1y":24},{"data":1000010,"lvl":10,"x":40,"y":31,"l1x":23,"l1y":24},{"data":1000010,"lvl":10,"x":40,"y":32,"l1x":24,"l1y":24},{"data":1000010,"lvl":10,"x":40,"y":33,"l1x":24,"l1y":23},{"data":1000010,"lvl":10,"x":35,"y":40,"l1x":24,"l1y":22},{"data":1000010,"lvl":10,"x":36,"y":40,"l1x":24,"l1y":21},{"data":1000010,"lvl":10,"x":37,"y":40,"l1x":24,"l1y":20},{"data":1000010,"lvl":10,"x":38,"y":40,"l1x":24,"l1y":19},{"data":1000010,"lvl":10,"x":39,"y":40,"l1x":23,"l1y":19},{"data":1000010,"lvl":10,"x":40,"y":40,"l1x":22,"l1y":19},{"data":1000010,"lvl":10,"x":40,"y":39,"l1x":21,"l1y":19},{"data":1000010,"lvl":10,"x":40,"y":34,"l1x":20,"l1y":19},{"data":1000010,"lvl":10,"x":40,"y":35,"l1x":19,"l1y":19},{"data":1000010,"lvl":10,"x":40,"y":36,"l1x":19,"l1y":20},{"data":1000010,"lvl":10,"x":40,"y":37,"l1x":19,"l1y":21},{"data":1000010,"lvl":10,"x":40,"y":38,"l1x":19,"l1y":22},{"data":1000019,"lvl":7,"x":13,"y":20,"l1x":35,"l1y":27},{"data":1000021,"lvl":3,"x":28,"y":24,"attack_mode":false,"attack_mode_war":true,"attack_mode_draft":false,"attack_mode_draft_war":true,"ammo":1500,"l1x":23,"l1y":28},{"data":1000021,"lvl":3,"x":19,"y":19,"attack_mode":false,"attack_mode_war":false,"attack_mode_draft":false,"attack_mode_draft_war":false,"ammo":1500,"l1x":16,"l1y":20},{"data":1000002,"lvl":10,"x":37,"y":34,"res_time":179978,"l1x":10,"l1y":7},{"data":1000004,"lvl":10,"x":34,"y":37,"res_time":123484,"l1x":21,"l1y":7},{"data":1000005,"lvl":10,"x":19,"y":10,"l1x":26,"l1y":11},{"data":1000027,"lvl":2,"x":20,"y":25,"attack_mode":false,"attack_mode_war":true,"attack_mode_draft":false,"attack_mode_draft_war":true,"ammo":750,"l1x":22,"l1y":17},{"data":1000009,"lvl":12,"x":34,"y":34,"l1x":29,"l1y":11},{"data":1000008,"lvl":11,"x":34,"y":23,"l1x":29,"l1y":14},{"data":1000003,"lvl":10,"x":25,"y":15,"l1x":14,"l1y":16},{"data":1000027,"lvl":2,"x":25,"y":20,"attack_mode":true,"attack_mode_war":false,"attack_mode_draft":true,"attack_mode_draft_war":false,"ammo":750,"l1x":20,"l1y":24},{"data":1000021,"lvl":3,"x":24,"y":28,"attack_mode":false,"attack_mode_war":false,"attack_mode_draft":false,"attack_mode_draft_war":false,"ammo":1500,"l1x":28,"l1y":18},{"data":1000023,"lvl":5,"x":11,"y":6,"res_time":57580,"l1x":22,"l1y":34},{"data":1000003,"lvl":10,"x":28,"y":12,"l1x":26,"l1y":14},{"data":1000023,"lvl":5,"x":6,"y":6,"res_time":57581,"l1x":18,"l1y":7}],"obstacles":[{"data":8000000,"x":24,"y":0,"l1x":-1,"l1y":-1,"loot_multiply_ver":2},{"data":8000000,"x":0,"y":34,"l1x":-1,"l1y":-1,"loot_multiply_ver":2},{"data":8000000,"x":0,"y":28,"l1x":-1,"l1y":-1,"loot_multiply_ver":2},{"data":8000000,"x":0,"y":14,"l1x":-1,"l1y":-1,"loot_multiply_ver":2},{"data":8000000,"x":0,"y":10,"l1x":-1,"l1y":-1,"loot_multiply_ver":2},{"data":8000000,"x":0,"y":37,"l1x":-1,"l1y":-1,"loot_multiply_ver":2},{"data":8000000,"x":0,"y":18,"l1x":-1,"l1y":-1,"loot_multiply_ver":2},{"data":8000000,"x":42,"y":24,"l1x":-1,"l1y":-1,"loot_multiply_ver":2},{"data":8000000,"x":42,"y":8,"l1x":-1,"l1y":-1,"loot_multiply_ver":2},{"data":8000004,"x":10,"y":42,"l1x":-1,"l1y":-1,"loot_multiply_ver":2},{"data":8000000,"x":5,"y":42,"l1x":-1,"l1y":-1,"loot_multiply_ver":2},{"data":8000004,"x":7,"y":0,"l1x":-1,"l1y":-1,"loot_multiply_ver":2},{"data":8000000,"x":0,"y":22,"l1x":-1,"l1y":-1,"loot_multiply_ver":2},{"data":8000010,"x":0,"y":0,"l1x":-1,"l1y":-1,"loot_multiply_ver":2},{"data":8000004,"x":35,"y":0,"l1x":-1,"l1y":-1,"loot_multiply_ver":2},{"data":8000004,"x":42,"y":2,"l1x":-1,"l1y":-1,"loot_multiply_ver":2},{"data":8000004,"x":42,"y":34,"l1x":-1,"l1y":-1,"loot_multiply_ver":2},{"data":8000010,"x":31,"y":42,"l1x":-1,"l1y":-1,"loot_multiply_ver":2},{"data":8000010,"x":42,"y":13,"l1x":-1,"l1y":-1,"loot_multiply_ver":2},{"data":8000010,"x":0,"y":31,"l1x":-1,"l1y":-1,"loot_multiply_ver":2},{"data":8000006,"x":29,"y":0,"l1x":-1,"l1y":-1,"loot_multiply_ver":2},{"data":8000004,"x":1,"y":41,"l1x":-1,"l1y":-1,"loot_multiply_ver":2},{"data":8000010,"x":17,"y":0,"l1x":-1,"l1y":-1,"loot_multiply_ver":2},{"data":8000004,"x":42,"y":29,"l1x":-1,"l1y":-1,"loot_multiply_ver":2},{"data":8000004,"x":36,"y":42,"l1x":-1,"l1y":-1,"loot_multiply_ver":2},{"data":8000000,"x":42,"y":17,"l1x":-1,"l1y":-1,"loot_multiply_ver":2},{"data":8000006,"x":16,"y":42,"l1x":-1,"l1y":-1,"loot_multiply_ver":2},{"data":8000000,"x":32,"y":0,"l1x":-1,"l1y":-1,"loot_multiply_ver":2},{"data":8000008,"x":3,"y":0,"l1x":-1,"l1y":-1,"loot_multiply_ver":2},{"data":8000004,"x":21,"y":0,"l1x":-1,"l1y":-1,"loot_multiply_ver":2},{"data":8000010,"x":0,"y":6,"l1x":-1,"l1y":-1,"loot_multiply_ver":2},{"data":8000013,"x":4,"y":38,"l1x":-1,"l1y":-1,"loot_multiply_ver":2},{"data":8000010,"x":39,"y":42,"l1x":-1,"l1y":-1,"loot_multiply_ver":2},{"data":8000007,"x":38,"y":0,"l1x":-1,"l1y":-1,"loot_multiply_ver":2},{"data":8000008,"x":22,"y":41,"l1x":-1,"l1y":-1,"loot_multiply_ver":2},{"data":8000004,"x":40,"y":5,"l1x":-1,"l1y":-1,"loot_multiply_ver":2},{"data":8000000,"x":13,"y":1,"l1x":-1,"l1y":-1,"loot_multiply_ver":2},{"data":8000006,"x":26,"y":41,"l1x":-1,"l1y":-1,"loot_multiply_ver":2},{"data":8000000,"x":42,"y":42,"l1x":-1,"l1y":-1,"loot_multiply_ver":2},{"data":8000004,"x":13,"y":41,"l1x":-1,"l1y":-1,"loot_multiply_ver":2}],"traps":[{"data":12000000,"lvl":5,"x":32,"y":19,"l1x":10,"l1y":32},{"data":12000000,"lvl":5,"x":32,"y":18,"l1x":10,"l1y":31},{"data":12000001,"lvl":0,"x":31,"y":8,"l1x":40,"l1y":27},{"data":12000001,"lvl":0,"x":20,"y":4,"l1x":35,"l1y":35},{"data":12000000,"lvl":5,"x":34,"y":19,"l1x":6,"l1y":23},{"data":12000000,"lvl":5,"x":35,"y":26,"l1x":7,"l1y":23},{"data":12000005,"lvl":3,"x":20,"y":8,"l1x":25,"l1y":35},{"data":12000005,"lvl":3,"x":10,"y":22,"l1x":40,"l1y":20},{"data":12000001,"lvl":0,"x":37,"y":10,"l1x":36,"l1y":32},{"data":12000001,"lvl":0,"x":25,"y":8,"l1x":34,"l1y":40},{"data":12000002,"lvl":3,"x":29,"y":10,"l1x":24,"l1y":38},{"data":12000000,"lvl":5,"x":36,"y":27,"l1x":9,"l1y":27},{"data":12000000,"lvl":5,"x":34,"y":26,"l1x":10,"l1y":27},{"data":12000002,"lvl":3,"x":25,"y":13,"l1x":37,"l1y":28},{"data":12000006,"lvl":2,"x":14,"y":8,"l1x":12,"l1y":11},{"data":12000002,"lvl":3,"x":13,"y":25,"l1x":36,"l1y":10},{"data":12000005,"lvl":3,"x":10,"y":30,"l1x":35,"l1y":32},{"data":12000005,"lvl":3,"x":28,"y":10,"l1x":9,"l1y":13},{"data":12000006,"lvl":2,"x":33,"y":38,"l1x":19,"l1y":10},{"data":12000001,"lvl":0,"x":35,"y":19,"l1x":28,"l1y":41},{"data":12000001,"lvl":0,"x":29,"y":8,"l1x":21,"l1y":41},{"data":12000002,"lvl":3,"x":21,"y":13,"l1x":21,"l1y":3},{"data":12000006,"lvl":2,"x":25,"y":38,"l1x":26,"l1y":5},{"data":12000006,"lvl":2,"x":38,"y":25,"l1x":34,"l1y":11},{"data":12000005,"lvl":3,"x":37,"y":37,"l1x":9,"l1y":18},{"data":12000006,"lvl":2,"x":39,"y":33,"l1x":34,"l1y":25},{"data":12000002,"lvl":3,"x":13,"y":18,"l1x":25,"l1y":32}],"decos":[{"data":18000011,"x":10,"y":3,"l1x":40,"l1y":7},{"data":18000033,"x":10,"y":40,"l1x":5,"l1y":7},{"data":18000012,"x":23,"y":3,"l1x":40,"l1y":9},{"data":18000025,"x":6,"y":28,"l1x":40,"l1y":25},{"data":18000020,"x":3,"y":9,"l1x":9,"l1y":40},{"data":18000035,"x":4,"y":26,"l1x":11,"l1y":4},{"data":18000010,"x":8,"y":39,"l1x":36,"l1y":8},{"data":18000018,"x":4,"y":3,"l1x":3,"l1y":17},{"data":18000022,"x":6,"y":24,"l1x":8,"l1y":36},{"data":18000023,"x":4,"y":22,"l1x":7,"l1y":38},{"data":18000030,"x":2,"y":13,"l1x":4,"l1y":11},{"data":18000015,"x":3,"y":5,"l1x":38,"l1y":7},{"data":18000036,"x":4,"y":28,"l1x":3,"l1y":13},{"data":18000027,"x":2,"y":11,"l1x":3,"l1y":15},{"data":18000032,"x":29,"y":2,"l1x":4,"l1y":9},{"data":18000029,"x":25,"y":2,"l1x":9,"l1y":4},{"data":18000031,"x":31,"y":3,"l1x":7,"l1y":5},{"data":18000034,"x":4,"y":24,"l1x":7,"l1y":3},{"data":18000013,"x":21,"y":3,"l1x":5,"l1y":28},{"data":18000017,"x":6,"y":3,"l1x":27,"l1y":2},{"data":18000024,"x":6,"y":26,"l1x":13,"l1y":39},{"data":18000026,"x":6,"y":30,"l1x":7,"l1y":40},{"data":18000028,"x":27,"y":2,"l1x":7,"l1y":7},{"data":18000021,"x":6,"y":22,"l1x":4,"l1y":36},{"data":18000019,"x":3,"y":7,"l1x":4,"l1y":32},{"data":18000016,"x":8,"y":3,"l1x":5,"l1y":30},{"data":18000014,"x":12,"y":3,"l1x":34,"l1y":5},{"data":18000001,"x":40,"y":9,"l1x":39,"l1y":29},{"data":18000001,"x":40,"y":11,"l1x":38,"l1y":33},{"data":18000001,"x":40,"y":13,"l1x":38,"l1y":31},{"data":18000001,"x":40,"y":15,"l1x":36,"l1y":33},{"data":18000003,"x":15,"y":40,"l1x":40,"l1y":31},{"data":18000006,"x":38,"y":4,"l1x":36,"l1y":39},{"data":18000006,"x":38,"y":6,"l1x":34,"l1y":38},{"data":18000006,"x":40,"y":7,"l1x":36,"l1y":37},{"data":18000005,"x":25,"y":4,"l1x":4,"l1y":34},{"data":18000005,"x":25,"y":6,"l1x":38,"l1y":39},{"data":18000005,"x":27,"y":6,"l1x":38,"l1y":37},{"data":18000005,"x":29,"y":6,"l1x":38,"l1y":35},{"data":18000006,"x":38,"y":8,"l1x":36,"l1y":35},{"data":18000007,"x":4,"y":30,"l1x":6,"l1y":36},{"data":18000008,"x":27,"y":4,"l1x":38,"l1y":9},{"data":18000009,"x":29,"y":4,"l1x":40,"l1y":11}],"respawnVars":{"secondsFromLastRespawn":11871,"respawnSeed":1293951451,"obstacleClearCounter":6,"time_to_gembox_drop":9936,"time_in_gembox_period":18000},"cooldowns":[{"cooldown":4021835,"target":20000000}],"newShopBuildings":[4,0,7,4,7,4,4,1,6,7,250,4,4,3,1,5,0,0,0,4,1,3,1,3,1,1,2,2],"newShopTraps":[6,6,5,0,0,5,5,0],"newShopDecos":[1,4,0,1,1,4,4,1,1,1,1,1,1,1,1,1,1,1,1,1,1,1,1,1,1,1,1,1,1,1,1,1,1,1,1,1,1],"last_league_rank":16,"last_league_shuffle":1,"last_news_seen":81,"edit_mode_shown":true,"troop_req_msg":"223","war_req_msg":"2 witch, 11 archers","war_tutorials_seen":0,"war_base":true}