{"buildings":[{"data":1000001,"lvl":9,"x":38,"y":32,"l1x":20,"l1y":20},{"data":1000004,"lvl":10,"x":36,"y":15,"res_time":75942,"l1x":39,"l1y":19},{"data":1000000,"lvl":7,"x":11,"y":34,"units":[[4000006,4],[4000015,4]],"storage_type":0,"l1x":8,"l1y":36},{"data":1000015,"lvl":0,"x":8,"y":34,"l1x":39,"l1y":13},{"data":1000014,"lvl":5,"x":2,"y":15,"l1x":23,"l1y":30},{"data":1000008,"lvl":11,"x":34,"y":27,"l1x":27,"l1y":8},{"data":1000015,"lvl":0,"x":27,"y":8,"l1x":39,"l1y":16},{"data":1000002,"lvl":10,"x":36,"y":21,"res_time":179961,"l1x":2,"l1y":28},{"data":1000003,"lvl":10,"x":36,"y":18,"l1x":24,"l1y":8},{"data":1000005,"lvl":10,"x":23,"y":9,"l1x":20,"l1y":8},{"data":1000006,"lvl":9,"x":37,"y":27,"unit_prod":{"unit_type":0},"l1x":39,"l1y":29},{"data":1000006,"lvl":9,"x":33,"y":34,"unit_prod":{"unit_type":0},"l1x":29,"l1y":39},{"data":1000002,"lvl":10,"x":19,"y":36,"res_time":179962,"l1x":2,"l1y":23},{"data":1000004,"lvl":10,"x":25,"y":37,"res_time":73543,"l1x":39,"l1y":24},{"data":1000004,"lvl":10,"x":8,"y":36,"res_time":73546,"l1x":24,"l1y":39},{"data":1000000,"lvl":7,"x":5,"y":27,"units":[[4000001,2],[4000000,8],[4000006,4]],"storage_type":0,"l1x":3,"l1y":32},{"data":1000005,"lvl":10,"x":9,"y":18,"l1x":8,"l1y":20},{"data":1000002,"lvl":10,"x":16,"y":36,"res_time":179963,"l1x":2,"l1y":14},{"data":1000015,"lvl":0,"x":31,"y":21,"l1x":15,"l1y":39},{"data":1000015,"lvl":0,"x":10,"y":24,"l1x":34,"l1y":34},{"data":1000015,"lvl":0,"x":24,"y":33,"l1x":28,"l1y":31},{"data":1000007,"lvl":7,"x":34,"y":30,"l1x":3,"l1y":3},{"data":1000003,"lvl":10,"x":22,"y":36,"l1x":11,"l1y":17},{"data":1000002,"lvl":10,"x":5,"y":23,"res_time":179957,"l1x":3,"l1y":9},{"data":1000004,"lvl":10,"x":5,"y":32,"res_time":73545,"l1x":19,"l1y":39},{"data":1000006,"lvl":9,"x":8,"y":7,"unit_prod":{"unit_type":0},"l1x":6,"l1y":12},{"data":1000013,"lvl":7,"x":11,"y":11,"l1x":9,"l1y":32},{"data":1000008,"lvl":11,"x":20,"y":9,"l1x":8,"l1y":27},{"data":1000009,"lvl":12,"x":11,"y":14,"l1x":27,"l1y":11},{"data":1000009,"lvl":12,"x":12,"y":23,"l1x":17,"l1y":8},{"data":1000010,"lvl":10,"x":26,"y":9,"l1x":30,"l1y":13},{"data":1000010,"lvl":10,"x":26,"y":8,"l1x":30,"l1y":12},{"data":1000010,"lvl":10,"x":25,"y":8,"l1x":30,"l1y":11},{"data":1000010,"lvl":10,"x":24,"y":8,"l1x":30,"l1y":10},{"data":1000010,"lvl":10,"x":23,"y":8,"l1x":30,"l1y":9},{"data":1000010,"lvl":10,"x":22,"y":8,"l1x":30,"l1y":8},{"data":1000010,"lvl":10,"x":21,"y":8,"l1x":30,"l1y":7},{"data":1000010,"lvl":10,"x":20,"y":8,"l1x":29,"l1y":7},{"data":1000010,"lvl":10,"x":19,"y":8,"l1x":28,"l1y":7},{"data":1000010,"lvl":10,"x":18,"y":8,"l1x":27,"l1y":7},{"data":1000010,"lvl":10,"x":17,"y":8,"l1x":26,"l1y":7},{"data":1000010,"lvl":10,"x":17,"y":9,"l1x":25,"l1y":7},{"data":1000010,"lvl":10,"x":25,"y":15,"l1x":24,"l1y":7},{"data":1000010,"lvl":10,"x":24,"y":15,"l1x":23,"l1y":13},{"data":1000010,"lvl":10,"x":23,"y":15,"l1x":23,"l1y":12},{"data":1000010,"lvl":10,"x":22,"y":15,"l1x":23,"l1y":11},{"data":1000010,"lvl":10,"x":17,"y":13,"l1x":23,"l1y":10},{"data":1000010,"lvl":10,"x":17,"y":12,"l1x":23,"l1y":9},{"data":1000010,"lvl":10,"x":17,"y":11,"l1x":23,"l1y":8},{"data":1000010,"lvl":10,"x":17,"y":10,"l1x":23,"l1y":7},{"data":1000010,"lvl":10,"x":16,"y":10,"l1x":22,"l1y":7},{"data":1000010,"lvl":10,"x":15,"y":10,"l1x":21,"l1y":7},{"data":1000010,"lvl":10,"x":14,"y":10,"l1x":20,"l1y":7},{"data":1000010,"lvl":10,"x":13,"y":10,"l1x":19,"l1y":7},{"data":1000010,"lvl":10,"x":12,"y":10,"l1x":18,"l1y":7},{"data":1000010,"lvl":10,"x":11,"y":10,"l1x":17,"l1y":7},{"data":1000010,"lvl":10,"x":10,"y":10,"l1x":16,"l1y":7},{"data":1000010,"lvl":10,"x":10,"y":11,"l1x":16,"l1y":8},{"data":1000010,"lvl":10,"x":10,"y":12,"l1x":16,"l1y":9},{"data":1000010,"lvl":10,"x":10,"y":13,"l1x":16,"l1y":11},{"data":1000010,"lvl":10,"x":10,"y":14,"l1x":16,"l1y":10},{"data":1000010,"lvl":10,"x":10,"y":15,"l1x":15,"l1y":10},{"data":1000010,"lvl":10,"x":10,"y":16,"l1x":14,"l1y":10},{"data":1000010,"lvl":10,"x":13,"y":17,"l1x":13,"l1y":10},{"data":1000010,"lvl":10,"x":12,"y":17,"l1x":12,"l1y":10},{"data":1000010,"lvl":10,"x":11,"y":17,"l1x":11,"l1y":10},{"data":1000010,"lvl":10,"x":10,"y":17,"l1x":10,"l1y":10},{"data":1000010,"lvl":10,"x":9,"y":17,"l1x":10,"l1y":11},{"data":1000010,"lvl":10,"x":8,"y":17,"l1x":10,"l1y":12},{"data":1000010,"lvl":10,"x":8,"y":18,"l1x":10,"l1y":13},{"data":1000010,"lvl":10,"x":8,"y":19,"l1x":10,"l1y":14},{"data":1000010,"lvl":10,"x":8,"y":20,"l1x":10,"l1y":15},{"data":1000010,"lvl":10,"x":8,"y":21,"l1x":10,"l1y":16},{"data":1000010,"lvl":10,"x":8,"y":22,"l1x":9,"l1y":16},{"data":1000010,"lvl":10,"x":8,"y":23,"l1x":8,"l1y":16},{"data":1000010,"lvl":10,"x":8,"y":24,"l1x":7,"l1y":16},{"data":1000010,"lvl":10,"x":8,"y":25,"l1x":7,"l1y":17},{"data":1000010,"lvl":10,"x":8,"y":26,"l1x":7,"l1y":18},{"data":1000010,"lvl":10,"x":9,"y":26,"l1x":7,"l1y":19},{"data":1000010,"lvl":10,"x":13,"y":26,"l1x":7,"l1y":20},{"data":1000010,"lvl":10,"x":12,"y":26,"l1x":7,"l1y":21},{"data":1000010,"lvl":10,"x":11,"y":26,"l1x":7,"l1y":22},{"data":1000010,"lvl":10,"x":10,"y":26,"l1x":13,"l1y":23},{"data":1000010,"lvl":10,"x":10,"y":27,"l1x":12,"l1y":23},{"data":1000010,"lvl":10,"x":10,"y":28,"l1x":11,"l1y":23},{"data":1000010,"lvl":10,"x":10,"y":29,"l1x":10,"l1y":23},{"data":1000010,"lvl":10,"x":10,"y":30,"l1x":9,"l1y":23},{"data":1000010,"lvl":10,"x":10,"y":31,"l1x":8,"l1y":23},{"data":1000010,"lvl":10,"x":10,"y":32,"l1x":7,"l1y":23},{"data":1000010,"lvl":10,"x":10,"y":33,"l1x":7,"l1y":24},{"data":1000010,"lvl":10,"x":11,"y":33,"l1x":7,"l1y":25},{"data":1000010,"lvl":10,"x":12,"y":33,"l1x":7,"l1y":26},{"data":1000010,"lvl":10,"x":13,"y":33,"l1x":7,"l1y":27},{"data":1000010,"lvl":10,"x":14,"y":33,"l1x":7,"l1y":28},{"data":1000010,"lvl":10,"x":15,"y":33,"l1x":7,"l1y":29},{"data":1000010,"lvl":10,"x":16,"y":33,"l1x":7,"l1y":30},{"data":1000010,"lvl":10,"x":14,"y":26,"l1x":8,"l1y":30},{"data":1000010,"lvl":10,"x":14,"y":27,"l1x":9,"l1y":30},{"data":1000010,"lvl":10,"x":14,"y":28,"l1x":10,"l1y":30},{"data":1000010,"lvl":10,"x":14,"y":29,"l1x":11,"l1y":30},{"data":1000010,"lvl":10,"x":15,"y":29,"l1x":12,"l1y":30},{"data":1000010,"lvl":10,"x":16,"y":29,"l1x":13,"l1y":30},{"data":1000010,"lvl":10,"x":26,"y":34,"l1x":28,"l1y":36},{"data":1000010,"lvl":10,"x":26,"y":35,"l1x":27,"l1y":36},{"data":1000010,"lvl":10,"x":25,"y":35,"l1x":26,"l1y":36},{"data":1000012,"lvl":7,"x":23,"y":12,"l1x":20,"l1y":11},{"data":1000002,"lvl":10,"x":5,"y":20,"res_time":179956,"l1x":9,"l1y":2},{"data":1000004,"lvl":10,"x":11,"y":7,"res_time":79679,"l1x":2,"l1y":18},{"data":1000000,"lvl":7,"x":29,"y":5,"units":[[4000001,12],[4000000,13],[4000013,1],[4000015,1]],"storage_type":0,"l1x":32,"l1y":3},{"data":1000020,"lvl":4,"x":27,"y":34,"units":[[26000005,1],[26000003,1],[26000002,2],[26000000,1]],"storage_type":1,"unit_prod":{"unit_type":1},"l1x":39,"l1y":39},{"data":1000008,"lvl":11,"x":9,"y":21,"l1x":19,"l1y":33},{"data":1000009,"lvl":12,"x":14,"y":30,"l1x":8,"l1y":17},{"data":1000011,"lvl":7,"x":14,"y":11,"l1x":24,"l1y":11},{"data":1000010,"lvl":10,"x":24,"y":35,"l1x":25,"l1y":36},{"data":1000010,"lvl":10,"x":23,"y":35,"l1x":24,"l1y":36},{"data":1000010,"lvl":10,"x":22,"y":35,"l1x":23,"l1y":36},{"data":1000010,"lvl":10,"x":21,"y":35,"l1x":22,"l1y":36},{"data":1000010,"lvl":10,"x":20,"y":35,"l1x":21,"l1y":36},{"data":1000010,"lvl":10,"x":19,"y":35,"l1x":20,"l1y":36},{"data":1000010,"lvl":10,"x":18,"y":35,"l1x":19,"l1y":36},{"data":1000010,"lvl":10,"x":17,"y":35,"l1x":18,"l1y":36},{"data":1000010,"lvl":10,"x":17,"y":34,"l1x":17,"l1y":36},{"data":1000010,"lvl":10,"x":17,"y":33,"l1x":16,"l1y":36},{"data":1000010,"lvl":10,"x":17,"y":32,"l1x":15,"l1y":36},{"data":1000010,"lvl":10,"x":17,"y":31,"l1x":14,"l1y":36},{"data":1000010,"lvl":10,"x":17,"y":30,"l1x":14,"l1y":35},{"data":1000010,"lvl":10,"x":17,"y":29,"l1x":14,"l1y":34},{"data":1000010,"lvl":10,"x":17,"y":27,"l1x":14,"l1y":33},{"data":1000010,"lvl":10,"x":17,"y":28,"l1x":14,"l1y":32},{"data":1000010,"lvl":10,"x":18,"y":28,"l1x":14,"l1y":31},{"data":1000010,"lvl":10,"x":19,"y":28,"l1x":14,"l1y":30},{"data":1000010,"lvl":10,"x":20,"y":28,"l1x":35,"l1y":33},{"data":1000010,"lvl":10,"x":21,"y":28,"l1x":34,"l1y":33},{"data":1000010,"lvl":10,"x":33,"y":27,"l1x":33,"l1y":33},{"data":1000010,"lvl":10,"x":33,"y":28,"l1x":33,"l1y":34},{"data":1000010,"lvl":10,"x":33,"y":29,"l1x":33,"l1y":35},{"data":1000010,"lvl":10,"x":33,"y":30,"l1x":29,"l1y":36},{"data":1000010,"lvl":10,"x":33,"y":31,"l1x":30,"l1y":36},{"data":1000010,"lvl":10,"x":33,"y":32,"l1x":31,"l1y":36},{"data":1000010,"lvl":10,"x":33,"y":33,"l1x":32,"l1y":36},{"data":1000010,"lvl":10,"x":32,"y":33,"l1x":33,"l1y":36},{"data":1000010,"lvl":10,"x":31,"y":33,"l1x":34,"l1y":36},{"data":1000010,"lvl":10,"x":30,"y":33,"l1x":35,"l1y":36},{"data":1000010,"lvl":10,"x":29,"y":33,"l1x":36,"l1y":36},{"data":1000010,"lvl":10,"x":28,"y":33,"l1x":36,"l1y":35},{"data":1000010,"lvl":10,"x":27,"y":33,"l1x":36,"l1y":34},{"data":1000010,"lvl":10,"x":26,"y":33,"l1x":36,"l1y":33},{"data":1000010,"lvl":10,"x":26,"y":32,"l1x":36,"l1y":32},{"data":1000010,"lvl":10,"x":26,"y":31,"l1x":36,"l1y":31},{"data":1000010,"lvl":10,"x":26,"y":30,"l1x":36,"l1y":30},{"data":1000013,"lvl":7,"x":11,"y":30,"l1x":7,"l1y":7},{"data":1000010,"lvl":10,"x":26,"y":29,"l1x":36,"l1y":29},{"data":1000010,"lvl":10,"x":27,"y":29,"l1x":36,"l1y":28},{"data":1000010,"lvl":10,"x":28,"y":29,"l1x":36,"l1y":27},{"data":1000010,"lvl":10,"x":29,"y":29,"l1x":36,"l1y":26},{"data":1000010,"lvl":10,"x":29,"y":28,"l1x":36,"l1y":25},{"data":1000010,"lvl":10,"x":29,"y":27,"l1x":36,"l1y":24},{"data":1000010,"lvl":10,"x":34,"y":17,"l1x":36,"l1y":23},{"data":1000010,"lvl":10,"x":35,"y":17,"l1x":36,"l1y":22},{"data":1000010,"lvl":10,"x":35,"y":18,"l1x":36,"l1y":21},{"data":1000010,"lvl":10,"x":35,"y":19,"l1x":36,"l1y":20},{"data":1000010,"lvl":10,"x":35,"y":20,"l1x":36,"l1y":19},{"data":1000010,"lvl":10,"x":35,"y":21,"l1x":36,"l1y":18},{"data":1000010,"lvl":10,"x":35,"y":22,"l1x":36,"l1y":17},{"data":1000011,"lvl":7,"x":11,"y":27,"l1x":11,"l1y":24},{"data":1000004,"lvl":10,"x":17,"y":5,"res_time":76429,"l1x":17,"l1y":2},{"data":1000002,"lvl":10,"x":5,"y":17,"res_time":179956,"l1x":22,"l1y":2},{"data":1000012,"lvl":7,"x":12,"y":18,"l1x":11,"l1y":20},{"data":1000000,"lvl":7,"x":34,"y":10,"units":[[4000006,7],[4000001,5],[4000015,2]],"storage_type":0,"l1x":36,"l1y":8},{"data":1000008,"lvl":11,"x":21,"y":32,"l1x":26,"l1y":33},{"data":1000010,"lvl":10,"x":35,"y":23,"l1x":36,"l1y":16},{"data":1000010,"lvl":10,"x":35,"y":24,"l1x":36,"l1y":15},{"data":1000010,"lvl":10,"x":35,"y":25,"l1x":36,"l1y":14},{"data":1000010,"lvl":10,"x":35,"y":26,"l1x":35,"l1y":14},{"data":1000010,"lvl":10,"x":34,"y":26,"l1x":34,"l1y":14},{"data":1000010,"lvl":10,"x":33,"y":26,"l1x":33,"l1y":14},{"data":1000010,"lvl":10,"x":32,"y":26,"l1x":32,"l1y":14},{"data":1000010,"lvl":10,"x":31,"y":26,"l1x":31,"l1y":14},{"data":1000010,"lvl":10,"x":30,"y":26,"l1x":30,"l1y":14},{"data":1000010,"lvl":10,"x":29,"y":26,"l1x":28,"l1y":25},{"data":1000010,"lvl":10,"x":33,"y":16,"l1x":29,"l1y":25},{"data":1000010,"lvl":10,"x":33,"y":17,"l1x":29,"l1y":24},{"data":1000010,"lvl":10,"x":32,"y":17,"l1x":29,"l1y":23},{"data":1000010,"lvl":10,"x":31,"y":17,"l1x":29,"l1y":22},{"data":1000010,"lvl":10,"x":30,"y":17,"l1x":29,"l1y":21},{"data":1000010,"lvl":10,"x":33,"y":15,"l1x":29,"l1y":20},{"data":1000010,"lvl":10,"x":33,"y":14,"l1x":29,"l1y":19},{"data":1000010,"lvl":10,"x":33,"y":13,"l1x":29,"l1y":18},{"data":1000010,"lvl":10,"x":33,"y":12,"l1x":29,"l1y":17},{"data":1000010,"lvl":10,"x":33,"y":11,"l1x":29,"l1y":16},{"data":1000010,"lvl":10,"x":33,"y":10,"l1x":29,"l1y":15},{"data":1000010,"lvl":10,"x":32,"y":10,"l1x":29,"l1y":14},{"data":1000010,"lvl":10,"x":31,"y":10,"l1x":28,"l1y":14},{"data":1000010,"lvl":10,"x":30,"y":10,"l1x":27,"l1y":14},{"data":1000010,"lvl":10,"x":29,"y":10,"l1x":26,"l1y":14},{"data":1000009,"lvl":12,"x":23,"y":29,"l1x":11,"l1y":27},{"data":1000008,"lvl":11,"x":27,"y":30,"l1x":32,"l1y":27},{"data":1000006,"lvl":9,"x":20,"y":5,"unit_prod":{"unit_type":0},"l1x":12,"l1y":5},{"data":1000013,"lvl":7,"x":30,"y":11,"l1x":32,"l1y":9},{"data":1000024,"lvl":5,"x":18,"y":12,"l1x":28,"l1y":28},{"data":1000022,"lvl":0,"x":2,"y":9,"l1x":21,"l1y":25},{"data":1000026,"lvl":5,"x":30,"y":34,"unit_prod":{"unit_type":0},"l1x":39,"l1y":34},{"data":1000003,"lvl":10,"x":7,"y":14,"l1x":8,"l1y":24},{"data":1000023,"lvl":5,"x":36,"y":24,"res_time":57561,"l1x":15,"l1y":33},{"data":1000005,"lvl":10,"x":18,"y":32,"l1x":22,"l1y":33},{"data":1000010,"lvl":10,"x":28,"y":10,"l1x":25,"l1y":14},{"data":1000010,"lvl":10,"x":27,"y":10,"l1x":24,"l1y":14},{"data":1000010,"lvl":10,"x":26,"y":10,"l1x":23,"l1y":14},{"data":1000010,"lvl":10,"x":26,"y":11,"l1x":25,"l1y":28},{"data":1000010,"lvl":10,"x":26,"y":12,"l1x":25,"l1y":29},{"data":1000010,"lvl":10,"x":26,"y":13,"l1x":24,"l1y":29},{"data":1000010,"lvl":10,"x":29,"y":17,"l1x":23,"l1y":29},{"data":1000010,"lvl":10,"x":29,"y":16,"l1x":22,"l1y":29},{"data":1000010,"lvl":10,"x":29,"y":15,"l1x":21,"l1y":29},{"data":1000010,"lvl":10,"x":29,"y":14,"l1x":20,"l1y":29},{"data":1000010,"lvl":10,"x":28,"y":14,"l1x":19,"l1y":29},{"data":1000010,"lvl":10,"x":27,"y":14,"l1x":18,"l1y":29},{"data":1000010,"lvl":10,"x":26,"y":14,"l1x":17,"l1y":29},{"data":1000010,"lvl":10,"x":26,"y":15,"l1x":16,"l1y":29},{"data":1000010,"lvl":10,"x":26,"y":16,"l1x":15,"l1y":29},{"data":1000010,"lvl":10,"x":17,"y":14,"l1x":14,"l1y":29},{"data":1000010,"lvl":10,"x":16,"y":14,"l1x":14,"l1y":28},{"data":1000010,"lvl":10,"x":15,"y":14,"l1x":14,"l1y":27},{"data":1000010,"lvl":10,"x":14,"y":14,"l1x":14,"l1y":26},{"data":1000010,"lvl":10,"x":14,"y":15,"l1x":14,"l1y":25},{"data":1000010,"lvl":10,"x":14,"y":16,"l1x":14,"l1y":24},{"data":1000010,"lvl":10,"x":14,"y":17,"l1x":14,"l1y":23},{"data":1000010,"lvl":10,"x":28,"y":26,"l1x":16,"l1y":13},{"data":1000010,"lvl":10,"x":28,"y":25,"l1x":16,"l1y":12},{"data":1000010,"lvl":10,"x":26,"y":25,"l1x":15,"l1y":12},{"data":1000010,"lvl":10,"x":28,"y":24,"l1x":14,"l1y":12},{"data":1000010,"lvl":10,"x":28,"y":23,"l1x":13,"l1y":12},{"data":1000010,"lvl":10,"x":28,"y":22,"l1x":12,"l1y":12},{"data":1000010,"lvl":10,"x":28,"y":21,"l1x":12,"l1y":13},{"data":1000010,"lvl":10,"x":28,"y":20,"l1x":12,"l1y":14},{"data":1000010,"lvl":10,"x":28,"y":19,"l1x":12,"l1y":15},{"data":1000010,"lvl":10,"x":28,"y":18,"l1x":14,"l1y":17},{"data":1000010,"lvl":10,"x":28,"y":17,"l1x":14,"l1y":18},{"data":1000010,"lvl":10,"x":27,"y":17,"l1x":14,"l1y":19},{"data":1000010,"lvl":10,"x":26,"y":17,"l1x":14,"l1y":20},{"data":1000010,"lvl":10,"x":25,"y":17,"l1x":14,"l1y":21},{"data":1000010,"lvl":10,"x":16,"y":17,"l1x":14,"l1y":22},{"data":1000011,"lvl":7,"x":30,"y":27,"l1x":26,"l1y":17},{"data":1000010,"lvl":10,"x":15,"y":17,"l1x":15,"l1y":22},{"data":1000010,"lvl":10,"x":15,"y":18,"l1x":11,"l1y":16},{"data":1000010,"lvl":10,"x":15,"y":19,"l1x":12,"l1y":16},{"data":1000010,"lvl":10,"x":15,"y":20,"l1x":13,"l1y":16},{"data":1000010,"lvl":10,"x":15,"y":21,"l1x":14,"l1y":16},{"data":1000010,"lvl":10,"x":15,"y":22,"l1x":15,"l1y":16},{"data":1000010,"lvl":10,"x":15,"y":23,"l1x":16,"l1y":22},{"data":1000010,"lvl":10,"x":15,"y":24,"l1x":16,"l1y":21},{"data":1000010,"lvl":10,"x":15,"y":25,"l1x":16,"l1y":20},{"data":1000010,"lvl":10,"x":15,"y":26,"l1x":16,"l1y":15},{"data":1000010,"lvl":10,"x":16,"y":26,"l1x":16,"l1y":14},{"data":1000009,"lvl":12,"x":30,"y":30,"l1x":15,"l1y":30},{"data":1000010,"lvl":10,"x":17,"y":26,"l1x":17,"l1y":14},{"data":1000010,"lvl":10,"x":18,"y":26,"l1x":18,"l1y":14},{"data":1000019,"lvl":7,"x":15,"y":27,"l1x":17,"l1y":21},{"data":1000025,"lvl":0,"x":2,"y":12,"l1x":25,"l1y":21},{"data":1000010,"lvl":10,"x":18,"y":19,"l1x":19,"l1y":14},{"data":1000010,"lvl":10,"x":17,"y":19,"l1x":20,"l1y":14},{"data":1000010,"lvl":10,"x":17,"y":18,"l1x":21,"l1y":14},{"data":1000010,"lvl":10,"x":17,"y":17,"l1x":22,"l1y":14},{"data":1000010,"lvl":10,"x":17,"y":16,"l1x":22,"l1y":15},{"data":1000010,"lvl":10,"x":17,"y":15,"l1x":22,"l1y":16},{"data":1000010,"lvl":10,"x":18,"y":15,"l1x":21,"l1y":16},{"data":1000010,"lvl":10,"x":19,"y":15,"l1x":20,"l1y":16},{"data":1000010,"lvl":10,"x":20,"y":15,"l1x":19,"l1y":18},{"data":1000010,"lvl":10,"x":21,"y":15,"l1x":19,"l1y":17},{"data":1000010,"lvl":10,"x":21,"y":16,"l1x":19,"l1y":16},{"data":1000010,"lvl":10,"x":25,"y":24,"l1x":18,"l1y":16},{"data":1000010,"lvl":10,"x":26,"y":24,"l1x":17,"l1y":16},{"data":1000010,"lvl":10,"x":27,"y":26,"l1x":16,"l1y":16},{"data":1000010,"lvl":10,"x":26,"y":26,"l1x":16,"l1y":17},{"data":1000021,"lvl":3,"x":2,"y":18,"attack_mode":false,"attack_mode_war":false,"attack_mode_draft":false,"attack_mode_draft_war":false,"ammo":1500,"l1x":13,"l1y":13},{"data":1000010,"lvl":10,"x":26,"y":27,"l1x":16,"l1y":18},{"data":1000010,"lvl":10,"x":26,"y":28,"l1x":16,"l1y":19},{"data":1000010,"lvl":10,"x":25,"y":28,"l1x":17,"l1y":19},{"data":1000010,"lvl":10,"x":24,"y":28,"l1x":18,"l1y":19},{"data":1000010,"lvl":10,"x":23,"y":28,"l1x":24,"l1y":27},{"data":1000010,"lvl":10,"x":22,"y":28,"l1x":25,"l1y":27},{"data":1000010,"lvl":10,"x":22,"y":27,"l1x":26,"l1y":27},{"data":1000010,"lvl":10,"x":19,"y":26,"l1x":27,"l1y":27},{"data":1000010,"lvl":10,"x":19,"y":25,"l1x":27,"l1y":26},{"data":1000010,"lvl":10,"x":19,"y":24,"l1x":27,"l1y":25},{"data":1000012,"lvl":7,"x":18,"y":29,"l1x":19,"l1y":30},{"data":1000003,"lvl":10,"x":14,"y":7,"l1x":30,"l1y":24},{"data":1000021,"lvl":3,"x":2,"y":21,"attack_mode":false,"attack_mode_war":false,"attack_mode_draft":false,"attack_mode_draft_war":false,"ammo":1500,"l1x":16,"l1y":23},{"data":1000009,"lvl":12,"x":29,"y":18,"l1x":31,"l1y":30},{"data":1000005,"lvl":10,"x":32,"y":23,"l1x":33,"l1y":22},{"data":1000010,"lvl":10,"x":19,"y":23,"l1x":27,"l1y":24},{"data":1000010,"lvl":10,"x":19,"y":22,"l1x":26,"l1y":24},{"data":1000010,"lvl":10,"x":19,"y":21,"l1x":25,"l1y":24},{"data":1000010,"lvl":10,"x":19,"y":20,"l1x":24,"l1y":26},{"data":1000010,"lvl":10,"x":19,"y":19,"l1x":24,"l1y":25},{"data":1000010,"lvl":10,"x":20,"y":19,"l1x":23,"l1y":24},{"data":1000010,"lvl":10,"x":21,"y":19,"l1x":22,"l1y":24},{"data":1000010,"lvl":10,"x":21,"y":18,"l1x":21,"l1y":24},{"data":1000010,"lvl":10,"x":21,"y":17,"l1x":20,"l1y":24},{"data":1000010,"lvl":10,"x":23,"y":19,"l1x":19,"l1y":24},{"data":1000010,"lvl":10,"x":22,"y":19,"l1x":24,"l1y":24},{"data":1000010,"lvl":10,"x":24,"y":17,"l1x":24,"l1y":23},{"data":1000010,"lvl":10,"x":24,"y":18,"l1x":24,"l1y":22},{"data":1000010,"lvl":10,"x":24,"y":19,"l1x":24,"l1y":21},{"data":1000010,"lvl":10,"x":24,"y":20,"l1x":24,"l1y":20},{"data":1000010,"lvl":10,"x":24,"y":21,"l1x":24,"l1y":19},{"data":1000010,"lvl":10,"x":24,"y":22,"l1x":23,"l1y":19},{"data":1000010,"lvl":10,"x":24,"y":23,"l1x":22,"l1y":19},{"data":1000010,"lvl":10,"x":24,"y":24,"l1x":21,"l1y":19},{"data":1000010,"lvl":10,"x":23,"y":24,"l1x":20,"l1y":19},{"data":1000010,"lvl":10,"x":22,"y":24,"l1x":19,"l1y":19},{"data":1000010,"lvl":10,"x":22,"y":25,"l1x":19,"l1y":20},{"data":1000010,"lvl":10,"x":22,"y":26,"l1x":19,"l1y":21},{"data":1000010,"lvl":10,"x":20,"y":24,"l1x":19,"l1y":22},{"data":1000010,"lvl":10,"x":21,"y":24,"l1x":19,"l1y":23},{"data":1000023,"lvl":5,"x":28,"y":37,"res_time":57562,"l1x":30,"l1y":33},{"data":1000019,"lvl":7,"x":27,"y":27,"l1x":31,"l1y":12},{"data":1000019,"lvl":7,"x":27,"y":15,"l1x":34,"l1y":25},{"data":1000019,"lvl":7,"x":15,"y":15,"l1x":21,"l1y":17},{"data":1000011,"lvl":7,"x":30,"y":14,"l1x":17,"l1y":26},{"data":1000012,"lvl":7,"x":29,"y":23,"l1x":30,"l1y":20},{"data":1000026,"lvl":5,"x":23,"y":5,"unit_prod":{"unit_type":0},"l1x":34,"l1y":39},{"data":1000027,"lvl":2,"x":40,"y":30,"attack_mode":true,"attack_mode_war":true,"attack_mode_draft":true,"attack_mode_draft_war":true,"ammo":750,"l1x":17,"l1y":17},{"data":1000009,"lvl":12,"x":27,"y":11,"l1x":30,"l1y":15},{"data":1000008,"lvl":11,"x":32,"y":18,"l1x":33,"l1y":19},{"data":1000023,"lvl":5,"x":26,"y":5,"res_time":57559,"l1x":33,"l1y":15},{"data":1000027,"lvl":2,"x":40,"y":36,"attack_mode":false,"attack_mode_war":true,"attack_mode_draft":false,"attack_mode_draft_war":true,"ammo":750,"l1x":25,"l1y":25},{"data":1000021,"lvl":3,"x":2,"y":6,"attack_mode":false,"attack_mode_war":false,"attack_mode_draft":false,"attack_mode_draft_war":false,"ammo":1500,"l1x":23,"l1y":16},{"data":1000004,"lvl":10,"x":35,"y":6,"res_time":70710,"l1x":17,"l1y":11},{"data":1000002,"lvl":10,"x":7,"y":10,"res_time":179957,"l1x":27,"l1y":2}],"obstacles":[{"data":8000000,"x":0,"y":28,"l1x":-1,"l1y":-1,"loot_multiply_ver":1},{"data":8000000,"x":25,"y":42,"l1x":-1,"l1y":-1,"loot_multiply_ver":1},{"data":8000000,"x":31,"y":42,"l1x":-1,"l1y":-1,"loot_multiply_ver":1},{"data":8000007,"x":20,"y":42,"l1x":-1,"l1y":-1,"loot_multiply_ver":1},{"data":8000000,"x":36,"y":42,"l1x":-1,"l1y":-1,"loot_multiply_ver":1},{"data":8000000,"x":9,"y":0,"l1x":-1,"l1y":-1,"loot_multiply_ver":1},{"data":8000007,"x":0,"y":13,"l1x":-1,"l1y":-1,"loot_multiply_ver":1},{"data":8000000,"x":13,"y":0,"l1x":-1,"l1y":-1,"loot_multiply_ver":1},{"data":8000000,"x":0,"y":20,"l1x":-1,"l1y":-1,"loot_multiply_ver":1},{"data":8000010,"x":0,"y":0,"l1x":-1,"l1y":-1,"loot_multiply_ver":2},{"data":8000004,"x":42,"y":23,"l1x":-1,"l1y":-1,"loot_multiply_ver":2},{"data":8000000,"x":15,"y":42,"l1x":-1,"l1y":-1,"loot_multiply_ver":2},{"data":8000000,"x":24,"y":0,"l1x":-1,"l1y":-1,"loot_multiply_ver":2},{"data":8000004,"x":42,"y":19,"l1x":-1,"l1y":-1,"loot_multiply_ver":2},{"data":8000000,"x":0,"y":23,"l1x":-1,"l1y":-1,"loot_multiply_ver":2},{"data":8000000,"x":0,"y":7,"l1x":-1,"l1y":-1,"loot_multiply_ver":2},{"data":8000007,"x":42,"y":8,"l1x":-1,"l1y":-1,"loot_multiply_ver":2},{"data":8000000,"x":38,"y":0,"l1x":-1,"l1y":-1,"loot_multiply_ver":2},{"data":8000010,"x":0,"y":17,"l1x":-1,"l1y":-1,"loot_multiply_ver":2},{"data":8000000,"x":39,"y":42,"l1x":-1,"l1y":-1,"loot_multiply_ver":2},{"data":8000000,"x":42,"y":29,"l1x":-1,"l1y":-1,"loot_multiply_ver":2},{"data":8000004,"x":42,"y":39,"l1x":-1,"l1y":-1,"loot_multiply_ver":2},{"data":8000007,"x":42,"y":2,"l1x":-1,"l1y":-1,"loot_multiply_ver":2},{"data":8000004,"x":42,"y":11,"l1x":-1,"l1y":-1,"loot_multiply_ver":2},{"data":8000006,"x":35,"y":0,"l1x":-1,"l1y":-1,"loot_multiply_ver":2},{"data":8000004,"x":31,"y":0,"l1x":-1,"l1y":-1,"loot_multiply_ver":2},{"data":8000004,"x":19,"y":0,"l1x":-1,"l1y":-1,"loot_multiply_ver":2},{"data":8000007,"x":0,"y":3,"l1x":-1,"l1y":-1,"loot_multiply_ver":2},{"data":8000007,"x":42,"y":14,"l1x":-1,"l1y":-1,"loot_multiply_ver":2},{"data":8000004,"x":0,"y":31,"l1x":-1,"l1y":-1,"loot_multiply_ver":2},{"data":8000010,"x":42,"y":26,"l1x":-1,"l1y":-1,"loot_multiply_ver":2},{"data":8000000,"x":12,"y":42,"l1x":-1,"l1y":-1,"loot_multiply_ver":2},{"data":8000008,"x":42,"y":33,"l1x":-1,"l1y":-1,"loot_multiply_ver":2},{"data":8000004,"x":28,"y":1,"l1x":-1,"l1y":-1,"loot_multiply_ver":2},{"data":8000006,"x":4,"y":0,"l1x":-1,"l1y":-1,"loot_multiply_ver":2},{"data":8000010,"x":0,"y":39,"l1x":-1,"l1y":-1,"loot_multiply_ver":2},{"data":8000010,"x":5,"y":42,"l1x":-1,"l1y":-1,"loot_multiply_ver":2},{"data":8000004,"x":28,"y":42,"l1x":-1,"l1y":-1,"loot_multiply_ver":2}],"traps":[{"data":12000005,"lvl":3,"x":22,"y":16,"l1x":17,"l1y":15},{"data":12000005,"lvl":3,"x":19,"y":11,"l1x":15,"l1y":20},{"data":12000005,"lvl":3,"x":20,"y":27,"l1x":26,"l1y":20},{"data":12000005,"lvl":3,"x":16,"y":18,"l1x":20,"l1y":17},{"data":12000006,"lvl":2,"x":21,"y":27,"l1x":27,"l1y":29},{"data":12000006,"lvl":2,"x":24,"y":16,"l1x":25,"l1y":15},{"data":12000006,"lvl":2,"x":16,"y":19,"l1x":21,"l1y":15},{"data":12000006,"lvl":2,"x":21,"y":12,"l1x":15,"l1y":23},{"data":12000006,"lvl":2,"x":23,"y":16,"l1x":18,"l1y":31},{"data":12000005,"lvl":3,"x":13,"y":21,"l1x":20,"l1y":25},{"data":12000002,"lvl":3,"x":34,"y":15,"l1x":26,"l1y":31},{"data":12000002,"lvl":3,"x":18,"y":9,"l1x":27,"l1y":15},{"data":12000002,"lvl":3,"x":21,"y":13,"l1x":15,"l1y":27},{"data":12000002,"lvl":3,"x":33,"y":21,"l1x":28,"l1y":26},{"data":12000002,"lvl":3,"x":29,"y":21,"l1x":30,"l1y":18},{"data":12000001,"lvl":0,"x":22,"y":12,"l1x":18,"l1y":33},{"data":12000001,"lvl":0,"x":39,"y":24,"l1x":32,"l1y":23},{"data":12000001,"lvl":0,"x":34,"y":9,"l1x":35,"l1y":18},{"data":12000001,"lvl":0,"x":14,"y":21,"l1x":32,"l1y":18},{"data":12000001,"lvl":0,"x":22,"y":29,"l1x":22,"l1y":30},{"data":12000001,"lvl":0,"x":21,"y":29,"l1x":30,"l1y":23},{"data":12000000,"lvl":5,"x":5,"y":26,"l1x":31,"l1y":27},{"data":12000000,"lvl":5,"x":6,"y":26,"l1x":32,"l1y":19},{"data":12000000,"lvl":5,"x":7,"y":26,"l1x":33,"l1y":18},{"data":12000000,"lvl":5,"x":27,"y":24,"l1x":26,"l1y":30},{"data":12000000,"lvl":5,"x":27,"y":25,"l1x":22,"l1y":31},{"data":12000000,"lvl":5,"x":31,"y":37,"l1x":18,"l1y":32}],"decos":[{"data":18000016,"x":5,"y":4,"l1x":14,"l1y":2},{"data":18000033,"x":19,"y":40,"l1x":6,"l1y":37},{"data":18000000,"x":35,"y":3,"l1x":37,"l1y":6},{"data":18000010,"x":2,"y":24,"l1x":2,"l1y":7},{"data":18000004,"x":37,"y":3,"l1x":37,"l1y":4},{"data":18000018,"x":5,"y":6,"l1x":25,"l1y":2},{"data":18000025,"x":13,"y":40,"l1x":13,"l1y":40},{"data":18000013,"x":11,"y":4,"l1x":39,"l1y":2},{"data":18000027,"x":9,"y":40,"l1x":2,"l1y":26},{"data":18000022,"x":5,"y":14,"l1x":22,"l1y":40},{"data":18000024,"x":15,"y":40,"l1x":2,"l1y":21},{"data":18000026,"x":11,"y":40,"l1x":6,"l1y":39},{"data":18000028,"x":7,"y":40,"l1x":17,"l1y":40},{"data":18000023,"x":17,"y":40,"l1x":2,"l1y":12},{"data":18000029,"x":5,"y":40,"l1x":2,"l1y":37},{"data":18000030,"x":3,"y":38,"l1x":4,"l1y":39},{"data":18000031,"x":3,"y":36,"l1x":4,"l1y":37},{"data":18000032,"x":2,"y":34,"l1x":2,"l1y":39},{"data":18000035,"x":2,"y":30,"l1x":32,"l1y":40},{"data":18000034,"x":2,"y":32,"l1x":40,"l1y":32},{"data":18000019,"x":5,"y":8,"l1x":7,"l1y":2},{"data":18000021,"x":5,"y":12,"l1x":30,"l1y":2},{"data":18000036,"x":2,"y":28,"l1x":40,"l1y":37},{"data":18000020,"x":5,"y":10,"l1x":20,"l1y":2},{"data":18000014,"x":9,"y":4,"l1x":39,"l1y":4},{"data":18000015,"x":7,"y":4,"l1x":12,"l1y":2},{"data":18000012,"x":13,"y":4,"l1x":37,"l1y":40},{"data":18000011,"x":15,"y":4,"l1x":39,"l1y":6},{"data":18000008,"x":39,"y":3,"l1x":37,"l1y":2},{"data":18000007,"x":32,"y":40,"l1x":27,"l1y":40},{"data":18000003,"x":39,"y":7,"l1x":25,"l1y":4},{"data":18000006,"x":39,"y":5,"l1x":4,"l1y":12},{"data":18000005,"x":30,"y":40,"l1x":20,"l1y":4},{"data":18000005,"x":35,"y":38,"l1x":4,"l1y":7},{"data":18000005,"x":33,"y":38,"l1x":7,"l1y":4},{"data":18000005,"x":31,"y":38,"l1x":4,"l1y":26},{"data":18000006,"x":36,"y":34,"l1x":4,"l1y":21},{"data":18000006,"x":37,"y":36,"l1x":40,"l1y":22},{"data":18000006,"x":37,"y":38,"l1x":40,"l1y":27}],"respawnVars":{"secondsFromLastRespawn":23046,"respawnSeed":-2048718600,"obstacleClearCounter":8,"time_to_gembox_drop":376994,"time_in_gembox_period":154800},"cooldowns":[{"cooldown":11716726,"target":20000001}],"newShopBuildings":[4,0,7,4,7,4,4,1,6,7,250,4,4,3,1,5,0,0,0,4,1,3,1,3,1,1,2,2],"newShopTraps":[6,6,5,0,0,5,5,0],"newShopDecos":[1,4,0,1,1,4,4,1,1,1,1,1,1,1,1,1,1,1,1,1,1,1,1,1,1,1,1,1,1,1,1,1,1,1,1,1,1],"last_league_rank":16,"last_league_shuffle":1,"last_news_seen":81,"edit_mode_shown":true,"troop_req_msg":"golem","war_req_msg":"1 bruja resto magos","war_tutorials_seen":0,"war_base":true}