{"buildings":[{"data":1000001,"lvl":9,"x":20,"y":20,"l1x":20,"l1y":20},{"data":1000004,"lvl":10,"x":28,"y":8,"res_time":174234,"l1x":9,"l1y":31},{"data":1000000,"lvl":7,"x":12,"y":37,"units":[[4000005,4]],"storage_type":0,"l1x":33,"l1y":13},{"data":1000015,"lvl":0,"x":19,"y":35,"l1x":10,"l1y":29},{"data":1000014,"lvl":5,"x":24,"y":24,"l1x":16,"l1y":16},{"data":1000008,"lvl":11,"x":13,"y":10,"l1x":34,"l1y":19},{"data":1000002,"lvl":10,"x":6,"y":5,"res_time":179998,"l1x":30,"l1y":9},{"data":1000003,"lvl":10,"x":24,"y":12,"l1x":29,"l1y":15},{"data":1000015,"lvl":0,"x":38,"y":23,"l1x":30,"l1y":12},{"data":1000005,"lvl":10,"x":20,"y":9,"l1x":33,"l1y":29},{"data":1000006,"lvl":9,"x":35,"y":29,"unit_prod":{"unit_type":0},"l1x":33,"l1y":38},{"data":1000002,"lvl":10,"x":5,"y":10,"res_time":179998,"l1x":38,"l1y":22},{"data":1000004,"lvl":10,"x":39,"y":35,"res_time":175265,"l1x":38,"l1y":18},{"data":1000010,"lvl":9,"x":24,"y":38,"l1x":23,"l1y":8},{"data":1000010,"lvl":9,"x":18,"y":8,"l1x":23,"l1y":7},{"data":1000010,"lvl":9,"x":17,"y":8,"l1x":23,"l1y":6},{"data":1000010,"lvl":9,"x":16,"y":8,"l1x":22,"l1y":6},{"data":1000010,"lvl":9,"x":15,"y":8,"l1x":21,"l1y":6},{"data":1000005,"lvl":10,"x":9,"y":20,"l1x":29,"l1y":33},{"data":1000003,"lvl":10,"x":12,"y":24,"l1x":15,"l1y":29},{"data":1000002,"lvl":10,"x":5,"y":15,"res_time":179998,"l1x":38,"l1y":27},{"data":1000004,"lvl":10,"x":21,"y":5,"res_time":179996,"l1x":3,"l1y":21},{"data":1000006,"lvl":9,"x":35,"y":32,"unit_prod":{"unit_type":0},"l1x":28,"l1y":38},{"data":1000000,"lvl":7,"x":37,"y":13,"units":[[4000005,12]],"storage_type":0,"l1x":13,"l1y":33},{"data":1000010,"lvl":9,"x":14,"y":8,"l1x":20,"l1y":6},{"data":1000010,"lvl":9,"x":13,"y":8,"l1x":19,"l1y":6},{"data":1000010,"lvl":10,"x":18,"y":29,"l1x":28,"l1y":21},{"data":1000010,"lvl":9,"x":12,"y":8,"l1x":18,"l1y":6},{"data":1000010,"lvl":9,"x":11,"y":8,"l1x":17,"l1y":6},{"data":1000010,"lvl":9,"x":10,"y":8,"l1x":16,"l1y":6},{"data":1000010,"lvl":10,"x":28,"y":18,"l1x":28,"l1y":22},{"data":1000010,"lvl":9,"x":9,"y":8,"l1x":15,"l1y":6},{"data":1000010,"lvl":9,"x":8,"y":8,"l1x":14,"l1y":6},{"data":1000010,"lvl":9,"x":8,"y":9,"l1x":9,"l1y":23},{"data":1000010,"lvl":9,"x":8,"y":10,"l1x":8,"l1y":23},{"data":1000010,"lvl":9,"x":8,"y":11,"l1x":7,"l1y":23},{"data":1000010,"lvl":10,"x":28,"y":17,"l1x":28,"l1y":23},{"data":1000010,"lvl":9,"x":8,"y":12,"l1x":6,"l1y":23},{"data":1000010,"lvl":9,"x":8,"y":13,"l1x":6,"l1y":22},{"data":1000010,"lvl":9,"x":8,"y":14,"l1x":6,"l1y":21},{"data":1000010,"lvl":9,"x":8,"y":15,"l1x":6,"l1y":20},{"data":1000010,"lvl":9,"x":8,"y":16,"l1x":6,"l1y":19},{"data":1000009,"lvl":12,"x":13,"y":13,"l1x":33,"l1y":33},{"data":1000010,"lvl":10,"x":28,"y":16,"l1x":28,"l1y":24},{"data":1000010,"lvl":10,"x":28,"y":15,"l1x":6,"l1y":18},{"data":1000010,"lvl":9,"x":8,"y":17,"l1x":6,"l1y":17},{"data":1000010,"lvl":9,"x":8,"y":18,"l1x":6,"l1y":16},{"data":1000010,"lvl":9,"x":19,"y":15,"l1x":6,"l1y":15},{"data":1000010,"lvl":9,"x":19,"y":14,"l1x":6,"l1y":14},{"data":1000010,"lvl":9,"x":19,"y":13,"l1x":13,"l1y":9},{"data":1000010,"lvl":9,"x":19,"y":12,"l1x":13,"l1y":8},{"data":1000010,"lvl":9,"x":19,"y":11,"l1x":13,"l1y":7},{"data":1000010,"lvl":9,"x":19,"y":10,"l1x":13,"l1y":6},{"data":1000010,"lvl":9,"x":19,"y":9,"l1x":12,"l1y":6},{"data":1000010,"lvl":9,"x":19,"y":8,"l1x":11,"l1y":6},{"data":1000010,"lvl":9,"x":20,"y":8,"l1x":10,"l1y":6},{"data":1000010,"lvl":9,"x":21,"y":8,"l1x":9,"l1y":6},{"data":1000010,"lvl":9,"x":22,"y":8,"l1x":8,"l1y":6},{"data":1000010,"lvl":9,"x":23,"y":8,"l1x":7,"l1y":6},{"data":1000010,"lvl":9,"x":24,"y":8,"l1x":6,"l1y":6},{"data":1000010,"lvl":9,"x":25,"y":8,"l1x":6,"l1y":7},{"data":1000010,"lvl":9,"x":26,"y":8,"l1x":6,"l1y":8},{"data":1000010,"lvl":9,"x":27,"y":8,"l1x":6,"l1y":9},{"data":1000010,"lvl":10,"x":27,"y":15,"l1x":6,"l1y":10},{"data":1000010,"lvl":9,"x":27,"y":9,"l1x":6,"l1y":11},{"data":1000010,"lvl":9,"x":27,"y":10,"l1x":6,"l1y":12},{"data":1000010,"lvl":9,"x":27,"y":14,"l1x":6,"l1y":13},{"data":1000010,"lvl":9,"x":27,"y":13,"l1x":7,"l1y":13},{"data":1000010,"lvl":9,"x":27,"y":12,"l1x":8,"l1y":13},{"data":1000010,"lvl":9,"x":27,"y":11,"l1x":9,"l1y":13},{"data":1000008,"lvl":11,"x":10,"y":13,"l1x":14,"l1y":11},{"data":1000006,"lvl":9,"x":32,"y":35,"unit_prod":{"unit_type":0},"l1x":23,"l1y":38},{"data":1000004,"lvl":10,"x":16,"y":5,"res_time":179997,"l1x":21,"l1y":3},{"data":1000009,"lvl":12,"x":24,"y":9,"l1x":22,"l1y":11},{"data":1000007,"lvl":7,"x":9,"y":9,"l1x":38,"l1y":38},{"data":1000002,"lvl":10,"x":5,"y":20,"res_time":179998,"l1x":38,"l1y":32},{"data":1000013,"lvl":7,"x":29,"y":15,"l1x":11,"l1y":11},{"data":1000010,"lvl":10,"x":26,"y":15,"l1x":10,"l1y":10},{"data":1000010,"lvl":9,"x":28,"y":11,"l1x":10,"l1y":11},{"data":1000010,"lvl":9,"x":29,"y":11,"l1x":10,"l1y":12},{"data":1000010,"lvl":9,"x":30,"y":11,"l1x":10,"l1y":13},{"data":1000010,"lvl":9,"x":31,"y":11,"l1x":10,"l1y":14},{"data":1000010,"lvl":9,"x":31,"y":12,"l1x":10,"l1y":15},{"data":1000010,"lvl":9,"x":31,"y":13,"l1x":10,"l1y":16},{"data":1000010,"lvl":9,"x":31,"y":14,"l1x":10,"l1y":17},{"data":1000010,"lvl":9,"x":32,"y":14,"l1x":10,"l1y":18},{"data":1000010,"lvl":9,"x":33,"y":14,"l1x":10,"l1y":19},{"data":1000010,"lvl":9,"x":34,"y":14,"l1x":10,"l1y":20},{"data":1000010,"lvl":9,"x":35,"y":14,"l1x":10,"l1y":21},{"data":1000010,"lvl":9,"x":35,"y":15,"l1x":10,"l1y":22},{"data":1000010,"lvl":9,"x":35,"y":16,"l1x":10,"l1y":23},{"data":1000010,"lvl":9,"x":35,"y":17,"l1x":10,"l1y":24},{"data":1000010,"lvl":9,"x":15,"y":19,"l1x":10,"l1y":25},{"data":1000010,"lvl":9,"x":14,"y":19,"l1x":10,"l1y":26},{"data":1000010,"lvl":9,"x":13,"y":19,"l1x":10,"l1y":27},{"data":1000010,"lvl":9,"x":12,"y":19,"l1x":10,"l1y":28},{"data":1000010,"lvl":9,"x":11,"y":19,"l1x":11,"l1y":10},{"data":1000010,"lvl":9,"x":10,"y":19,"l1x":12,"l1y":10},{"data":1000010,"lvl":9,"x":9,"y":19,"l1x":13,"l1y":10},{"data":1000010,"lvl":9,"x":8,"y":19,"l1x":14,"l1y":10},{"data":1000010,"lvl":9,"x":8,"y":20,"l1x":15,"l1y":10},{"data":1000010,"lvl":10,"x":25,"y":15,"l1x":16,"l1y":10},{"data":1000012,"lvl":7,"x":20,"y":13,"l1x":17,"l1y":12},{"data":1000000,"lvl":7,"x":32,"y":9,"units":[[4000004,2],[4000001,2],[4000008,1],[4000005,7]],"storage_type":0,"l1x":24,"l1y":5},{"data":1000010,"lvl":9,"x":8,"y":21,"l1x":17,"l1y":10},{"data":1000010,"lvl":9,"x":8,"y":22,"l1x":18,"l1y":10},{"data":1000010,"lvl":9,"x":8,"y":23,"l1x":19,"l1y":10},{"data":1000010,"lvl":9,"x":8,"y":24,"l1x":20,"l1y":10},{"data":1000010,"lvl":9,"x":8,"y":25,"l1x":21,"l1y":10},{"data":1000010,"lvl":10,"x":24,"y":15,"l1x":28,"l1y":25},{"data":1000010,"lvl":9,"x":8,"y":26,"l1x":22,"l1y":10},{"data":1000010,"lvl":9,"x":8,"y":27,"l1x":23,"l1y":10},{"data":1000010,"lvl":9,"x":9,"y":27,"l1x":24,"l1y":10},{"data":1000010,"lvl":9,"x":10,"y":27,"l1x":25,"l1y":10},{"data":1000010,"lvl":9,"x":14,"y":27,"l1x":26,"l1y":10},{"data":1000008,"lvl":11,"x":32,"y":19,"l1x":11,"l1y":14},{"data":1000009,"lvl":12,"x":9,"y":24,"l1x":11,"l1y":22},{"data":1000015,"lvl":0,"x":39,"y":27,"l1x":40,"l1y":35},{"data":1000010,"lvl":9,"x":17,"y":35,"l1x":27,"l1y":10},{"data":1000010,"lvl":9,"x":16,"y":35,"l1x":28,"l1y":10},{"data":1000010,"lvl":9,"x":15,"y":35,"l1x":28,"l1y":11},{"data":1000010,"lvl":10,"x":23,"y":15,"l1x":28,"l1y":26},{"data":1000010,"lvl":10,"x":18,"y":28,"l1x":28,"l1y":27},{"data":1000010,"lvl":9,"x":14,"y":35,"l1x":28,"l1y":12},{"data":1000010,"lvl":10,"x":17,"y":28,"l1x":28,"l1y":28},{"data":1000010,"lvl":9,"x":14,"y":34,"l1x":28,"l1y":13},{"data":1000010,"lvl":9,"x":14,"y":33,"l1x":11,"l1y":28},{"data":1000010,"lvl":9,"x":14,"y":31,"l1x":12,"l1y":28},{"data":1000010,"lvl":9,"x":13,"y":31,"l1x":13,"l1y":28},{"data":1000010,"lvl":9,"x":12,"y":31,"l1x":21,"l1y":15},{"data":1000010,"lvl":9,"x":11,"y":31,"l1x":20,"l1y":15},{"data":1000010,"lvl":9,"x":14,"y":32,"l1x":19,"l1y":15},{"data":1000011,"lvl":7,"x":28,"y":12,"l1x":33,"l1y":26},{"data":1000004,"lvl":10,"x":11,"y":5,"res_time":179998,"l1x":3,"l1y":17},{"data":1000002,"lvl":10,"x":5,"y":25,"res_time":179999,"l1x":17,"l1y":3},{"data":1000020,"lvl":4,"x":35,"y":35,"units":[[26000005,2],[26000002,3]],"storage_type":1,"unit_prod":{"unit_type":1},"l1x":7,"l1y":7},{"data":1000010,"lvl":9,"x":11,"y":30,"l1x":18,"l1y":15},{"data":1000010,"lvl":9,"x":11,"y":29,"l1x":17,"l1y":15},{"data":1000010,"lvl":9,"x":11,"y":28,"l1x":16,"l1y":15},{"data":1000010,"lvl":9,"x":11,"y":27,"l1x":15,"l1y":15},{"data":1000010,"lvl":9,"x":12,"y":27,"l1x":15,"l1y":16},{"data":1000010,"lvl":9,"x":13,"y":27,"l1x":15,"l1y":17},{"data":1000010,"lvl":9,"x":37,"y":19,"l1x":15,"l1y":18},{"data":1000010,"lvl":9,"x":37,"y":18,"l1x":15,"l1y":19},{"data":1000010,"lvl":9,"x":36,"y":18,"l1x":15,"l1y":20},{"data":1000010,"lvl":9,"x":35,"y":18,"l1x":36,"l1y":36},{"data":1000010,"lvl":9,"x":34,"y":18,"l1x":26,"l1y":17},{"data":1000010,"lvl":9,"x":33,"y":18,"l1x":26,"l1y":16},{"data":1000010,"lvl":9,"x":32,"y":18,"l1x":26,"l1y":15},{"data":1000010,"lvl":9,"x":37,"y":20,"l1x":22,"l1y":17},{"data":1000010,"lvl":9,"x":37,"y":21,"l1x":22,"l1y":16},{"data":1000010,"lvl":9,"x":37,"y":22,"l1x":22,"l1y":15},{"data":1000010,"lvl":10,"x":16,"y":28,"l1x":22,"l1y":14},{"data":1000010,"lvl":10,"x":15,"y":28,"l1x":23,"l1y":14},{"data":1000010,"lvl":9,"x":37,"y":23,"l1x":24,"l1y":14},{"data":1000010,"lvl":9,"x":37,"y":24,"l1x":25,"l1y":14},{"data":1000010,"lvl":9,"x":24,"y":37,"l1x":26,"l1y":14},{"data":1000010,"lvl":9,"x":23,"y":37,"l1x":27,"l1y":14},{"data":1000010,"lvl":9,"x":22,"y":37,"l1x":28,"l1y":14},{"data":1000010,"lvl":9,"x":21,"y":37,"l1x":29,"l1y":14},{"data":1000010,"lvl":9,"x":20,"y":37,"l1x":30,"l1y":14},{"data":1000013,"lvl":7,"x":15,"y":29,"l1x":25,"l1y":22},{"data":1000011,"lvl":7,"x":12,"y":28,"l1x":26,"l1y":33},{"data":1000010,"lvl":9,"x":19,"y":37,"l1x":31,"l1y":14},{"data":1000010,"lvl":9,"x":18,"y":37,"l1x":32,"l1y":14},{"data":1000010,"lvl":9,"x":18,"y":36,"l1x":32,"l1y":15},{"data":1000010,"lvl":9,"x":18,"y":35,"l1x":32,"l1y":16},{"data":1000010,"lvl":9,"x":18,"y":34,"l1x":32,"l1y":17},{"data":1000010,"lvl":9,"x":18,"y":33,"l1x":23,"l1y":9},{"data":1000010,"lvl":10,"x":15,"y":27,"l1x":17,"l1y":26},{"data":1000010,"lvl":9,"x":18,"y":32,"l1x":16,"l1y":26},{"data":1000010,"lvl":9,"x":32,"y":25,"l1x":15,"l1y":26},{"data":1000010,"lvl":10,"x":15,"y":26,"l1x":27,"l1y":28},{"data":1000010,"lvl":9,"x":33,"y":25,"l1x":17,"l1y":22},{"data":1000010,"lvl":9,"x":34,"y":25,"l1x":16,"l1y":22},{"data":1000010,"lvl":9,"x":35,"y":25,"l1x":15,"l1y":22},{"data":1000010,"lvl":9,"x":36,"y":25,"l1x":15,"l1y":21},{"data":1000010,"lvl":9,"x":37,"y":25,"l1x":14,"l1y":22},{"data":1000010,"lvl":10,"x":15,"y":25,"l1x":26,"l1y":28},{"data":1000010,"lvl":10,"x":15,"y":24,"l1x":25,"l1y":28},{"data":1000010,"lvl":9,"x":38,"y":25,"l1x":14,"l1y":23},{"data":1000010,"lvl":9,"x":38,"y":26,"l1x":14,"l1y":24},{"data":1000010,"lvl":9,"x":38,"y":27,"l1x":14,"l1y":25},{"data":1000010,"lvl":9,"x":38,"y":28,"l1x":14,"l1y":26},{"data":1000010,"lvl":9,"x":38,"y":29,"l1x":14,"l1y":27},{"data":1000010,"lvl":9,"x":38,"y":30,"l1x":14,"l1y":28},{"data":1000010,"lvl":9,"x":38,"y":31,"l1x":14,"l1y":29},{"data":1000010,"lvl":9,"x":38,"y":32,"l1x":14,"l1y":30},{"data":1000008,"lvl":11,"x":19,"y":32,"l1x":29,"l1y":25},{"data":1000009,"lvl":12,"x":32,"y":15,"l1x":20,"l1y":7},{"data":1000000,"lvl":7,"x":9,"y":32,"units":[[4000005,5]],"storage_type":0,"l1x":5,"l1y":24},{"data":1000006,"lvl":9,"x":29,"y":35,"unit_prod":{"unit_type":0},"l1x":18,"l1y":38},{"data":1000013,"lvl":7,"x":28,"y":28,"l1x":22,"l1y":25},{"data":1000012,"lvl":7,"x":13,"y":20,"l1x":12,"l1y":17},{"data":1000019,"lvl":7,"x":25,"y":19,"l1x":20,"l1y":13},{"data":1000009,"lvl":12,"x":15,"y":32,"l1x":7,"l1y":20},{"data":1000010,"lvl":9,"x":38,"y":33,"l1x":14,"l1y":31},{"data":1000010,"lvl":9,"x":38,"y":34,"l1x":14,"l1y":32},{"data":1000010,"lvl":9,"x":38,"y":35,"l1x":15,"l1y":32},{"data":1000010,"lvl":9,"x":38,"y":36,"l1x":16,"l1y":32},{"data":1000010,"lvl":9,"x":38,"y":37,"l1x":17,"l1y":32},{"data":1000010,"lvl":9,"x":38,"y":38,"l1x":29,"l1y":18},{"data":1000010,"lvl":9,"x":37,"y":38,"l1x":30,"l1y":18},{"data":1000010,"lvl":9,"x":36,"y":38,"l1x":31,"l1y":18},{"data":1000010,"lvl":9,"x":35,"y":38,"l1x":32,"l1y":18},{"data":1000010,"lvl":9,"x":34,"y":38,"l1x":33,"l1y":18},{"data":1000010,"lvl":9,"x":33,"y":38,"l1x":34,"l1y":18},{"data":1000010,"lvl":9,"x":32,"y":38,"l1x":35,"l1y":18},{"data":1000010,"lvl":9,"x":31,"y":38,"l1x":36,"l1y":18},{"data":1000010,"lvl":10,"x":15,"y":23,"l1x":37,"l1y":18},{"data":1000010,"lvl":9,"x":30,"y":38,"l1x":37,"l1y":19},{"data":1000010,"lvl":10,"x":24,"y":18,"l1x":37,"l1y":20},{"data":1000010,"lvl":10,"x":25,"y":18,"l1x":37,"l1y":21},{"data":1000010,"lvl":10,"x":26,"y":18,"l1x":24,"l1y":28},{"data":1000010,"lvl":9,"x":29,"y":38,"l1x":37,"l1y":22},{"data":1000010,"lvl":9,"x":28,"y":38,"l1x":37,"l1y":23},{"data":1000010,"lvl":9,"x":27,"y":38,"l1x":37,"l1y":24},{"data":1000010,"lvl":9,"x":26,"y":38,"l1x":37,"l1y":25},{"data":1000010,"lvl":9,"x":25,"y":38,"l1x":37,"l1y":26},{"data":1000010,"lvl":9,"x":25,"y":37,"l1x":37,"l1y":27},{"data":1000010,"lvl":9,"x":25,"y":36,"l1x":37,"l1y":28},{"data":1000010,"lvl":10,"x":27,"y":18,"l1x":23,"l1y":28},{"data":1000010,"lvl":9,"x":25,"y":35,"l1x":37,"l1y":29},{"data":1000010,"lvl":9,"x":25,"y":34,"l1x":37,"l1y":30},{"data":1000010,"lvl":9,"x":25,"y":33,"l1x":37,"l1y":31},{"data":1000010,"lvl":9,"x":25,"y":32,"l1x":37,"l1y":32},{"data":1000010,"lvl":9,"x":29,"y":18,"l1x":37,"l1y":33},{"data":1000010,"lvl":10,"x":27,"y":19,"l1x":22,"l1y":28},{"data":1000010,"lvl":9,"x":30,"y":18,"l1x":37,"l1y":34},{"data":1000010,"lvl":9,"x":31,"y":18,"l1x":37,"l1y":35},{"data":1000010,"lvl":9,"x":31,"y":19,"l1x":37,"l1y":36},{"data":1000010,"lvl":9,"x":31,"y":20,"l1x":37,"l1y":37},{"data":1000010,"lvl":10,"x":27,"y":20,"l1x":21,"l1y":28},{"data":1000010,"lvl":9,"x":31,"y":21,"l1x":36,"l1y":37},{"data":1000010,"lvl":9,"x":31,"y":22,"l1x":35,"l1y":37},{"data":1000010,"lvl":9,"x":31,"y":23,"l1x":34,"l1y":37},{"data":1000010,"lvl":9,"x":31,"y":24,"l1x":33,"l1y":37},{"data":1000010,"lvl":9,"x":31,"y":25,"l1x":32,"l1y":37},{"data":1000010,"lvl":9,"x":31,"y":26,"l1x":31,"l1y":37},{"data":1000010,"lvl":10,"x":27,"y":21,"l1x":20,"l1y":28},{"data":1000010,"lvl":9,"x":31,"y":27,"l1x":30,"l1y":37},{"data":1000010,"lvl":9,"x":31,"y":28,"l1x":29,"l1y":37},{"data":1000010,"lvl":9,"x":31,"y":29,"l1x":28,"l1y":37},{"data":1000010,"lvl":10,"x":27,"y":22,"l1x":19,"l1y":28},{"data":1000010,"lvl":9,"x":31,"y":30,"l1x":27,"l1y":37},{"data":1000010,"lvl":9,"x":31,"y":31,"l1x":26,"l1y":37},{"data":1000003,"lvl":10,"x":34,"y":22,"l1x":29,"l1y":22},{"data":1000005,"lvl":10,"x":17,"y":20,"l1x":25,"l1y":11},{"data":1000011,"lvl":7,"x":32,"y":26,"l1x":14,"l1y":7},{"data":1000015,"lvl":0,"x":39,"y":31,"l1x":32,"l1y":21},{"data":1000015,"lvl":0,"x":25,"y":6,"l1x":21,"l1y":32},{"data":1000019,"lvl":7,"x":28,"y":19,"l1x":13,"l1y":20},{"data":1000019,"lvl":7,"x":19,"y":28,"l1x":27,"l1y":15},{"data":1000002,"lvl":10,"x":8,"y":28,"res_time":179999,"l1x":12,"l1y":3},{"data":1000008,"lvl":11,"x":32,"y":29,"l1x":25,"l1y":29},{"data":1000024,"lvl":5,"x":32,"y":32,"l1x":30,"l1y":30},{"data":1000023,"lvl":5,"x":26,"y":39,"res_time":51874,"l1x":3,"l1y":3},{"data":1000009,"lvl":12,"x":35,"y":26,"l1x":10,"l1y":7},{"data":1000010,"lvl":9,"x":30,"y":31,"l1x":25,"l1y":37},{"data":1000010,"lvl":9,"x":29,"y":31,"l1x":24,"l1y":37},{"data":1000010,"lvl":10,"x":27,"y":23,"l1x":18,"l1y":28},{"data":1000010,"lvl":9,"x":28,"y":31,"l1x":23,"l1y":37},{"data":1000010,"lvl":9,"x":27,"y":31,"l1x":22,"l1y":37},{"data":1000010,"lvl":10,"x":27,"y":24,"l1x":21,"l1y":37},{"data":1000010,"lvl":9,"x":26,"y":31,"l1x":20,"l1y":37},{"data":1000010,"lvl":9,"x":25,"y":31,"l1x":19,"l1y":37},{"data":1000010,"lvl":10,"x":27,"y":25,"l1x":18,"l1y":37},{"data":1000010,"lvl":9,"x":24,"y":31,"l1x":18,"l1y":36},{"data":1000010,"lvl":10,"x":27,"y":26,"l1x":18,"l1y":35},{"data":1000010,"lvl":9,"x":23,"y":31,"l1x":18,"l1y":34},{"data":1000010,"lvl":10,"x":27,"y":27,"l1x":18,"l1y":27},{"data":1000010,"lvl":9,"x":22,"y":31,"l1x":18,"l1y":33},{"data":1000010,"lvl":9,"x":21,"y":31,"l1x":18,"l1y":32},{"data":1000010,"lvl":9,"x":20,"y":31,"l1x":18,"l1y":31},{"data":1000010,"lvl":9,"x":19,"y":31,"l1x":18,"l1y":30},{"data":1000010,"lvl":9,"x":18,"y":31,"l1x":18,"l1y":29},{"data":1000010,"lvl":10,"x":26,"y":27,"l1x":28,"l1y":20},{"data":1000010,"lvl":9,"x":18,"y":30,"l1x":28,"l1y":19},{"data":1000010,"lvl":10,"x":25,"y":27,"l1x":28,"l1y":18},{"data":1000010,"lvl":10,"x":24,"y":27,"l1x":18,"l1y":26},{"data":1000010,"lvl":10,"x":23,"y":27,"l1x":18,"l1y":25},{"data":1000010,"lvl":10,"x":22,"y":27,"l1x":18,"l1y":22},{"data":1000010,"lvl":10,"x":21,"y":27,"l1x":18,"l1y":23},{"data":1000004,"lvl":10,"x":36,"y":39,"res_time":174275,"l1x":3,"l1y":12},{"data":1000023,"lvl":5,"x":38,"y":18,"res_time":51876,"l1x":32,"l1y":23},{"data":1000019,"lvl":7,"x":19,"y":25,"l1x":15,"l1y":27},{"data":1000022,"lvl":0,"x":24,"y":28,"l1x":19,"l1y":16},{"data":1000012,"lvl":7,"x":28,"y":21,"l1x":29,"l1y":19},{"data":1000021,"lvl":3,"x":17,"y":17,"attack_mode":false,"attack_mode_war":false,"attack_mode_draft":false,"attack_mode_draft_war":false,"ammo":1500,"l1x":23,"l1y":15},{"data":1000021,"lvl":3,"x":24,"y":21,"attack_mode":false,"attack_mode_war":false,"attack_mode_draft":false,"attack_mode_draft_war":false,"ammo":1500,"l1x":15,"l1y":23},{"data":1000003,"lvl":10,"x":22,"y":34,"l1x":22,"l1y":29},{"data":1000005,"lvl":10,"x":20,"y":17,"l1x":11,"l1y":25},{"data":1000025,"lvl":0,"x":28,"y":24,"l1x":19,"l1y":25},{"data":1000026,"lvl":5,"x":31,"y":39,"unit_prod":{"unit_type":0},"l1x":17,"l1y":7},{"data":1000010,"lvl":10,"x":20,"y":27,"l1x":27,"l1y":18},{"data":1000010,"lvl":10,"x":19,"y":27,"l1x":18,"l1y":24},{"data":1000010,"lvl":10,"x":18,"y":27,"l1x":19,"l1y":24},{"data":1000010,"lvl":10,"x":18,"y":26,"l1x":20,"l1y":24},{"data":1000010,"lvl":10,"x":18,"y":25,"l1x":21,"l1y":24},{"data":1000010,"lvl":10,"x":18,"y":24,"l1x":22,"l1y":24},{"data":1000010,"lvl":10,"x":18,"y":23,"l1x":23,"l1y":24},{"data":1000010,"lvl":10,"x":17,"y":23,"l1x":24,"l1y":24},{"data":1000010,"lvl":10,"x":16,"y":23,"l1x":24,"l1y":23},{"data":1000010,"lvl":10,"x":23,"y":18,"l1x":26,"l1y":18},{"data":1000010,"lvl":10,"x":23,"y":17,"l1x":24,"l1y":22},{"data":1000010,"lvl":10,"x":23,"y":16,"l1x":25,"l1y":18},{"data":1000010,"lvl":10,"x":22,"y":16,"l1x":24,"l1y":21},{"data":1000010,"lvl":10,"x":21,"y":16,"l1x":24,"l1y":20},{"data":1000010,"lvl":10,"x":20,"y":16,"l1x":24,"l1y":19},{"data":1000010,"lvl":10,"x":19,"y":16,"l1x":24,"l1y":18},{"data":1000010,"lvl":10,"x":18,"y":16,"l1x":23,"l1y":18},{"data":1000010,"lvl":10,"x":17,"y":16,"l1x":22,"l1y":18},{"data":1000010,"lvl":10,"x":16,"y":16,"l1x":22,"l1y":19},{"data":1000010,"lvl":10,"x":16,"y":17,"l1x":21,"l1y":19},{"data":1000010,"lvl":10,"x":16,"y":18,"l1x":20,"l1y":19},{"data":1000010,"lvl":10,"x":16,"y":19,"l1x":19,"l1y":19},{"data":1000010,"lvl":10,"x":16,"y":20,"l1x":19,"l1y":20},{"data":1000010,"lvl":10,"x":16,"y":21,"l1x":19,"l1y":21},{"data":1000010,"lvl":10,"x":16,"y":22,"l1x":19,"l1y":22},{"data":1000026,"lvl":5,"x":21,"y":38,"unit_prod":{"unit_type":0},"l1x":7,"l1y":17},{"data":1000011,"lvl":7,"x":26,"y":32,"l1x":7,"l1y":14},{"data":1000012,"lvl":7,"x":21,"y":28,"l1x":19,"l1y":29},{"data":1000023,"lvl":5,"x":17,"y":38,"res_time":51874,"l1x":23,"l1y":32},{"data":1000009,"lvl":12,"x":26,"y":35,"l1x":7,"l1y":10},{"data":1000008,"lvl":11,"x":29,"y":32,"l1x":19,"l1y":34},{"data":1000027,"lvl":2,"x":24,"y":16,"attack_mode":false,"attack_mode_war":true,"attack_mode_draft":false,"attack_mode_draft_war":true,"ammo":750,"l1x":25,"l1y":19},{"data":1000021,"lvl":3,"x":21,"y":24,"attack_mode":false,"attack_mode_war":false,"attack_mode_draft":false,"attack_mode_draft_war":false,"ammo":1500,"l1x":25,"l1y":25},{"data":1000027,"lvl":2,"x":16,"y":24,"attack_mode":false,"attack_mode_war":true,"attack_mode_draft":false,"attack_mode_draft_war":true,"ammo":750,"l1x":17,"l1y":20},{"data":1000004,"lvl":10,"x":16,"y":11,"res_time":179997,"l1x":3,"l1y":7},{"data":1000002,"lvl":10,"x":11,"y":16,"res_time":179997,"l1x":7,"l1y":3}],"obstacles":[{"data":8000000,"x":1,"y":42,"l1x":-1,"l1y":-1,"loot_multiply_ver":2},{"data":8000000,"x":0,"y":37,"l1x":-1,"l1y":-1,"loot_multiply_ver":2},{"data":8000000,"x":37,"y":0,"l1x":-1,"l1y":-1,"loot_multiply_ver":2},{"data":8000000,"x":28,"y":42,"l1x":-1,"l1y":-1,"loot_multiply_ver":2},{"data":8000000,"x":42,"y":24,"l1x":-1,"l1y":-1,"loot_multiply_ver":2},{"data":8000000,"x":18,"y":42,"l1x":-1,"l1y":-1,"loot_multiply_ver":2},{"data":8000000,"x":9,"y":42,"l1x":-1,"l1y":-1,"loot_multiply_ver":2},{"data":8000000,"x":0,"y":9,"l1x":-1,"l1y":-1,"loot_multiply_ver":2},{"data":8000000,"x":0,"y":18,"l1x":-1,"l1y":-1,"loot_multiply_ver":2},{"data":8000000,"x":0,"y":33,"l1x":-1,"l1y":-1,"loot_multiply_ver":2},{"data":8000000,"x":4,"y":42,"l1x":-1,"l1y":-1,"loot_multiply_ver":2},{"data":8000007,"x":10,"y":0,"l1x":-1,"l1y":-1,"loot_multiply_ver":2},{"data":8000000,"x":42,"y":36,"l1x":-1,"l1y":-1,"loot_multiply_ver":2},{"data":8000004,"x":0,"y":27,"l1x":-1,"l1y":-1,"loot_multiply_ver":2},{"data":8000000,"x":17,"y":0,"l1x":-1,"l1y":-1,"loot_multiply_ver":2},{"data":8000007,"x":7,"y":0,"l1x":-1,"l1y":-1,"loot_multiply_ver":2},{"data":8000008,"x":31,"y":42,"l1x":-1,"l1y":-1,"loot_multiply_ver":2},{"data":8000008,"x":25,"y":0,"l1x":-1,"l1y":-1,"loot_multiply_ver":2},{"data":8000004,"x":21,"y":42,"l1x":-1,"l1y":-1,"loot_multiply_ver":2},{"data":8000000,"x":40,"y":0,"l1x":-1,"l1y":-1,"loot_multiply_ver":2},{"data":8000000,"x":37,"y":42,"l1x":-1,"l1y":-1,"loot_multiply_ver":2},{"data":8000007,"x":4,"y":0,"l1x":-1,"l1y":-1,"loot_multiply_ver":2},{"data":8000006,"x":0,"y":4,"l1x":-1,"l1y":-1,"loot_multiply_ver":2},{"data":8000006,"x":22,"y":0,"l1x":-1,"l1y":-1,"loot_multiply_ver":2},{"data":8000000,"x":41,"y":42,"l1x":-1,"l1y":-1,"loot_multiply_ver":2},{"data":8000004,"x":42,"y":12,"l1x":-1,"l1y":-1,"loot_multiply_ver":2},{"data":8000004,"x":42,"y":33,"l1x":-1,"l1y":-1,"loot_multiply_ver":2},{"data":8000007,"x":0,"y":21,"l1x":-1,"l1y":-1,"loot_multiply_ver":2},{"data":8000030,"x":42,"y":5,"l1x":-1,"l1y":-1,"loot_multiply_ver":2},{"data":8000000,"x":42,"y":30,"l1x":-1,"l1y":-1,"loot_multiply_ver":2},{"data":8000004,"x":14,"y":0,"l1x":-1,"l1y":-1,"loot_multiply_ver":2},{"data":8000000,"x":34,"y":41,"l1x":-1,"l1y":-1,"loot_multiply_ver":2},{"data":8000010,"x":0,"y":13,"l1x":-1,"l1y":-1,"loot_multiply_ver":2},{"data":8000004,"x":39,"y":3,"l1x":-1,"l1y":-1,"loot_multiply_ver":2},{"data":8000008,"x":32,"y":0,"l1x":-1,"l1y":-1,"loot_multiply_ver":2}],"traps":[{"data":12000005,"lvl":3,"x":19,"y":30,"l1x":32,"l1y":19},{"data":12000005,"lvl":3,"x":20,"y":30,"l1x":33,"l1y":19},{"data":12000005,"lvl":3,"x":12,"y":21,"l1x":33,"l1y":20},{"data":12000005,"lvl":3,"x":12,"y":22,"l1x":20,"l1y":33},{"data":12000002,"lvl":3,"x":23,"y":32,"l1x":11,"l1y":20},{"data":12000001,"lvl":0,"x":39,"y":26,"l1x":27,"l1y":19},{"data":12000001,"lvl":0,"x":27,"y":7,"l1x":17,"l1y":11},{"data":12000002,"lvl":3,"x":17,"y":9,"l1x":20,"l1y":11},{"data":12000000,"lvl":5,"x":32,"y":22,"l1x":31,"l1y":6},{"data":12000000,"lvl":5,"x":33,"y":22,"l1x":30,"l1y":6},{"data":12000001,"lvl":0,"x":36,"y":14,"l1x":14,"l1y":14},{"data":12000001,"lvl":0,"x":39,"y":25,"l1x":25,"l1y":21},{"data":12000001,"lvl":0,"x":24,"y":39,"l1x":11,"l1y":17},{"data":12000001,"lvl":0,"x":25,"y":39,"l1x":22,"l1y":34},{"data":12000005,"lvl":3,"x":12,"y":23,"l1x":19,"l1y":33},{"data":12000002,"lvl":3,"x":16,"y":14,"l1x":35,"l1y":22},{"data":12000002,"lvl":3,"x":14,"y":16,"l1x":30,"l1y":28},{"data":12000002,"lvl":3,"x":9,"y":17,"l1x":28,"l1y":30},{"data":12000000,"lvl":5,"x":33,"y":23,"l1x":29,"l1y":6},{"data":12000000,"lvl":5,"x":33,"y":24,"l1x":34,"l1y":12},{"data":12000000,"lvl":5,"x":32,"y":23,"l1x":34,"l1y":11},{"data":12000000,"lvl":5,"x":32,"y":24,"l1x":34,"l1y":10},{"data":12000006,"lvl":2,"x":20,"y":24,"l1x":19,"l1y":23},{"data":12000006,"lvl":2,"x":30,"y":20,"l1x":23,"l1y":19},{"data":12000006,"lvl":2,"x":22,"y":33,"l1x":29,"l1y":29},{"data":12000006,"lvl":2,"x":23,"y":10,"l1x":19,"l1y":11},{"data":12000006,"lvl":2,"x":9,"y":23,"l1x":11,"l1y":19}],"decos":[{"data":18000033,"x":36,"y":4,"l1x":2,"l1y":39}],"respawnVars":{"secondsFromLastRespawn":17533,"respawnSeed":-1219155396,"obstacleClearCounter":6,"time_to_gembox_drop":11284,"time_in_gembox_period":273600},"cooldowns":[{"cooldown":803108,"target":20000000},{"cooldown":9907620,"target":20000001}],"newShopBuildings":[4,0,7,4,7,4,4,1,6,7,250,4,4,3,1,5,0,0,0,4,1,3,1,3,1,1,2,2],"newShopTraps":[6,6,5,0,0,5,5,0],"newShopDecos":[1,4,0,1,1,4,4,1,1,1,1,1,1,1,1,1,1,1,1,1,1,1,1,1,1,1,1,1,1,1,1,1,1,1,1,1,1],"last_league_rank":16,"last_league_shuffle":1,"last_news_seen":81,"edit_mode_shown":true,"troop_req_msg":"1 witch 1 r.ng c.n l.i arc","war_req_msg":"1 witch 2 ballon 1 wz 9 bb","war_tutorials_seen":0,"war_base":true}