{"buildings":[{"data":1000001,"lvl":9,"x":20,"y":19,"l1x":20,"l1y":19},{"data":1000004,"lvl":10,"x":10,"y":4,"res_time":178209,"l1x":3,"l1y":6},{"data":1000000,"lvl":7,"x":3,"y":13,"units":[[4000010,30]],"storage_type":0,"l1x":24,"l1y":4},{"data":1000015,"lvl":0,"x":18,"y":5,"l1x":17,"l1y":10},{"data":1000014,"lvl":5,"x":19,"y":15,"l1x":16,"l1y":15},{"data":1000008,"lvl":11,"x":20,"y":8,"l1x":25,"l1y":28},{"data":1000015,"lvl":0,"x":35,"y":8,"l1x":21,"l1y":31},{"data":1000002,"lvl":10,"boost_t":73586,"x":20,"y":4,"res_time":176416,"l1x":22,"l1y":28},{"data":1000006,"lvl":9,"boost_t":4594,"x":31,"y":27,"unit_prod":{"unit_type":0,"t":0,"slots":[{"id":4000004,"cnt":2},{"id":4000001,"cnt":1},{"id":4000000,"cnt":1},{"id":4000005,"cnt":11}]},"l1x":23,"l1y":37},{"data":1000003,"lvl":10,"x":25,"y":11,"l1x":23,"l1y":31},{"data":1000005,"lvl":10,"x":9,"y":24,"l1x":25,"l1y":10},{"data":1000004,"lvl":10,"x":25,"y":4,"res_time":178208,"l1x":10,"l1y":29},{"data":1000002,"lvl":10,"boost_t":73584,"x":15,"y":4,"res_time":176417,"l1x":20,"l1y":2},{"data":1000000,"lvl":7,"x":3,"y":19,"units":[[4000010,10],[4000005,7]],"storage_type":0,"l1x":5,"l1y":23},{"data":1000004,"lvl":10,"x":28,"y":11,"res_time":178207,"l1x":3,"l1y":10},{"data":1000002,"lvl":10,"x":12,"y":27,"res_time":178205,"l1x":7,"l1y":2},{"data":1000003,"lvl":10,"x":12,"y":24,"l1x":15,"l1y":28},{"data":1000005,"lvl":10,"x":25,"y":20,"l1x":11,"l1y":24},{"data":1000010,"lvl":8,"x":31,"y":8,"l1x":14,"l1y":21},{"data":1000010,"lvl":9,"x":19,"y":18,"l1x":18,"l1y":21},{"data":1000010,"lvl":8,"x":31,"y":9,"l1x":9,"l1y":22},{"data":1000010,"lvl":8,"x":31,"y":10,"l1x":27,"l1y":27},{"data":1000010,"lvl":8,"x":31,"y":11,"l1x":25,"l1y":13},{"data":1000010,"lvl":8,"x":31,"y":12,"l1x":26,"l1y":36},{"data":1000010,"lvl":8,"x":31,"y":13,"l1x":32,"l1y":36},{"data":1000010,"lvl":8,"x":37,"y":8,"l1x":37,"l1y":27},{"data":1000010,"lvl":8,"x":37,"y":9,"l1x":11,"l1y":9},{"data":1000010,"lvl":8,"x":37,"y":10,"l1x":10,"l1y":9},{"data":1000010,"lvl":8,"x":37,"y":11,"l1x":10,"l1y":24},{"data":1000010,"lvl":8,"x":37,"y":12,"l1x":23,"l1y":9},{"data":1000010,"lvl":8,"x":37,"y":13,"l1x":6,"l1y":12},{"data":1000010,"lvl":8,"x":37,"y":7,"l1x":22,"l1y":9},{"data":1000010,"lvl":8,"x":36,"y":7,"l1x":37,"l1y":31},{"data":1000010,"lvl":8,"x":35,"y":7,"l1x":25,"l1y":9},{"data":1000010,"lvl":8,"x":34,"y":7,"l1x":26,"l1y":9},{"data":1000010,"lvl":8,"x":33,"y":7,"l1x":10,"l1y":23},{"data":1000010,"lvl":8,"x":32,"y":7,"l1x":10,"l1y":18},{"data":1000010,"lvl":9,"x":19,"y":19,"l1x":24,"l1y":9},{"data":1000010,"lvl":9,"x":19,"y":20,"l1x":6,"l1y":13},{"data":1000010,"lvl":9,"x":19,"y":21,"l1x":27,"l1y":13},{"data":1000010,"lvl":9,"x":19,"y":22,"l1x":29,"l1y":13},{"data":1000010,"lvl":8,"x":31,"y":7,"l1x":15,"l1y":14},{"data":1000010,"lvl":9,"x":20,"y":18,"l1x":10,"l1y":5},{"data":1000010,"lvl":8,"x":30,"y":7,"l1x":25,"l1y":36},{"data":1000006,"lvl":9,"boost_t":4593,"x":34,"y":29,"unit_prod":{"unit_type":0,"t":0,"slots":[{"id":4000005,"cnt":12}]},"l1x":33,"l1y":37},{"data":1000010,"lvl":8,"x":29,"y":7,"l1x":23,"l1y":7},{"data":1000010,"lvl":8,"x":28,"y":7,"l1x":17,"l1y":25},{"data":1000010,"lvl":8,"x":27,"y":7,"l1x":15,"l1y":25},{"data":1000010,"lvl":8,"x":26,"y":7,"l1x":14,"l1y":25},{"data":1000010,"lvl":9,"x":21,"y":18,"l1x":32,"l1y":14},{"data":1000010,"lvl":9,"x":22,"y":18,"l1x":18,"l1y":14},{"data":1000010,"lvl":8,"x":25,"y":7,"l1x":14,"l1y":9},{"data":1000010,"lvl":8,"x":24,"y":7,"l1x":18,"l1y":33},{"data":1000010,"lvl":8,"x":23,"y":7,"l1x":21,"l1y":9},{"data":1000010,"lvl":8,"x":22,"y":7,"l1x":13,"l1y":7},{"data":1000010,"lvl":8,"x":21,"y":7,"l1x":9,"l1y":5},{"data":1000010,"lvl":8,"x":20,"y":7,"l1x":18,"l1y":23},{"data":1000010,"lvl":8,"x":19,"y":7,"l1x":22,"l1y":16},{"data":1000010,"lvl":8,"x":18,"y":7,"l1x":13,"l1y":9},{"data":1000010,"lvl":9,"x":23,"y":18,"l1x":21,"l1y":18},{"data":1000010,"lvl":8,"x":17,"y":7,"l1x":6,"l1y":18},{"data":1000010,"lvl":8,"x":16,"y":7,"l1x":7,"l1y":5},{"data":1000010,"lvl":8,"x":15,"y":7,"l1x":12,"l1y":9},{"data":1000010,"lvl":8,"x":14,"y":7,"l1x":20,"l1y":5},{"data":1000008,"lvl":11,"x":15,"y":11,"l1x":34,"l1y":18},{"data":1000009,"lvl":12,"x":9,"y":31,"l1x":7,"l1y":19},{"data":1000010,"lvl":8,"x":13,"y":7,"l1x":18,"l1y":36},{"data":1000010,"lvl":8,"x":12,"y":7,"l1x":37,"l1y":17},{"data":1000010,"lvl":8,"x":11,"y":7,"l1x":37,"l1y":30},{"data":1000010,"lvl":8,"x":10,"y":7,"l1x":34,"l1y":17},{"data":1000010,"lvl":8,"x":9,"y":7,"l1x":18,"l1y":30},{"data":1000013,"lvl":7,"x":9,"y":8,"l1x":22,"l1y":24},{"data":1000006,"lvl":9,"boost_t":4590,"x":30,"y":33,"unit_prod":{"unit_type":0,"t":0,"slots":[{"id":4000005,"cnt":15}]},"l1x":28,"l1y":37},{"data":1000004,"lvl":10,"x":34,"y":24,"res_time":178203,"l1x":3,"l1y":2},{"data":1000002,"lvl":10,"boost_t":73595,"x":25,"y":33,"res_time":176408,"l1x":30,"l1y":9},{"data":1000010,"lvl":8,"x":8,"y":7,"l1x":10,"l1y":11},{"data":1000010,"lvl":8,"x":8,"y":8,"l1x":10,"l1y":10},{"data":1000010,"lvl":8,"x":8,"y":9,"l1x":18,"l1y":32},{"data":1000010,"lvl":8,"x":8,"y":10,"l1x":19,"l1y":5},{"data":1000010,"lvl":8,"x":8,"y":11,"l1x":23,"l1y":23},{"data":1000010,"lvl":8,"x":8,"y":12,"l1x":22,"l1y":23},{"data":1000010,"lvl":8,"x":8,"y":13,"l1x":28,"l1y":22},{"data":1000010,"lvl":8,"x":8,"y":14,"l1x":6,"l1y":6},{"data":1000010,"lvl":8,"x":8,"y":15,"l1x":6,"l1y":9},{"data":1000010,"lvl":8,"x":8,"y":16,"l1x":28,"l1y":27},{"data":1000010,"lvl":8,"x":8,"y":17,"l1x":6,"l1y":10},{"data":1000010,"lvl":8,"x":8,"y":18,"l1x":11,"l1y":27},{"data":1000010,"lvl":8,"x":8,"y":19,"l1x":23,"l1y":36},{"data":1000010,"lvl":8,"x":8,"y":20,"l1x":24,"l1y":36},{"data":1000010,"lvl":8,"x":8,"y":21,"l1x":17,"l1y":21},{"data":1000010,"lvl":8,"x":8,"y":22,"l1x":10,"l1y":17},{"data":1000010,"lvl":8,"x":8,"y":23,"l1x":37,"l1y":29},{"data":1000010,"lvl":8,"x":8,"y":24,"l1x":13,"l1y":5},{"data":1000010,"lvl":8,"x":8,"y":25,"l1x":37,"l1y":23},{"data":1000010,"lvl":8,"x":8,"y":26,"l1x":31,"l1y":17},{"data":1000010,"lvl":8,"x":8,"y":27,"l1x":6,"l1y":15},{"data":1000010,"lvl":8,"x":8,"y":28,"l1x":10,"l1y":13},{"data":1000010,"lvl":8,"x":8,"y":29,"l1x":33,"l1y":36},{"data":1000010,"lvl":8,"x":8,"y":30,"l1x":36,"l1y":17},{"data":1000010,"lvl":8,"x":8,"y":31,"l1x":15,"l1y":16},{"data":1000009,"lvl":12,"x":31,"y":18,"l1x":10,"l1y":6},{"data":1000012,"lvl":7,"x":12,"y":11,"l1x":19,"l1y":28},{"data":1000007,"lvl":7,"x":4,"y":4,"l1x":37,"l1y":37},{"data":1000011,"lvl":7,"x":32,"y":11,"l1x":14,"l1y":6},{"data":1000009,"lvl":12,"x":25,"y":8,"l1x":11,"l1y":21},{"data":1000000,"lvl":7,"x":3,"y":25,"units":[[4000010,2],[4000005,12]],"storage_type":0,"l1x":33,"l1y":12},{"data":1000008,"lvl":11,"x":12,"y":14,"l1x":29,"l1y":24},{"data":1000010,"lvl":8,"x":8,"y":32,"l1x":31,"l1y":36},{"data":1000010,"lvl":8,"x":8,"y":33,"l1x":16,"l1y":21},{"data":1000010,"lvl":8,"x":8,"y":34,"l1x":15,"l1y":15},{"data":1000010,"lvl":8,"x":8,"y":35,"l1x":37,"l1y":25},{"data":1000010,"lvl":8,"x":8,"y":36,"l1x":33,"l1y":17},{"data":1000010,"lvl":8,"x":9,"y":36,"l1x":22,"l1y":36},{"data":1000010,"lvl":8,"x":10,"y":36,"l1x":11,"l1y":5},{"data":1000010,"lvl":8,"x":11,"y":36,"l1x":23,"l1y":27},{"data":1000010,"lvl":8,"x":12,"y":36,"l1x":28,"l1y":25},{"data":1000010,"lvl":8,"x":13,"y":36,"l1x":15,"l1y":19},{"data":1000010,"lvl":8,"x":14,"y":36,"l1x":22,"l1y":27},{"data":1000010,"lvl":8,"x":9,"y":30,"l1x":32,"l1y":15},{"data":1000010,"lvl":8,"x":10,"y":30,"l1x":13,"l1y":6},{"data":1000010,"lvl":8,"x":11,"y":30,"l1x":10,"l1y":15},{"data":1000010,"lvl":8,"x":12,"y":30,"l1x":17,"l1y":9},{"data":1000010,"lvl":8,"x":13,"y":30,"l1x":19,"l1y":14},{"data":1000010,"lvl":8,"x":14,"y":30,"l1x":10,"l1y":27},{"data":1000010,"lvl":8,"x":31,"y":14,"l1x":17,"l1y":14},{"data":1000010,"lvl":8,"x":32,"y":14,"l1x":24,"l1y":13},{"data":1000010,"lvl":8,"x":33,"y":14,"l1x":37,"l1y":20},{"data":1000010,"lvl":8,"x":34,"y":14,"l1x":18,"l1y":24},{"data":1000010,"lvl":8,"x":35,"y":14,"l1x":37,"l1y":22},{"data":1000010,"lvl":8,"x":36,"y":14,"l1x":21,"l1y":23},{"data":1000010,"lvl":8,"x":37,"y":14,"l1x":37,"l1y":18},{"data":1000010,"lvl":8,"x":37,"y":15,"l1x":14,"l1y":22},{"data":1000002,"lvl":10,"boost_t":73593,"x":22,"y":33,"res_time":176408,"l1x":29,"l1y":21},{"data":1000004,"lvl":10,"x":34,"y":21,"res_time":178203,"l1x":18,"l1y":37},{"data":1000015,"lvl":0,"x":35,"y":12,"l1x":11,"l1y":16},{"data":1000020,"lvl":4,"x":34,"y":33,"units":[[26000002,3],[26000005,2]],"storage_type":1,"unit_prod":{"unit_type":1},"l1x":38,"l1y":17},{"data":1000010,"lvl":8,"x":37,"y":16,"l1x":6,"l1y":5},{"data":1000010,"lvl":8,"x":37,"y":17,"l1x":24,"l1y":21},{"data":1000010,"lvl":8,"x":37,"y":18,"l1x":24,"l1y":20},{"data":1000010,"lvl":8,"x":37,"y":19,"l1x":20,"l1y":23},{"data":1000010,"lvl":9,"x":24,"y":18,"l1x":19,"l1y":18},{"data":1000010,"lvl":9,"x":24,"y":17,"l1x":20,"l1y":18},{"data":1000010,"lvl":8,"x":37,"y":20,"l1x":14,"l1y":23},{"data":1000010,"lvl":9,"x":24,"y":16,"l1x":19,"l1y":19},{"data":1000010,"lvl":8,"x":37,"y":21,"l1x":17,"l1y":31},{"data":1000010,"lvl":8,"x":37,"y":22,"l1x":29,"l1y":17},{"data":1000010,"lvl":9,"x":24,"y":15,"l1x":19,"l1y":21},{"data":1000010,"lvl":8,"x":37,"y":23,"l1x":26,"l1y":14},{"data":1000010,"lvl":8,"x":37,"y":24,"l1x":10,"l1y":12},{"data":1000010,"lvl":8,"x":37,"y":25,"l1x":10,"l1y":21},{"data":1000010,"lvl":8,"x":37,"y":26,"l1x":22,"l1y":14},{"data":1000010,"lvl":8,"x":37,"y":27,"l1x":21,"l1y":36},{"data":1000010,"lvl":8,"x":37,"y":28,"l1x":28,"l1y":10},{"data":1000010,"lvl":8,"x":37,"y":29,"l1x":14,"l1y":24},{"data":1000010,"lvl":8,"x":37,"y":30,"l1x":26,"l1y":15},{"data":1000010,"lvl":8,"x":37,"y":31,"l1x":16,"l1y":31},{"data":1000010,"lvl":8,"x":37,"y":32,"l1x":32,"l1y":13},{"data":1000010,"lvl":8,"x":37,"y":33,"l1x":6,"l1y":11},{"data":1000010,"lvl":8,"x":37,"y":34,"l1x":28,"l1y":9},{"data":1000010,"lvl":8,"x":37,"y":35,"l1x":18,"l1y":28},{"data":1000010,"lvl":8,"x":37,"y":36,"l1x":18,"l1y":29},{"data":1000011,"lvl":7,"x":12,"y":31,"l1x":7,"l1y":13},{"data":1000013,"lvl":7,"x":25,"y":14,"l1x":11,"l1y":10},{"data":1000002,"lvl":10,"boost_t":73590,"x":19,"y":33,"res_time":176408,"l1x":11,"l1y":2},{"data":1000004,"lvl":10,"x":34,"y":18,"res_time":178203,"l1x":3,"l1y":19},{"data":1000010,"lvl":8,"x":36,"y":36,"l1x":19,"l1y":36},{"data":1000010,"lvl":8,"x":35,"y":36,"l1x":26,"l1y":13},{"data":1000010,"lvl":8,"x":34,"y":36,"l1x":19,"l1y":27},{"data":1000010,"lvl":8,"x":33,"y":36,"l1x":14,"l1y":26},{"data":1000010,"lvl":8,"x":32,"y":36,"l1x":10,"l1y":26},{"data":1000010,"lvl":8,"x":31,"y":36,"l1x":14,"l1y":27},{"data":1000010,"lvl":8,"x":30,"y":36,"l1x":31,"l1y":13},{"data":1000010,"lvl":8,"x":29,"y":36,"l1x":30,"l1y":13},{"data":1000010,"lvl":8,"x":28,"y":36,"l1x":13,"l1y":27},{"data":1000010,"lvl":8,"x":27,"y":36,"l1x":23,"l1y":13},{"data":1000010,"lvl":8,"x":26,"y":36,"l1x":28,"l1y":13},{"data":1000010,"lvl":8,"x":25,"y":36,"l1x":13,"l1y":8},{"data":1000010,"lvl":8,"x":24,"y":36,"l1x":23,"l1y":6},{"data":1000010,"lvl":8,"x":23,"y":36,"l1x":37,"l1y":28},{"data":1000010,"lvl":8,"x":22,"y":36,"l1x":16,"l1y":14},{"data":1000010,"lvl":8,"x":21,"y":36,"l1x":12,"l1y":27},{"data":1000010,"lvl":8,"x":20,"y":36,"l1x":15,"l1y":9},{"data":1000010,"lvl":8,"x":19,"y":36,"l1x":37,"l1y":36},{"data":1000010,"lvl":8,"x":18,"y":36,"l1x":21,"l1y":14},{"data":1000010,"lvl":8,"x":17,"y":36,"l1x":14,"l1y":30},{"data":1000010,"lvl":8,"x":16,"y":36,"l1x":23,"l1y":8},{"data":1000010,"lvl":8,"x":15,"y":36,"l1x":23,"l1y":5},{"data":1000010,"lvl":8,"x":15,"y":35,"l1x":18,"l1y":26},{"data":1000010,"lvl":8,"x":29,"y":14,"l1x":37,"l1y":21},{"data":1000010,"lvl":8,"x":30,"y":14,"l1x":16,"l1y":5},{"data":1000000,"lvl":7,"x":3,"y":32,"units":[[4000004,2],[4000005,11],[4000001,1],[4000000,1]],"storage_type":0,"l1x":13,"l1y":32},{"data":1000006,"lvl":9,"boost_t":4592,"x":28,"y":30,"unit_prod":{"unit_type":0,"t":0,"slots":[{"id":4000005,"cnt":15}]},"l1x":38,"l1y":32},{"data":1000008,"lvl":11,"x":9,"y":19,"l1x":11,"l1y":13},{"data":1000009,"lvl":12,"x":31,"y":30,"l1x":22,"l1y":10},{"data":1000013,"lvl":7,"x":15,"y":24,"l1x":25,"l1y":20},{"data":1000019,"lvl":7,"x":23,"y":12,"l1x":19,"l1y":31},{"data":1000012,"lvl":7,"x":25,"y":17,"l1x":11,"l1y":18},{"data":1000010,"lvl":8,"x":30,"y":15,"l1x":6,"l1y":21},{"data":1000010,"lvl":8,"x":30,"y":16,"l1x":6,"l1y":19},{"data":1000010,"lvl":9,"x":24,"y":14,"l1x":24,"l1y":23},{"data":1000010,"lvl":8,"x":30,"y":17,"l1x":28,"l1y":19},{"data":1000010,"lvl":8,"x":30,"y":18,"l1x":9,"l1y":12},{"data":1000010,"lvl":8,"x":30,"y":19,"l1x":8,"l1y":12},{"data":1000010,"lvl":8,"x":30,"y":20,"l1x":16,"l1y":25},{"data":1000010,"lvl":8,"x":30,"y":21,"l1x":7,"l1y":12},{"data":1000010,"lvl":9,"x":19,"y":23,"l1x":19,"l1y":20},{"data":1000010,"lvl":8,"x":30,"y":22,"l1x":24,"l1y":17},{"data":1000010,"lvl":8,"x":30,"y":23,"l1x":7,"l1y":22},{"data":1000010,"lvl":8,"x":30,"y":24,"l1x":6,"l1y":14},{"data":1000010,"lvl":8,"x":30,"y":25,"l1x":18,"l1y":27},{"data":1000010,"lvl":8,"x":30,"y":26,"l1x":6,"l1y":8},{"data":1000010,"lvl":8,"x":30,"y":27,"l1x":15,"l1y":31},{"data":1000010,"lvl":8,"x":30,"y":28,"l1x":24,"l1y":18},{"data":1000010,"lvl":8,"x":30,"y":29,"l1x":6,"l1y":20},{"data":1000010,"lvl":8,"x":29,"y":29,"l1x":8,"l1y":22},{"data":1000010,"lvl":8,"x":28,"y":29,"l1x":18,"l1y":22},{"data":1000010,"lvl":8,"x":27,"y":29,"l1x":28,"l1y":12},{"data":1000010,"lvl":8,"x":26,"y":29,"l1x":6,"l1y":16},{"data":1000010,"lvl":8,"x":25,"y":29,"l1x":28,"l1y":26},{"data":1000010,"lvl":8,"x":24,"y":29,"l1x":10,"l1y":16},{"data":1000010,"lvl":8,"x":23,"y":29,"l1x":15,"l1y":17},{"data":1000010,"lvl":8,"x":22,"y":29,"l1x":20,"l1y":27},{"data":1000010,"lvl":8,"x":21,"y":29,"l1x":37,"l1y":26},{"data":1000010,"lvl":8,"x":20,"y":29,"l1x":17,"l1y":5},{"data":1000010,"lvl":8,"x":19,"y":29,"l1x":22,"l1y":5},{"data":1000010,"lvl":8,"x":18,"y":29,"l1x":21,"l1y":5},{"data":1000010,"lvl":8,"x":17,"y":29,"l1x":10,"l1y":25},{"data":1000010,"lvl":8,"x":16,"y":29,"l1x":37,"l1y":19},{"data":1000010,"lvl":8,"x":15,"y":34,"l1x":8,"l1y":5},{"data":1000010,"lvl":8,"x":15,"y":33,"l1x":18,"l1y":34},{"data":1000010,"lvl":8,"x":15,"y":32,"l1x":27,"l1y":17},{"data":1000010,"lvl":8,"x":15,"y":31,"l1x":20,"l1y":9},{"data":1000010,"lvl":8,"x":15,"y":30,"l1x":20,"l1y":14},{"data":1000010,"lvl":8,"x":15,"y":29,"l1x":28,"l1y":20},{"data":1000010,"lvl":8,"x":15,"y":28,"l1x":28,"l1y":18},{"data":1000010,"lvl":8,"x":28,"y":14,"l1x":35,"l1y":36},{"data":1000010,"lvl":8,"x":28,"y":15,"l1x":15,"l1y":18},{"data":1000010,"lvl":8,"x":28,"y":16,"l1x":37,"l1y":34},{"data":1000010,"lvl":8,"x":28,"y":17,"l1x":37,"l1y":35},{"data":1000010,"lvl":8,"x":28,"y":18,"l1x":36,"l1y":36},{"data":1000010,"lvl":8,"x":28,"y":19,"l1x":26,"l1y":27},{"data":1000010,"lvl":9,"x":20,"y":23,"l1x":22,"l1y":18},{"data":1000010,"lvl":8,"x":28,"y":20,"l1x":23,"l1y":17},{"data":1000010,"lvl":8,"x":28,"y":21,"l1x":25,"l1y":27},{"data":1000010,"lvl":8,"x":28,"y":22,"l1x":15,"l1y":5},{"data":1000010,"lvl":8,"x":15,"y":27,"l1x":26,"l1y":17},{"data":1000010,"lvl":8,"x":16,"y":27,"l1x":10,"l1y":20},{"data":1000009,"lvl":12,"x":19,"y":30,"l1x":33,"l1y":32},{"data":1000011,"lvl":7,"x":31,"y":24,"l1x":34,"l1y":25},{"data":1000019,"lvl":7,"x":18,"y":12,"l1x":27,"l1y":14},{"data":1000019,"lvl":7,"x":13,"y":17,"l1x":32,"l1y":18},{"data":1000021,"lvl":3,"x":15,"y":8,"attack_mode":false,"attack_mode_war":false,"attack_mode_draft":false,"attack_mode_draft_war":false,"ammo":1500,"l1x":15,"l1y":22},{"data":1000005,"lvl":10,"x":12,"y":8,"l1x":29,"l1y":32},{"data":1000015,"lvl":0,"x":13,"y":34,"l1x":31,"l1y":27},{"data":1000015,"lvl":0,"x":9,"y":34,"l1x":32,"l1y":20},{"data":1000003,"lvl":10,"x":31,"y":15,"l1x":32,"l1y":22},{"data":1000019,"lvl":7,"x":13,"y":22,"l1x":15,"l1y":26},{"data":1000008,"lvl":11,"x":31,"y":21,"l1x":19,"l1y":33},{"data":1000012,"lvl":7,"x":18,"y":24,"l1x":19,"l1y":10},{"data":1000010,"lvl":8,"x":17,"y":27,"l1x":24,"l1y":19},{"data":1000010,"lvl":9,"x":21,"y":23,"l1x":12,"l1y":5},{"data":1000010,"lvl":8,"x":18,"y":27,"l1x":30,"l1y":17},{"data":1000010,"lvl":8,"x":19,"y":27,"l1x":25,"l1y":17},{"data":1000010,"lvl":8,"x":20,"y":27,"l1x":24,"l1y":27},{"data":1000010,"lvl":8,"x":21,"y":27,"l1x":34,"l1y":36},{"data":1000010,"lvl":8,"x":25,"y":24,"l1x":21,"l1y":27},{"data":1000010,"lvl":8,"x":18,"y":23,"l1x":10,"l1y":19},{"data":1000010,"lvl":8,"x":17,"y":23,"l1x":32,"l1y":16},{"data":1000010,"lvl":8,"x":16,"y":23,"l1x":37,"l1y":32},{"data":1000010,"lvl":8,"x":15,"y":23,"l1x":19,"l1y":23},{"data":1000010,"lvl":8,"x":25,"y":26,"l1x":18,"l1y":25},{"data":1000010,"lvl":9,"x":22,"y":23,"l1x":22,"l1y":17},{"data":1000010,"lvl":8,"x":26,"y":26,"l1x":22,"l1y":15},{"data":1000010,"lvl":8,"x":26,"y":25,"l1x":35,"l1y":17},{"data":1000010,"lvl":8,"x":23,"y":27,"l1x":28,"l1y":17},{"data":1000010,"lvl":8,"x":27,"y":24,"l1x":18,"l1y":5},{"data":1000010,"lvl":8,"x":27,"y":25,"l1x":6,"l1y":7},{"data":1000010,"lvl":8,"x":22,"y":27,"l1x":18,"l1y":35},{"data":1000010,"lvl":8,"x":24,"y":27,"l1x":22,"l1y":13},{"data":1000010,"lvl":8,"x":24,"y":26,"l1x":10,"l1y":22},{"data":1000010,"lvl":8,"x":24,"y":25,"l1x":18,"l1y":31},{"data":1000010,"lvl":8,"x":24,"y":24,"l1x":36,"l1y":35},{"data":1000010,"lvl":8,"x":24,"y":21,"l1x":37,"l1y":33},{"data":1000010,"lvl":8,"x":15,"y":14,"l1x":15,"l1y":21},{"data":1000009,"lvl":11,"const_t":689401,"x":32,"y":8,"l1x":7,"l1y":9},{"data":1000023,"lvl":5,"x":5,"y":10,"res_time":24866,"l1x":7,"l1y":6},{"data":1000023,"lvl":5,"x":34,"y":3,"res_time":52309,"l1x":17,"l1y":6},{"data":1000024,"lvl":5,"x":21,"y":24,"l1x":30,"l1y":29},{"data":1000022,"lvl":0,"boost_t":4680,"x":20,"y":11,"l1x":23,"l1y":14},{"data":1000021,"lvl":3,"x":9,"y":14,"attack_mode":false,"attack_mode_war":false,"attack_mode_draft":false,"attack_mode_draft_war":false,"ammo":1500,"l1x":19,"l1y":15},{"data":1000005,"lvl":10,"x":9,"y":11,"l1x":33,"l1y":28},{"data":1000003,"lvl":10,"x":16,"y":30,"l1x":29,"l1y":14},{"data":1000025,"lvl":0,"boost_t":4681,"x":12,"y":19,"l1x":19,"l1y":24},{"data":1000026,"lvl":4,"boost_t":4598,"x":28,"y":8,"unit_prod":{"unit_type":0,"t":0,"slots":[{"id":4000010,"cnt":40}]},"l1x":38,"l1y":27},{"data":1000010,"lvl":8,"x":16,"y":14,"l1x":15,"l1y":20},{"data":1000010,"lvl":8,"x":27,"y":23,"l1x":10,"l1y":14},{"data":1000010,"lvl":8,"x":24,"y":19,"l1x":20,"l1y":36},{"data":1000010,"lvl":8,"x":24,"y":20,"l1x":14,"l1y":5},{"data":1000010,"lvl":8,"x":24,"y":22,"l1x":29,"l1y":36},{"data":1000010,"lvl":8,"x":23,"y":14,"l1x":30,"l1y":36},{"data":1000010,"lvl":8,"x":22,"y":14,"l1x":16,"l1y":9},{"data":1000010,"lvl":8,"x":21,"y":14,"l1x":24,"l1y":22},{"data":1000010,"lvl":8,"x":20,"y":14,"l1x":28,"l1y":36},{"data":1000010,"lvl":8,"x":19,"y":14,"l1x":19,"l1y":9},{"data":1000010,"lvl":8,"x":18,"y":14,"l1x":28,"l1y":24},{"data":1000010,"lvl":8,"x":17,"y":14,"l1x":37,"l1y":24},{"data":1000010,"lvl":8,"x":15,"y":15,"l1x":27,"l1y":9},{"data":1000010,"lvl":8,"x":15,"y":16,"l1x":26,"l1y":16},{"data":1000010,"lvl":8,"x":15,"y":17,"l1x":6,"l1y":17},{"data":1000010,"lvl":8,"x":15,"y":18,"l1x":27,"l1y":36},{"data":1000010,"lvl":8,"x":15,"y":19,"l1x":14,"l1y":31},{"data":1000010,"lvl":8,"x":15,"y":20,"l1x":28,"l1y":11},{"data":1000010,"lvl":8,"x":15,"y":21,"l1x":28,"l1y":21},{"data":1000010,"lvl":8,"x":15,"y":22,"l1x":18,"l1y":9},{"data":1000010,"lvl":8,"x":28,"y":23,"l1x":14,"l1y":28},{"data":1000010,"lvl":8,"x":26,"y":23,"l1x":6,"l1y":22},{"data":1000010,"lvl":8,"x":25,"y":23,"l1x":32,"l1y":17},{"data":1000010,"lvl":9,"x":23,"y":23,"l1x":28,"l1y":23},{"data":1000010,"lvl":9,"x":24,"y":23,"l1x":14,"l1y":29},{"data":1000011,"lvl":7,"x":25,"y":30,"l1x":26,"l1y":33},{"data":1000012,"lvl":7,"x":27,"y":26,"l1x":29,"l1y":18},{"data":1000026,"lvl":4,"x":9,"y":27,"unit_prod":{"unit_type":0,"t":0,"slots":[{"id":4000010,"cnt":2}]},"l1x":38,"l1y":22},{"data":1000027,"lvl":2,"x":22,"y":16,"attack_mode":true,"attack_mode_war":true,"attack_mode_draft":true,"attack_mode_draft_war":true,"ammo":750,"l1x":25,"l1y":18},{"data":1000021,"lvl":3,"x":16,"y":15,"attack_mode":false,"attack_mode_war":false,"attack_mode_draft":false,"attack_mode_draft_war":false,"ammo":1500,"l1x":25,"l1y":24},{"data":1000008,"lvl":11,"x":22,"y":30,"l1x":14,"l1y":10},{"data":1000009,"lvl":12,"x":16,"y":18,"l1x":20,"l1y":6},{"data":1000002,"lvl":10,"boost_t":73588,"x":16,"y":33,"res_time":176409,"l1x":15,"l1y":2},{"data":1000004,"lvl":10,"x":34,"y":15,"res_time":178203,"l1x":3,"l1y":14},{"data":1000027,"lvl":2,"x":17,"y":21,"attack_mode":false,"attack_mode_war":true,"attack_mode_draft":false,"attack_mode_draft_war":true,"ammo":750,"l1x":17,"l1y":19},{"data":1000023,"lvl":5,"x":30,"y":3,"res_time":20533,"l1x":7,"l1y":16}],"obstacles":[{"data":8000000,"x":0,"y":33,"l1x":-1,"l1y":-1,"loot_multiply_ver":2},{"data":8000004,"x":0,"y":0,"l1x":-1,"l1y":-1,"loot_multiply_ver":2},{"data":8000008,"x":42,"y":26,"l1x":-1,"l1y":-1,"loot_multiply_ver":2},{"data":8000000,"x":4,"y":0,"l1x":-1,"l1y":-1,"loot_multiply_ver":2},{"data":8000000,"x":0,"y":24,"l1x":-1,"l1y":-1,"loot_multiply_ver":2},{"data":8000004,"x":0,"y":36,"l1x":-1,"l1y":-1,"loot_multiply_ver":2},{"data":8000004,"x":0,"y":27,"l1x":-1,"l1y":-1,"loot_multiply_ver":2},{"data":8000030,"x":35,"y":41,"l1x":-1,"l1y":-1,"loot_multiply_ver":1},{"data":8000000,"x":0,"y":30,"l1x":-1,"l1y":-1,"loot_multiply_ver":2},{"data":8000000,"x":0,"y":16,"l1x":-1,"l1y":-1,"loot_multiply_ver":2},{"data":8000008,"x":42,"y":16,"l1x":-1,"l1y":-1,"loot_multiply_ver":2},{"data":8000000,"x":42,"y":23,"l1x":-1,"l1y":-1,"loot_multiply_ver":2},{"data":8000008,"x":0,"y":7,"l1x":-1,"l1y":-1,"loot_multiply_ver":2},{"data":8000008,"x":42,"y":31,"l1x":-1,"l1y":-1,"loot_multiply_ver":2},{"data":8000004,"x":0,"y":4,"l1x":-1,"l1y":-1,"loot_multiply_ver":2},{"data":8000004,"x":28,"y":42,"l1x":-1,"l1y":-1,"loot_multiply_ver":2},{"data":8000000,"x":8,"y":42,"l1x":-1,"l1y":-1,"loot_multiply_ver":2},{"data":8000000,"x":20,"y":0,"l1x":-1,"l1y":-1,"loot_multiply_ver":2},{"data":8000004,"x":20,"y":42,"l1x":-1,"l1y":-1,"loot_multiply_ver":2},{"data":8000008,"x":4,"y":42,"l1x":-1,"l1y":-1,"loot_multiply_ver":2},{"data":8000004,"x":42,"y":7,"l1x":-1,"l1y":-1,"loot_multiply_ver":2},{"data":8000000,"x":42,"y":11,"l1x":-1,"l1y":-1,"loot_multiply_ver":2},{"data":8000008,"x":16,"y":0,"l1x":-1,"l1y":-1,"loot_multiply_ver":2},{"data":8000000,"x":35,"y":0,"l1x":-1,"l1y":-1,"loot_multiply_ver":2},{"data":8000004,"x":32,"y":42,"l1x":-1,"l1y":-1,"loot_multiply_ver":2},{"data":8000008,"x":24,"y":0,"l1x":-1,"l1y":-1,"loot_multiply_ver":2},{"data":8000004,"x":7,"y":0,"l1x":-1,"l1y":-1,"loot_multiply_ver":2},{"data":8000004,"x":15,"y":42,"l1x":-1,"l1y":-1,"loot_multiply_ver":2},{"data":8000008,"x":0,"y":13,"l1x":-1,"l1y":-1,"loot_multiply_ver":2},{"data":8000000,"x":27,"y":0,"l1x":-1,"l1y":-1,"loot_multiply_ver":2},{"data":8000004,"x":32,"y":0,"l1x":-1,"l1y":-1,"loot_multiply_ver":2},{"data":8000008,"x":25,"y":42,"l1x":-1,"l1y":-1,"loot_multiply_ver":2},{"data":8000000,"x":1,"y":42,"l1x":-1,"l1y":-1,"loot_multiply_ver":2},{"data":8000007,"x":13,"y":39,"l1x":-1,"l1y":-1,"loot_multiply_ver":2},{"data":8000000,"x":40,"y":19,"l1x":-1,"l1y":-1,"loot_multiply_ver":2}],"traps":[{"data":12000001,"lvl":0,"x":34,"y":32,"l1x":13,"l1y":31},{"data":12000001,"lvl":0,"x":37,"y":6,"l1x":32,"l1y":12},{"data":12000001,"lvl":0,"x":31,"y":6,"l1x":5,"l1y":22},{"data":12000001,"lvl":0,"x":7,"y":30,"l1x":23,"l1y":4},{"data":12000001,"lvl":0,"x":8,"y":37,"l1x":9,"l1y":28},{"data":12000001,"lvl":0,"x":15,"y":37,"l1x":29,"l1y":8},{"data":12000006,"lvl":2,"x":19,"y":11,"l1x":5,"l1y":18},{"data":12000006,"lvl":2,"x":12,"y":18,"l1x":19,"l1y":13},{"data":12000006,"lvl":2,"x":16,"y":28,"l1x":19,"l1y":4},{"data":12000006,"lvl":2,"x":16,"y":22,"l1x":23,"l1y":18},{"data":12000006,"lvl":2,"x":21,"y":28,"l1x":19,"l1y":22},{"data":12000000,"lvl":5,"x":24,"y":28,"l1x":16,"l1y":13},{"data":12000000,"lvl":5,"x":23,"y":28,"l1x":15,"l1y":13},{"data":12000000,"lvl":5,"x":25,"y":28,"l1x":14,"l1y":14},{"data":12000000,"lvl":5,"x":25,"y":27,"l1x":14,"l1y":13},{"data":12000000,"lvl":5,"x":26,"y":27,"l1x":17,"l1y":13},{"data":12000000,"lvl":5,"x":26,"y":28,"l1x":14,"l1y":15},{"data":12000005,"lvl":3,"x":23,"y":15,"l1x":14,"l1y":18},{"data":12000005,"lvl":3,"x":22,"y":15,"l1x":36,"l1y":22},{"data":12000005,"lvl":3,"x":29,"y":17,"l1x":23,"l1y":35},{"data":12000005,"lvl":3,"x":29,"y":18,"l1x":36,"l1y":30},{"data":12000005,"lvl":3,"x":29,"y":19,"l1x":31,"l1y":35},{"data":12000002,"lvl":3,"x":18,"y":9,"l1x":26,"l1y":31},{"data":12000002,"lvl":3,"x":23,"y":9,"l1x":13,"l1y":16},{"data":12000002,"lvl":3,"x":28,"y":24,"l1x":32,"l1y":25},{"data":12000002,"lvl":3,"x":10,"y":17,"l1x":29,"l1y":27},{"data":12000002,"lvl":3,"x":11,"y":22,"l1x":28,"l1y":29}],"decos":[{"data":18000010,"x":25,"y":39,"l1x":40,"l1y":4},{"data":18000033,"x":38,"y":4,"l1x":40,"l1y":2}],"respawnVars":{"secondsFromLastRespawn":1236,"respawnSeed":598346739,"obstacleClearCounter":19,"time_to_gembox_drop":50901,"time_in_gembox_period":388800},"cooldowns":[],"newShopBuildings":[4,0,7,4,7,4,4,1,6,7,250,4,4,3,1,5,0,0,0,4,1,3,1,3,1,1,2,2],"newShopTraps":[6,6,5,0,0,5,5,0],"newShopDecos":[1,4,0,1,1,4,4,1,1,1,1,1,1,1,1,1,1,1,1,1,1,1,1,1,1,1,1,1,1,1,1,1,1,1,1,1,1],"last_league_rank":16,"last_league_shuffle":1,"last_news_seen":81,"edit_mode_shown":true,"troop_req_msg":"1 dragon - 3 balloon tyvm","war_req_msg":"1 witch 2ball 2wiz 5 bb","war_tutorials_seen":0,"war_base":true}