{"buildings":[{"data":1000001,"lvl":9,"x":20,"y":20},{"data":1000004,"lvl":10,"x":15,"y":3,"res_time":114884},{"data":1000000,"lvl":7,"x":8,"y":31,"units":[[4000006,9],[4000004,12]],"storage_type":0},{"data":1000015,"lvl":0,"x":14,"y":34},{"data":1000014,"lvl":5,"x":24,"y":24,"unit_req_time":1113,"share_replay_time":1703},{"data":1000008,"lvl":11,"x":17,"y":22},{"data":1000015,"lvl":0,"x":10,"y":22},{"data":1000002,"lvl":10,"x":3,"y":13,"res_time":170274},{"data":1000003,"lvl":10,"x":16,"y":28},{"data":1000005,"lvl":10,"x":25,"y":28},{"data":1000006,"lvl":9,"x":38,"y":20,"unit_prod":{"unit_type":0}},{"data":1000008,"lvl":11,"x":20,"y":17},{"data":1000004,"lvl":10,"x":18,"y":3,"res_time":156346},{"data":1000002,"lvl":10,"x":3,"y":16,"res_time":170273},{"data":1000009,"lvl":12,"x":13,"y":31},{"data":1000010,"lvl":10,"x":16,"y":26},{"data":1000010,"lvl":10,"x":16,"y":25},{"data":1000010,"lvl":10,"x":16,"y":24},{"data":1000010,"lvl":10,"x":16,"y":23},{"data":1000002,"lvl":10,"x":3,"y":19,"res_time":170272},{"data":1000004,"lvl":10,"x":21,"y":3,"res_time":156215},{"data":1000003,"lvl":10,"x":28,"y":25},{"data":1000005,"lvl":10,"x":28,"y":16},{"data":1000000,"lvl":7,"x":7,"y":7,"units":[[4000001,9],[4000006,6],[4000004,6]],"storage_type":0},{"data":1000006,"lvl":9,"x":38,"y":23,"unit_prod":{"unit_type":0}},{"data":1000013,"lvl":7,"x":10,"y":28},{"data":1000010,"lvl":10,"x":16,"y":22},{"data":1000010,"lvl":10,"x":16,"y":21},{"data":1000010,"lvl":10,"x":16,"y":20},{"data":1000010,"lvl":10,"x":16,"y":19},{"data":1000010,"lvl":10,"x":16,"y":18},{"data":1000010,"lvl":10,"x":16,"y":17},{"data":1000010,"lvl":10,"x":16,"y":16},{"data":1000010,"lvl":10,"x":17,"y":16},{"data":1000010,"lvl":10,"x":18,"y":16},{"data":1000010,"lvl":10,"x":19,"y":16},{"data":1000010,"lvl":10,"x":20,"y":16},{"data":1000010,"lvl":10,"x":21,"y":16},{"data":1000010,"lvl":10,"x":22,"y":16},{"data":1000010,"lvl":10,"x":23,"y":16},{"data":1000010,"lvl":10,"x":24,"y":16},{"data":1000010,"lvl":10,"x":25,"y":16},{"data":1000010,"lvl":10,"x":26,"y":16},{"data":1000010,"lvl":10,"x":27,"y":16},{"data":1000010,"lvl":10,"x":27,"y":17},{"data":1000010,"lvl":10,"x":27,"y":18},{"data":1000010,"lvl":10,"x":27,"y":19},{"data":1000010,"lvl":10,"x":27,"y":20},{"data":1000010,"lvl":10,"x":27,"y":21},{"data":1000010,"lvl":10,"x":27,"y":22},{"data":1000010,"lvl":10,"x":27,"y":23},{"data":1000010,"lvl":10,"x":27,"y":24},{"data":1000010,"lvl":10,"x":27,"y":25},{"data":1000010,"lvl":10,"x":27,"y":26},{"data":1000010,"lvl":10,"x":27,"y":27},{"data":1000010,"lvl":10,"x":26,"y":27},{"data":1000010,"lvl":10,"x":25,"y":27},{"data":1000010,"lvl":10,"x":24,"y":27},{"data":1000010,"lvl":10,"x":23,"y":27},{"data":1000010,"lvl":10,"x":22,"y":27},{"data":1000010,"lvl":10,"x":21,"y":27},{"data":1000010,"lvl":10,"x":20,"y":27},{"data":1000010,"lvl":10,"x":19,"y":27},{"data":1000010,"lvl":10,"x":18,"y":27},{"data":1000010,"lvl":10,"x":17,"y":27},{"data":1000010,"lvl":10,"x":16,"y":27},{"data":1000010,"lvl":10,"x":8,"y":36},{"data":1000010,"lvl":10,"x":9,"y":36},{"data":1000010,"lvl":10,"x":10,"y":36},{"data":1000010,"lvl":10,"x":11,"y":36},{"data":1000010,"lvl":10,"x":12,"y":36},{"data":1000010,"lvl":10,"x":13,"y":36},{"data":1000007,"lvl":7,"x":38,"y":26},{"data":1000009,"lvl":12,"x":9,"y":13},{"data":1000002,"lvl":10,"x":3,"y":22,"res_time":170273},{"data":1000004,"lvl":10,"x":24,"y":3,"res_time":156215},{"data":1000006,"lvl":9,"x":23,"y":38,"unit_prod":{"unit_type":0}},{"data":1000012,"lvl":7,"x":9,"y":24},{"data":1000015,"lvl":0,"x":12,"y":7},{"data":1000008,"lvl":11,"x":8,"y":17},{"data":1000002,"lvl":10,"x":22,"y":28,"res_time":166708},{"data":1000004,"lvl":10,"x":28,"y":22,"res_time":156214},{"data":1000009,"lvl":12,"x":24,"y":8},{"data":1000000,"lvl":7,"x":31,"y":8,"units":[[4000013,2]],"storage_type":0},{"data":1000010,"lvl":10,"x":14,"y":36},{"data":1000010,"lvl":10,"x":15,"y":36},{"data":1000010,"lvl":10,"x":7,"y":36},{"data":1000010,"lvl":10,"x":7,"y":35},{"data":1000010,"lvl":10,"x":7,"y":34},{"data":1000010,"lvl":10,"x":7,"y":33},{"data":1000010,"lvl":10,"x":7,"y":32},{"data":1000010,"lvl":10,"x":7,"y":31},{"data":1000010,"lvl":10,"x":7,"y":30},{"data":1000010,"lvl":10,"x":7,"y":29},{"data":1000010,"lvl":10,"x":7,"y":28},{"data":1000010,"lvl":10,"x":6,"y":7},{"data":1000010,"lvl":10,"x":6,"y":8},{"data":1000010,"lvl":10,"x":6,"y":9},{"data":1000011,"lvl":7,"x":7,"y":21},{"data":1000002,"lvl":10,"x":13,"y":19,"res_time":170272},{"data":1000004,"lvl":10,"x":28,"y":19,"res_time":156214},{"data":1000010,"lvl":10,"x":6,"y":10},{"data":1000010,"lvl":10,"x":6,"y":11},{"data":1000010,"lvl":10,"x":6,"y":12},{"data":1000010,"lvl":10,"x":6,"y":13},{"data":1000010,"lvl":10,"x":6,"y":14},{"data":1000010,"lvl":10,"x":6,"y":15},{"data":1000010,"lvl":10,"x":6,"y":16},{"data":1000010,"lvl":10,"x":6,"y":17},{"data":1000010,"lvl":10,"x":6,"y":18},{"data":1000010,"lvl":10,"x":6,"y":19},{"data":1000010,"lvl":10,"x":6,"y":20},{"data":1000010,"lvl":10,"x":6,"y":21},{"data":1000010,"lvl":10,"x":6,"y":22},{"data":1000010,"lvl":10,"x":6,"y":23},{"data":1000010,"lvl":10,"x":6,"y":24},{"data":1000010,"lvl":10,"x":6,"y":25},{"data":1000010,"lvl":10,"x":6,"y":26},{"data":1000010,"lvl":10,"x":6,"y":27},{"data":1000010,"lvl":10,"x":7,"y":27},{"data":1000010,"lvl":10,"x":8,"y":27},{"data":1000010,"lvl":10,"x":9,"y":27},{"data":1000010,"lvl":10,"x":10,"y":27},{"data":1000010,"lvl":10,"x":11,"y":27},{"data":1000010,"lvl":10,"x":12,"y":27},{"data":1000010,"lvl":10,"x":12,"y":26},{"data":1000010,"lvl":10,"x":12,"y":25},{"data":1000010,"lvl":10,"x":12,"y":24},{"data":1000010,"lvl":10,"x":12,"y":23},{"data":1000010,"lvl":10,"x":12,"y":22},{"data":1000010,"lvl":10,"x":12,"y":21},{"data":1000010,"lvl":10,"x":12,"y":20},{"data":1000010,"lvl":10,"x":6,"y":6},{"data":1000010,"lvl":10,"x":7,"y":6},{"data":1000010,"lvl":10,"x":8,"y":6},{"data":1000010,"lvl":10,"x":9,"y":6},{"data":1000010,"lvl":10,"x":10,"y":6},{"data":1000010,"lvl":10,"x":11,"y":6},{"data":1000010,"lvl":10,"x":12,"y":6},{"data":1000010,"lvl":10,"x":13,"y":6},{"data":1000010,"lvl":10,"x":14,"y":6},{"data":1000010,"lvl":10,"x":15,"y":6},{"data":1000010,"lvl":10,"x":16,"y":6},{"data":1000010,"lvl":10,"x":17,"y":6},{"data":1000010,"lvl":10,"x":18,"y":6},{"data":1000010,"lvl":10,"x":19,"y":6},{"data":1000010,"lvl":10,"x":20,"y":6},{"data":1000010,"lvl":10,"x":21,"y":6},{"data":1000010,"lvl":10,"x":12,"y":19},{"data":1000010,"lvl":10,"x":12,"y":18},{"data":1000010,"lvl":10,"x":12,"y":17},{"data":1000010,"lvl":10,"x":12,"y":16},{"data":1000010,"lvl":10,"x":12,"y":15},{"data":1000010,"lvl":10,"x":12,"y":14},{"data":1000010,"lvl":10,"x":12,"y":13},{"data":1000010,"lvl":10,"x":10,"y":12},{"data":1000010,"lvl":10,"x":11,"y":12},{"data":1000010,"lvl":10,"x":12,"y":10},{"data":1000010,"lvl":10,"x":12,"y":11},{"data":1000010,"lvl":10,"x":12,"y":12},{"data":1000010,"lvl":10,"x":13,"y":12},{"data":1000010,"lvl":10,"x":14,"y":12},{"data":1000013,"lvl":7,"x":28,"y":10},{"data":1000011,"lvl":7,"x":20,"y":7},{"data":1000015,"lvl":0,"x":29,"y":8},{"data":1000000,"lvl":7,"x":32,"y":32,"units":[[4000009,3]],"storage_type":0},{"data":1000006,"lvl":9,"x":20,"y":38,"unit_prod":{"unit_type":0}},{"data":1000008,"lvl":11,"x":13,"y":9},{"data":1000010,"lvl":10,"x":15,"y":12},{"data":1000010,"lvl":10,"x":16,"y":12},{"data":1000010,"lvl":10,"x":17,"y":12},{"data":1000010,"lvl":10,"x":18,"y":12},{"data":1000010,"lvl":10,"x":19,"y":12},{"data":1000010,"lvl":10,"x":20,"y":12},{"data":1000010,"lvl":10,"x":22,"y":6},{"data":1000010,"lvl":10,"x":23,"y":6},{"data":1000010,"lvl":10,"x":24,"y":6},{"data":1000010,"lvl":10,"x":25,"y":6},{"data":1000010,"lvl":10,"x":26,"y":6},{"data":1000010,"lvl":10,"x":27,"y":6},{"data":1000010,"lvl":10,"x":21,"y":12},{"data":1000010,"lvl":10,"x":22,"y":12},{"data":1000010,"lvl":10,"x":23,"y":12},{"data":1000010,"lvl":10,"x":24,"y":12},{"data":1000010,"lvl":10,"x":25,"y":12},{"data":1000010,"lvl":10,"x":26,"y":12},{"data":1000010,"lvl":10,"x":27,"y":12},{"data":1000010,"lvl":10,"x":27,"y":11},{"data":1000010,"lvl":10,"x":27,"y":10},{"data":1000010,"lvl":10,"x":27,"y":9},{"data":1000010,"lvl":10,"x":27,"y":8},{"data":1000010,"lvl":10,"x":27,"y":7},{"data":1000010,"lvl":10,"x":28,"y":7},{"data":1000009,"lvl":12,"x":31,"y":13},{"data":1000013,"lvl":7,"x":32,"y":29},{"data":1000019,"lvl":7,"x":19,"y":25},{"data":1000020,"lvl":4,"x":26,"y":38,"units":[[26000005,2],[26000002,2],[26000000,1]],"storage_type":1,"unit_prod":{"unit_type":1}},{"data":1000009,"lvl":12,"x":34,"y":26},{"data":1000010,"lvl":10,"x":29,"y":7},{"data":1000010,"lvl":10,"x":30,"y":7},{"data":1000010,"lvl":10,"x":31,"y":7},{"data":1000010,"lvl":10,"x":32,"y":7},{"data":1000010,"lvl":10,"x":33,"y":7},{"data":1000010,"lvl":10,"x":34,"y":7},{"data":1000010,"lvl":10,"x":35,"y":7},{"data":1000010,"lvl":10,"x":36,"y":7},{"data":1000010,"lvl":10,"x":36,"y":8},{"data":1000010,"lvl":10,"x":36,"y":9},{"data":1000010,"lvl":10,"x":36,"y":10},{"data":1000010,"lvl":10,"x":36,"y":11},{"data":1000010,"lvl":10,"x":36,"y":12},{"data":1000010,"lvl":10,"x":36,"y":13},{"data":1000010,"lvl":10,"x":36,"y":14},{"data":1000010,"lvl":10,"x":36,"y":15},{"data":1000010,"lvl":10,"x":37,"y":17},{"data":1000010,"lvl":10,"x":37,"y":18},{"data":1000010,"lvl":10,"x":37,"y":19},{"data":1000010,"lvl":10,"x":37,"y":20},{"data":1000010,"lvl":10,"x":37,"y":16},{"data":1000010,"lvl":10,"x":36,"y":16},{"data":1000010,"lvl":10,"x":35,"y":16},{"data":1000010,"lvl":10,"x":34,"y":16},{"data":1000010,"lvl":10,"x":33,"y":16},{"data":1000010,"lvl":10,"x":32,"y":16},{"data":1000010,"lvl":10,"x":31,"y":16},{"data":1000010,"lvl":10,"x":31,"y":17},{"data":1000010,"lvl":10,"x":31,"y":18},{"data":1000010,"lvl":10,"x":31,"y":19},{"data":1000010,"lvl":10,"x":31,"y":20},{"data":1000010,"lvl":10,"x":31,"y":21},{"data":1000010,"lvl":10,"x":31,"y":22},{"data":1000010,"lvl":10,"x":31,"y":23},{"data":1000010,"lvl":10,"x":31,"y":24},{"data":1000010,"lvl":10,"x":31,"y":25},{"data":1000010,"lvl":10,"x":31,"y":26},{"data":1000010,"lvl":10,"x":31,"y":27},{"data":1000010,"lvl":10,"x":31,"y":28},{"data":1000010,"lvl":10,"x":31,"y":29},{"data":1000010,"lvl":10,"x":31,"y":30},{"data":1000010,"lvl":10,"x":31,"y":31},{"data":1000010,"lvl":10,"x":30,"y":31},{"data":1000010,"lvl":10,"x":29,"y":31},{"data":1000010,"lvl":10,"x":28,"y":31},{"data":1000010,"lvl":10,"x":27,"y":31},{"data":1000010,"lvl":10,"x":26,"y":31},{"data":1000010,"lvl":10,"x":25,"y":31},{"data":1000010,"lvl":10,"x":24,"y":31},{"data":1000010,"lvl":10,"x":23,"y":31},{"data":1000019,"lvl":7,"x":17,"y":25},{"data":1000003,"lvl":10,"x":25,"y":13},{"data":1000005,"lvl":10,"x":16,"y":13},{"data":1000011,"lvl":7,"x":34,"y":20},{"data":1000019,"lvl":7,"x":23,"y":17},{"data":1000012,"lvl":7,"x":17,"y":9},{"data":1000015,"lvl":0,"x":35,"y":29},{"data":1000010,"lvl":10,"x":22,"y":31},{"data":1000010,"lvl":10,"x":21,"y":31},{"data":1000010,"lvl":10,"x":20,"y":31},{"data":1000010,"lvl":10,"x":19,"y":31},{"data":1000010,"lvl":10,"x":18,"y":31},{"data":1000010,"lvl":10,"x":17,"y":31},{"data":1000010,"lvl":10,"x":16,"y":31},{"data":1000010,"lvl":10,"x":16,"y":32},{"data":1000010,"lvl":10,"x":16,"y":33},{"data":1000010,"lvl":10,"x":16,"y":34},{"data":1000010,"lvl":10,"x":16,"y":35},{"data":1000010,"lvl":10,"x":16,"y":36},{"data":1000010,"lvl":10,"x":16,"y":37},{"data":1000010,"lvl":10,"x":17,"y":37},{"data":1000010,"lvl":10,"x":18,"y":37},{"data":1000010,"lvl":10,"x":19,"y":37},{"data":1000010,"lvl":10,"x":20,"y":37},{"data":1000010,"lvl":10,"x":21,"y":37},{"data":1000010,"lvl":10,"x":22,"y":37},{"data":1000010,"lvl":10,"x":23,"y":37},{"data":1000010,"lvl":10,"x":24,"y":37},{"data":1000010,"lvl":10,"x":25,"y":37},{"data":1000010,"lvl":10,"x":26,"y":37},{"data":1000010,"lvl":10,"x":27,"y":37},{"data":1000010,"lvl":10,"x":28,"y":37},{"data":1000009,"lvl":12,"x":20,"y":34},{"data":1000008,"lvl":11,"x":32,"y":23},{"data":1000021,"lvl":3,"x":21,"y":24,"attack_mode":false,"attack_mode_war":false,"attack_mode_draft":false,"attack_mode_draft_war":false,"ammo":1500},{"data":1000019,"lvl":7,"x":25,"y":17},{"data":1000012,"lvl":7,"x":32,"y":17},{"data":1000023,"lvl":5,"x":28,"y":28,"res_time":57572},{"data":1000023,"lvl":5,"x":13,"y":13,"res_time":47875},{"data":1000024,"lvl":5,"x":13,"y":28},{"data":1000021,"lvl":3,"x":17,"y":17,"attack_mode":false,"attack_mode_war":true,"attack_mode_draft":false,"attack_mode_draft_war":true,"ammo":1500},{"data":1000022,"lvl":0,"x":22,"y":13},{"data":1000025,"lvl":0,"x":19,"y":28},{"data":1000003,"lvl":10,"x":13,"y":16},{"data":1000005,"lvl":10,"x":13,"y":25},{"data":1000026,"lvl":5,"x":38,"y":17,"unit_prod":{"unit_type":0}},{"data":1000010,"lvl":10,"x":29,"y":37},{"data":1000010,"lvl":10,"x":30,"y":37},{"data":1000010,"lvl":10,"x":37,"y":21},{"data":1000010,"lvl":10,"x":37,"y":22},{"data":1000010,"lvl":10,"x":37,"y":23},{"data":1000010,"lvl":10,"x":37,"y":24},{"data":1000010,"lvl":10,"x":37,"y":25},{"data":1000010,"lvl":10,"x":37,"y":26},{"data":1000010,"lvl":10,"x":37,"y":27},{"data":1000010,"lvl":10,"x":37,"y":28},{"data":1000010,"lvl":10,"x":37,"y":29},{"data":1000010,"lvl":10,"x":37,"y":30},{"data":1000010,"lvl":10,"x":37,"y":31},{"data":1000010,"lvl":10,"x":37,"y":32},{"data":1000010,"lvl":10,"x":37,"y":33},{"data":1000010,"lvl":10,"x":37,"y":34},{"data":1000010,"lvl":10,"x":37,"y":35},{"data":1000010,"lvl":10,"x":37,"y":36},{"data":1000010,"lvl":10,"x":31,"y":37},{"data":1000010,"lvl":10,"x":32,"y":37},{"data":1000010,"lvl":10,"x":33,"y":37},{"data":1000010,"lvl":10,"x":34,"y":37},{"data":1000010,"lvl":10,"x":35,"y":37},{"data":1000010,"lvl":10,"x":36,"y":37},{"data":1000010,"lvl":10,"x":37,"y":37},{"data":1000026,"lvl":5,"x":17,"y":38,"unit_prod":{"unit_type":0}},{"data":1000011,"lvl":7,"x":26,"y":34},{"data":1000012,"lvl":7,"x":23,"y":32},{"data":1000008,"lvl":11,"x":17,"y":32},{"data":1000009,"lvl":12,"x":29,"y":32},{"data":1000027,"lvl":2,"x":18,"y":20,"attack_mode":false,"attack_mode_war":false,"attack_mode_draft":false,"attack_mode_draft_war":false,"ammo":750},{"data":1000023,"lvl":5,"x":28,"y":13,"res_time":57573},{"data":1000027,"lvl":2,"x":24,"y":22,"attack_mode":true,"attack_mode_war":true,"attack_mode_draft":true,"attack_mode_draft_war":true,"ammo":750},{"data":1000021,"lvl":3,"x":24,"y":19,"attack_mode":false,"attack_mode_war":false,"attack_mode_draft":false,"attack_mode_draft_war":false,"ammo":1500},{"data":1000004,"lvl":10,"x":19,"y":13,"res_time":156346},{"data":1000002,"lvl":10,"x":13,"y":22,"res_time":170272}],"obstacles":[{"data":8000028,"x":0,"y":29,"loot_multiply_ver":1},{"data":8000010,"x":24,"y":42,"loot_multiply_ver":2},{"data":8000007,"x":0,"y":10,"loot_multiply_ver":2},{"data":8000004,"x":5,"y":0,"loot_multiply_ver":2},{"data":8000004,"x":30,"y":42,"loot_multiply_ver":2},{"data":8000004,"x":41,"y":42,"loot_multiply_ver":2},{"data":8000000,"x":42,"y":29,"loot_multiply_ver":2},{"data":8000008,"x":15,"y":42,"loot_multiply_ver":2},{"data":8000000,"x":33,"y":42,"loot_multiply_ver":2},{"data":8000000,"x":1,"y":34,"loot_multiply_ver":2},{"data":8000006,"x":0,"y":7,"loot_multiply_ver":2},{"data":8000010,"x":42,"y":25,"loot_multiply_ver":2},{"data":8000004,"x":11,"y":42,"loot_multiply_ver":2},{"data":8000010,"x":42,"y":22,"loot_multiply_ver":2},{"data":8000006,"x":0,"y":37,"loot_multiply_ver":2},{"data":8000000,"x":2,"y":42,"loot_multiply_ver":2},{"data":8000000,"x":17,"y":1,"loot_multiply_ver":2},{"data":8000004,"x":0,"y":18,"loot_multiply_ver":2},{"data":8000010,"x":27,"y":42,"loot_multiply_ver":2},{"data":8000004,"x":9,"y":0,"loot_multiply_ver":2},{"data":8000004,"x":42,"y":35,"loot_multiply_ver":2},{"data":8000010,"x":20,"y":42,"loot_multiply_ver":2},{"data":8000000,"x":42,"y":39,"loot_multiply_ver":2},{"data":8000006,"x":38,"y":42,"loot_multiply_ver":2},{"data":8000000,"x":22,"y":0,"loot_multiply_ver":2},{"data":8000000,"x":4,"y":35,"loot_multiply_ver":2},{"data":8000007,"x":41,"y":15,"loot_multiply_ver":2},{"data":8000006,"x":42,"y":32,"loot_multiply_ver":2},{"data":8000000,"x":0,"y":14,"loot_multiply_ver":2},{"data":8000007,"x":0,"y":24,"loot_multiply_ver":2},{"data":8000010,"x":40,"y":2,"loot_multiply_ver":2},{"data":8000006,"x":42,"y":9,"loot_multiply_ver":2},{"data":8000000,"x":1,"y":1,"loot_multiply_ver":2},{"data":8000008,"x":41,"y":5,"loot_multiply_ver":2},{"data":8000010,"x":41,"y":12,"loot_multiply_ver":2},{"data":8000010,"x":36,"y":1,"loot_multiply_ver":2},{"data":8000010,"x":26,"y":1,"loot_multiply_ver":2},{"data":8000010,"x":5,"y":41,"loot_multiply_ver":2},{"data":8000004,"x":14,"y":0,"loot_multiply_ver":2},{"data":8000006,"x":10,"y":3,"loot_multiply_ver":2}],"traps":[{"data":12000006,"lvl":2,"x":23,"y":19},{"data":12000006,"lvl":2,"x":28,"y":32},{"data":12000001,"lvl":0,"x":16,"y":38},{"data":12000005,"lvl":3,"x":20,"y":24},{"data":12000001,"lvl":0,"x":15,"y":37},{"data":12000001,"lvl":0,"x":5,"y":27},{"data":12000002,"lvl":3,"x":26,"y":32},{"data":12000002,"lvl":3,"x":10,"y":20},{"data":12000005,"lvl":3,"x":17,"y":21},{"data":12000001,"lvl":0,"x":6,"y":28},{"data":12000001,"lvl":0,"x":37,"y":15},{"data":12000001,"lvl":0,"x":38,"y":16},{"data":12000006,"lvl":2,"x":32,"y":20},{"data":12000006,"lvl":2,"x":20,"y":11},{"data":12000006,"lvl":2,"x":26,"y":11},{"data":12000005,"lvl":3,"x":26,"y":22},{"data":12000005,"lvl":3,"x":13,"y":34},{"data":12000005,"lvl":3,"x":11,"y":19},{"data":12000000,"lvl":5,"x":33,"y":21},{"data":12000000,"lvl":5,"x":33,"y":22},{"data":12000000,"lvl":5,"x":32,"y":22},{"data":12000000,"lvl":5,"x":32,"y":21},{"data":12000000,"lvl":5,"x":10,"y":16},{"data":12000000,"lvl":5,"x":11,"y":16},{"data":12000002,"lvl":3,"x":21,"y":10},{"data":12000002,"lvl":3,"x":32,"y":26},{"data":12000002,"lvl":3,"x":20,"y":32}],"decos":[{"data":18000001,"x":36,"y":40},{"data":18000001,"x":40,"y":36},{"data":18000001,"x":40,"y":38},{"data":18000001,"x":38,"y":40},{"data":18000003,"x":2,"y":25},{"data":18000028,"x":40,"y":40},{"data":18000010,"x":38,"y":36},{"data":18000033,"x":38,"y":38},{"data":18000024,"x":40,"y":32},{"data":18000017,"x":2,"y":31},{"data":18000015,"x":2,"y":27},{"data":18000023,"x":2,"y":6},{"data":18000025,"x":40,"y":30},{"data":18000026,"x":40,"y":7},{"data":18000027,"x":40,"y":34},{"data":18000030,"x":39,"y":12},{"data":18000029,"x":40,"y":9},{"data":18000031,"x":39,"y":5},{"data":18000032,"x":2,"y":4},{"data":18000034,"x":3,"y":2},{"data":18000035,"x":13,"y":2},{"data":18000036,"x":29,"y":40},{"data":18000021,"x":2,"y":8},{"data":18000020,"x":2,"y":10},{"data":18000019,"x":2,"y":38},{"data":18000018,"x":2,"y":36},{"data":18000016,"x":2,"y":29}],"respawnVars":{"secondsFromLastRespawn":10720,"respawnSeed":-114333692,"obstacleClearCounter":16,"time_to_gembox_drop":353646,"time_in_gembox_period":252000},"cooldowns":[{"cooldown":755765,"target":20000001}],"newShopBuildings":[4,0,7,4,7,4,4,1,6,7,250,4,4,3,1,5,0,0,0,4,1,3,1,3,1,1,2,2],"newShopTraps":[6,6,5,0,0,5,5,0],"newShopDecos":[1,4,0,1,1,4,4,1,1,1,1,1,1,1,1,1,1,1,1,1,1,1,1,1,1,1,1,1,1,1,1,1,1,1,1,1,1],"last_league_rank":16,"last_league_shuffle":1,"last_news_seen":81,"edit_mode_shown":true,"troop_req_msg":"golem","war_req_msg":"herkese 1 cad. gerisi sihirbaz","war_tutorials_seen":0,"war_base":false}