{"buildings":[{"data":1000001,"lvl":9,"x":20,"y":20,"l1x":23,"l1y":23},{"data":1000004,"lvl":10,"x":10,"y":5,"res_time":179385,"l1x":3,"l1y":10},{"data":1000000,"lvl":7,"x":31,"y":7,"units":[[4000010,1],[4000013,1],[4000011,3],[4000009,1]],"storage_type":0,"l1x":27,"l1y":7},{"data":1000015,"lvl":0,"x":9,"y":15,"l1x":18,"l1y":13},{"data":1000014,"lvl":5,"x":24,"y":25,"l1x":20,"l1y":20},{"data":1000008,"lvl":11,"x":17,"y":13,"l1x":34,"l1y":21},{"data":1000015,"lvl":0,"x":20,"y":14,"l1x":40,"l1y":17},{"data":1000002,"lvl":10,"boost_t":1586,"x":5,"y":28,"res_time":179407,"l1x":37,"l1y":19},{"data":1000003,"lvl":10,"x":17,"y":10,"l1x":32,"l1y":9},{"data":1000005,"lvl":10,"x":9,"y":28,"l1x":9,"l1y":16},{"data":1000006,"lvl":9,"x":35,"y":27,"unit_prod":{"unit_type":0,"t":0,"slots":[{"id":4000009,"cnt":1},{"id":4000006,"cnt":5}]},"l1x":37,"l1y":22},{"data":1000002,"lvl":10,"boost_t":1584,"x":5,"y":25,"res_time":179407,"l1x":19,"l1y":37},{"data":1000004,"lvl":10,"x":13,"y":5,"res_time":179385,"l1x":37,"l1y":39},{"data":1000006,"lvl":9,"x":35,"y":31,"unit_prod":{"unit_type":0,"t":0,"slots":[{"id":4000006,"cnt":5}]},"l1x":37,"l1y":26},{"data":1000008,"lvl":11,"x":23,"y":9,"l1x":31,"l1y":24},{"data":1000003,"lvl":10,"x":23,"y":13,"l1x":19,"l1y":9},{"data":1000002,"lvl":10,"boost_t":1581,"x":5,"y":22,"res_time":179407,"l1x":36,"l1y":30},{"data":1000004,"lvl":10,"x":16,"y":5,"res_time":179385,"l1x":38,"l1y":11},{"data":1000005,"lvl":10,"x":17,"y":36,"l1x":16,"l1y":38},{"data":1000000,"lvl":7,"x":35,"y":12,"units":[[4000006,2],[4000013,2]],"storage_type":0,"l1x":7,"l1y":27},{"data":1000009,"lvl":12,"x":14,"y":11,"l1x":15,"l1y":15},{"data":1000007,"lvl":7,"x":6,"y":7,"l1x":5,"l1y":13},{"data":1000010,"lvl":8,"x":13,"y":34,"l1x":33,"l1y":18},{"data":1000010,"lvl":7,"x":10,"y":9,"l1x":12,"l1y":28},{"data":1000010,"lvl":7,"x":9,"y":2,"l1x":12,"l1y":8},{"data":1000010,"lvl":7,"x":3,"y":11,"l1x":16,"l1y":23},{"data":1000010,"lvl":8,"x":16,"y":39,"l1x":14,"l1y":21},{"data":1000010,"lvl":8,"x":17,"y":39,"l1x":19,"l1y":20},{"data":1000010,"lvl":8,"x":18,"y":39,"l1x":40,"l1y":34},{"data":1000010,"lvl":8,"x":26,"y":34,"l1x":39,"l1y":36},{"data":1000010,"lvl":8,"x":26,"y":33,"l1x":16,"l1y":34},{"data":1000010,"lvl":7,"x":3,"y":12,"l1x":9,"l1y":13},{"data":1000010,"lvl":8,"x":26,"y":32,"l1x":21,"l1y":17},{"data":1000010,"lvl":7,"x":3,"y":13,"l1x":26,"l1y":28},{"data":1000010,"lvl":7,"x":3,"y":14,"l1x":12,"l1y":9},{"data":1000010,"lvl":7,"x":3,"y":15,"l1x":15,"l1y":36},{"data":1000010,"lvl":8,"x":14,"y":31,"l1x":37,"l1y":37},{"data":1000010,"lvl":8,"x":15,"y":31,"l1x":11,"l1y":37},{"data":1000010,"lvl":7,"x":3,"y":16,"l1x":34,"l1y":18},{"data":1000010,"lvl":7,"x":3,"y":17,"l1x":7,"l1y":10},{"data":1000010,"lvl":7,"x":3,"y":18,"l1x":23,"l1y":17},{"data":1000010,"lvl":7,"x":3,"y":19,"l1x":32,"l1y":29},{"data":1000010,"lvl":8,"x":16,"y":31,"l1x":13,"l1y":20},{"data":1000010,"lvl":8,"x":17,"y":31,"l1x":18,"l1y":12},{"data":1000010,"lvl":8,"x":18,"y":31,"l1x":19,"l1y":26},{"data":1000010,"lvl":8,"x":3,"y":20,"l1x":18,"l1y":25},{"data":1000010,"lvl":8,"x":3,"y":21,"l1x":26,"l1y":19},{"data":1000010,"lvl":8,"x":3,"y":22,"l1x":29,"l1y":12},{"data":1000010,"lvl":8,"x":3,"y":23,"l1x":33,"l1y":36},{"data":1000010,"lvl":8,"x":3,"y":24,"l1x":32,"l1y":34},{"data":1000010,"lvl":7,"x":3,"y":10,"l1x":17,"l1y":24},{"data":1000010,"lvl":7,"x":3,"y":9,"l1x":33,"l1y":40},{"data":1000010,"lvl":7,"x":10,"y":2,"l1x":19,"l1y":36},{"data":1000010,"lvl":7,"x":11,"y":2,"l1x":19,"l1y":30},{"data":1000010,"lvl":7,"x":12,"y":2,"l1x":19,"l1y":12},{"data":1000010,"lvl":8,"x":19,"y":31,"l1x":9,"l1y":5},{"data":1000010,"lvl":8,"x":20,"y":31,"l1x":34,"l1y":30},{"data":1000010,"lvl":8,"x":21,"y":31,"l1x":4,"l1y":3},{"data":1000010,"lvl":8,"x":22,"y":31,"l1x":29,"l1y":33},{"data":1000010,"lvl":8,"x":23,"y":31,"l1x":31,"l1y":28},{"data":1000010,"lvl":8,"x":24,"y":31,"l1x":20,"l1y":36},{"data":1000010,"lvl":8,"x":25,"y":31,"l1x":39,"l1y":33},{"data":1000010,"lvl":8,"x":26,"y":31,"l1x":35,"l1y":19},{"data":1000010,"lvl":8,"x":27,"y":31,"l1x":23,"l1y":30},{"data":1000010,"lvl":8,"x":27,"y":30,"l1x":26,"l1y":20},{"data":1000010,"lvl":8,"x":27,"y":29,"l1x":28,"l1y":22},{"data":1000010,"lvl":8,"x":28,"y":29,"l1x":29,"l1y":19},{"data":1000010,"lvl":7,"x":13,"y":2,"l1x":30,"l1y":27},{"data":1000010,"lvl":7,"x":14,"y":2,"l1x":12,"l1y":34},{"data":1000010,"lvl":7,"x":15,"y":2,"l1x":12,"l1y":27},{"data":1000010,"lvl":7,"x":16,"y":2,"l1x":12,"l1y":37},{"data":1000010,"lvl":7,"x":17,"y":2,"l1x":12,"l1y":35},{"data":1000013,"lvl":7,"x":14,"y":15,"l1x":13,"l1y":33},{"data":1000006,"lvl":9,"x":30,"y":36,"unit_prod":{"unit_type":0,"t":0,"slots":[{"id":4000006,"cnt":5}]},"l1x":26,"l1y":37},{"data":1000009,"lvl":12,"x":10,"y":12,"l1x":27,"l1y":34},{"data":1000012,"lvl":7,"x":20,"y":16,"l1x":15,"l1y":18},{"data":1000010,"lvl":8,"x":28,"y":28,"l1x":36,"l1y":16},{"data":1000010,"lvl":8,"x":29,"y":28,"l1x":30,"l1y":26},{"data":1000010,"lvl":7,"x":18,"y":2,"l1x":18,"l1y":32},{"data":1000010,"lvl":7,"x":19,"y":2,"l1x":10,"l1y":14},{"data":1000010,"lvl":7,"x":20,"y":2,"l1x":17,"l1y":33},{"data":1000010,"lvl":8,"x":26,"y":9,"l1x":17,"l1y":22},{"data":1000010,"lvl":8,"x":21,"y":2,"l1x":12,"l1y":33},{"data":1000010,"lvl":8,"x":22,"y":2,"l1x":27,"l1y":30},{"data":1000010,"lvl":8,"x":23,"y":2,"l1x":37,"l1y":14},{"data":1000010,"lvl":8,"x":24,"y":2,"l1x":10,"l1y":6},{"data":1000010,"lvl":7,"x":16,"y":36,"l1x":20,"l1y":27},{"data":1000010,"lvl":7,"x":16,"y":37,"l1x":11,"l1y":15},{"data":1000010,"lvl":8,"x":16,"y":38,"l1x":33,"l1y":30},{"data":1000010,"lvl":8,"x":17,"y":40,"l1x":30,"l1y":12},{"data":1000010,"lvl":8,"x":18,"y":40,"l1x":24,"l1y":29},{"data":1000010,"lvl":8,"x":34,"y":39,"l1x":20,"l1y":19},{"data":1000010,"lvl":8,"x":19,"y":40,"l1x":20,"l1y":26},{"data":1000010,"lvl":8,"x":20,"y":40,"l1x":32,"l1y":18},{"data":1000010,"lvl":8,"x":33,"y":39,"l1x":36,"l1y":39},{"data":1000010,"lvl":8,"x":32,"y":39,"l1x":22,"l1y":29},{"data":1000010,"lvl":8,"x":21,"y":40,"l1x":31,"l1y":18},{"data":1000010,"lvl":8,"x":22,"y":40,"l1x":31,"l1y":12},{"data":1000010,"lvl":8,"x":23,"y":40,"l1x":12,"l1y":17},{"data":1000010,"lvl":8,"x":24,"y":40,"l1x":22,"l1y":28},{"data":1000010,"lvl":8,"x":25,"y":40,"l1x":40,"l1y":33},{"data":1000004,"lvl":10,"x":21,"y":5,"res_time":179384,"l1x":13,"l1y":6},{"data":1000002,"lvl":10,"boost_t":1579,"x":5,"y":17,"res_time":179408,"l1x":30,"l1y":39},{"data":1000000,"lvl":7,"x":11,"y":36,"units":[[4000006,13],[4000004,5]],"storage_type":0,"l1x":7,"l1y":22},{"data":1000008,"lvl":11,"x":13,"y":18,"l1x":34,"l1y":24},{"data":1000010,"lvl":8,"x":31,"y":39,"l1x":34,"l1y":12},{"data":1000010,"lvl":8,"x":30,"y":39,"l1x":19,"l1y":35},{"data":1000010,"lvl":8,"x":29,"y":39,"l1x":16,"l1y":35},{"data":1000010,"lvl":8,"x":28,"y":39,"l1x":21,"l1y":28},{"data":1000010,"lvl":8,"x":27,"y":39,"l1x":20,"l1y":13},{"data":1000010,"lvl":8,"x":26,"y":39,"l1x":15,"l1y":22},{"data":1000010,"lvl":8,"x":25,"y":39,"l1x":12,"l1y":32},{"data":1000010,"lvl":8,"x":24,"y":39,"l1x":12,"l1y":18},{"data":1000010,"lvl":8,"x":23,"y":39,"l1x":5,"l1y":9},{"data":1000010,"lvl":8,"x":22,"y":39,"l1x":23,"l1y":29},{"data":1000010,"lvl":8,"x":21,"y":39,"l1x":29,"l1y":24},{"data":1000010,"lvl":8,"x":20,"y":39,"l1x":20,"l1y":29},{"data":1000010,"lvl":8,"x":19,"y":39,"l1x":20,"l1y":12},{"data":1000010,"lvl":8,"x":11,"y":31,"l1x":20,"l1y":28},{"data":1000010,"lvl":8,"x":12,"y":31,"l1x":18,"l1y":21},{"data":1000010,"lvl":8,"x":26,"y":40,"l1x":12,"l1y":15},{"data":1000010,"lvl":8,"x":27,"y":40,"l1x":21,"l1y":27},{"data":1000010,"lvl":8,"x":28,"y":40,"l1x":37,"l1y":33},{"data":1000010,"lvl":8,"x":29,"y":40,"l1x":34,"l1y":16},{"data":1000010,"lvl":8,"x":13,"y":32,"l1x":38,"l1y":36},{"data":1000010,"lvl":8,"x":13,"y":33,"l1x":33,"l1y":39},{"data":1000010,"lvl":8,"x":16,"y":27,"l1x":12,"l1y":22},{"data":1000010,"lvl":8,"x":17,"y":27,"l1x":35,"l1y":12},{"data":1000010,"lvl":8,"x":18,"y":27,"l1x":19,"l1y":31},{"data":1000010,"lvl":8,"x":36,"y":39,"l1x":18,"l1y":20},{"data":1000009,"lvl":12,"x":12,"y":28,"l1x":13,"l1y":27},{"data":1000002,"lvl":10,"boost_t":1578,"x":5,"y":14,"res_time":179409,"l1x":37,"l1y":16},{"data":1000004,"lvl":10,"x":24,"y":5,"res_time":179384,"l1x":10,"l1y":3},{"data":1000015,"lvl":0,"x":15,"y":9,"l1x":14,"l1y":38},{"data":1000013,"lvl":7,"x":23,"y":32,"l1x":33,"l1y":13},{"data":1000010,"lvl":8,"x":35,"y":39,"l1x":27,"l1y":12},{"data":1000010,"lvl":8,"x":40,"y":37,"l1x":17,"l1y":12},{"data":1000010,"lvl":8,"x":40,"y":36,"l1x":12,"l1y":29},{"data":1000010,"lvl":8,"x":40,"y":35,"l1x":36,"l1y":15},{"data":1000010,"lvl":8,"x":40,"y":34,"l1x":31,"l1y":19},{"data":1000010,"lvl":8,"x":40,"y":33,"l1x":3,"l1y":5},{"data":1000010,"lvl":8,"x":40,"y":32,"l1x":5,"l1y":8},{"data":1000010,"lvl":8,"x":40,"y":31,"l1x":25,"l1y":29},{"data":1000010,"lvl":8,"x":40,"y":30,"l1x":8,"l1y":12},{"data":1000010,"lvl":8,"x":40,"y":20,"l1x":29,"l1y":23},{"data":1000010,"lvl":8,"x":40,"y":21,"l1x":17,"l1y":23},{"data":1000010,"lvl":8,"x":30,"y":40,"l1x":18,"l1y":35},{"data":1000010,"lvl":8,"x":40,"y":22,"l1x":18,"l1y":33},{"data":1000010,"lvl":8,"x":40,"y":23,"l1x":34,"l1y":40},{"data":1000010,"lvl":8,"x":31,"y":40,"l1x":35,"l1y":33},{"data":1000010,"lvl":8,"x":40,"y":24,"l1x":41,"l1y":33},{"data":1000010,"lvl":8,"x":32,"y":40,"l1x":12,"l1y":24},{"data":1000010,"lvl":8,"x":33,"y":40,"l1x":26,"l1y":29},{"data":1000010,"lvl":8,"x":34,"y":40,"l1x":12,"l1y":23},{"data":1000010,"lvl":8,"x":40,"y":25,"l1x":11,"l1y":14},{"data":1000010,"lvl":8,"x":40,"y":26,"l1x":8,"l1y":5},{"data":1000010,"lvl":8,"x":40,"y":27,"l1x":25,"l1y":18},{"data":1000010,"lvl":8,"x":35,"y":40,"l1x":33,"l1y":35},{"data":1000010,"lvl":8,"x":40,"y":28,"l1x":22,"l1y":15},{"data":1000010,"lvl":8,"x":40,"y":29,"l1x":33,"l1y":37},{"data":1000002,"lvl":10,"boost_t":1575,"x":5,"y":11,"res_time":179409,"l1x":6,"l1y":18},{"data":1000004,"lvl":10,"x":20,"y":36,"res_time":179389,"l1x":39,"l1y":29},{"data":1000000,"lvl":7,"x":6,"y":32,"units":[[4000001,5],[4000006,1],[4000004,12],[4000000,5]],"storage_type":0,"l1x":22,"l1y":7},{"data":1000006,"lvl":9,"x":26,"y":36,"unit_prod":{"unit_type":0,"t":0,"slots":[{"id":4000006,"cnt":1},{"id":4000004,"cnt":17},{"id":4000000,"cnt":5},{"id":4000001,"cnt":5}]},"l1x":22,"l1y":37},{"data":1000008,"lvl":11,"x":9,"y":24,"l1x":21,"l1y":34},{"data":1000008,"lvl":11,"x":27,"y":32,"l1x":24,"l1y":31},{"data":1000009,"lvl":12,"x":27,"y":12,"l1x":9,"l1y":9},{"data":1000010,"lvl":8,"x":33,"y":27,"l1x":14,"l1y":20},{"data":1000010,"lvl":8,"x":36,"y":40,"l1x":19,"l1y":25},{"data":1000010,"lvl":8,"x":32,"y":27,"l1x":18,"l1y":31},{"data":1000010,"lvl":8,"x":31,"y":27,"l1x":12,"l1y":36},{"data":1000010,"lvl":8,"x":26,"y":10,"l1x":3,"l1y":6},{"data":1000010,"lvl":8,"x":26,"y":11,"l1x":23,"l1y":16},{"data":1000010,"lvl":8,"x":26,"y":12,"l1x":33,"l1y":38},{"data":1000010,"lvl":8,"x":26,"y":13,"l1x":5,"l1y":3},{"data":1000010,"lvl":8,"x":26,"y":14,"l1x":37,"l1y":15},{"data":1000010,"lvl":8,"x":37,"y":40,"l1x":15,"l1y":37},{"data":1000010,"lvl":8,"x":26,"y":15,"l1x":3,"l1y":4},{"data":1000010,"lvl":8,"x":26,"y":16,"l1x":16,"l1y":12},{"data":1000010,"lvl":8,"x":26,"y":17,"l1x":20,"l1y":18},{"data":1000010,"lvl":8,"x":26,"y":18,"l1x":4,"l1y":8},{"data":1000010,"lvl":8,"x":26,"y":19,"l1x":25,"l1y":12},{"data":1000010,"lvl":8,"x":25,"y":2,"l1x":21,"l1y":14},{"data":1000010,"lvl":8,"x":29,"y":2,"l1x":11,"l1y":8},{"data":1000010,"lvl":8,"x":39,"y":18,"l1x":30,"l1y":19},{"data":1000010,"lvl":8,"x":38,"y":40,"l1x":15,"l1y":12},{"data":1000010,"lvl":8,"x":39,"y":33,"l1x":32,"l1y":12},{"data":1000010,"lvl":8,"x":41,"y":39,"l1x":14,"l1y":11},{"data":1000010,"lvl":8,"x":41,"y":38,"l1x":18,"l1y":24},{"data":1000010,"lvl":8,"x":41,"y":37,"l1x":34,"l1y":17},{"data":1000010,"lvl":8,"x":41,"y":36,"l1x":28,"l1y":26},{"data":1000010,"lvl":8,"x":41,"y":35,"l1x":35,"l1y":39},{"data":1000010,"lvl":8,"x":39,"y":32,"l1x":35,"l1y":32},{"data":1000010,"lvl":8,"x":41,"y":34,"l1x":13,"l1y":10},{"data":1000010,"lvl":8,"x":41,"y":33,"l1x":34,"l1y":31},{"data":1000010,"lvl":8,"x":41,"y":32,"l1x":28,"l1y":12},{"data":1000010,"lvl":8,"x":41,"y":31,"l1x":12,"l1y":20},{"data":1000010,"lvl":8,"x":39,"y":31,"l1x":17,"l1y":21},{"data":1000010,"lvl":8,"x":41,"y":30,"l1x":22,"l1y":16},{"data":1000010,"lvl":8,"x":41,"y":29,"l1x":6,"l1y":10},{"data":1000010,"lvl":8,"x":41,"y":28,"l1x":37,"l1y":13},{"data":1000010,"lvl":8,"x":41,"y":27,"l1x":31,"l1y":34},{"data":1000010,"lvl":8,"x":39,"y":30,"l1x":12,"l1y":25},{"data":1000010,"lvl":8,"x":39,"y":29,"l1x":11,"l1y":7},{"data":1000010,"lvl":8,"x":41,"y":26,"l1x":16,"l1y":22},{"data":1000010,"lvl":8,"x":39,"y":28,"l1x":35,"l1y":16},{"data":1000010,"lvl":8,"x":39,"y":27,"l1x":23,"l1y":12},{"data":1000010,"lvl":8,"x":39,"y":26,"l1x":21,"l1y":15},{"data":1000010,"lvl":8,"x":39,"y":25,"l1x":39,"l1y":35},{"data":1000010,"lvl":8,"x":26,"y":2,"l1x":22,"l1y":12},{"data":1000010,"lvl":8,"x":27,"y":2,"l1x":3,"l1y":3},{"data":1000010,"lvl":8,"x":41,"y":25,"l1x":36,"l1y":37},{"data":1000010,"lvl":8,"x":28,"y":2,"l1x":8,"l1y":4},{"data":1000010,"lvl":8,"x":39,"y":37,"l1x":12,"l1y":26},{"data":1000010,"lvl":8,"x":39,"y":24,"l1x":34,"l1y":32},{"data":1000010,"lvl":8,"x":39,"y":23,"l1x":30,"l1y":33},{"data":1000010,"lvl":8,"x":39,"y":22,"l1x":6,"l1y":4},{"data":1000013,"lvl":7,"x":31,"y":24,"l1x":31,"l1y":31},{"data":1000012,"lvl":7,"x":15,"y":24,"l1x":18,"l1y":15},{"data":1000011,"lvl":7,"x":20,"y":9,"l1x":13,"l1y":30},{"data":1000011,"lvl":7,"x":9,"y":21,"l1x":12,"l1y":12},{"data":1000020,"lvl":4,"x":31,"y":32,"units":[[26000005,2],[26000003,1],[26000002,2]],"storage_type":1,"unit_prod":{"unit_type":1},"l1x":17,"l1y":6},{"data":1000019,"lvl":7,"x":18,"y":25,"l1x":27,"l1y":23},{"data":1000019,"lvl":7,"x":18,"y":28,"l1x":18,"l1y":22},{"data":1000024,"lvl":5,"x":16,"y":18,"l1x":23,"l1y":20},{"data":1000026,"lvl":5,"x":35,"y":21,"unit_prod":{"unit_type":0,"t":0,"slots":[{"id":4000013,"cnt":2}]},"l1x":39,"l1y":8},{"data":1000003,"lvl":10,"x":10,"y":18,"l1x":9,"l1y":19},{"data":1000010,"lvl":8,"x":39,"y":21,"l1x":21,"l1y":12},{"data":1000010,"lvl":8,"x":39,"y":20,"l1x":19,"l1y":19},{"data":1000010,"lvl":8,"x":39,"y":19,"l1x":27,"l1y":27},{"data":1000010,"lvl":8,"x":31,"y":14,"l1x":28,"l1y":31},{"data":1000010,"lvl":8,"x":32,"y":14,"l1x":18,"l1y":34},{"data":1000010,"lvl":8,"x":33,"y":14,"l1x":17,"l1y":34},{"data":1000010,"lvl":8,"x":40,"y":16,"l1x":37,"l1y":36},{"data":1000010,"lvl":8,"x":40,"y":17,"l1x":26,"l1y":12},{"data":1000010,"lvl":8,"x":40,"y":18,"l1x":36,"l1y":20},{"data":1000010,"lvl":8,"x":40,"y":19,"l1x":10,"l1y":7},{"data":1000010,"lvl":8,"x":41,"y":24,"l1x":4,"l1y":6},{"data":1000010,"lvl":8,"x":41,"y":23,"l1x":9,"l1y":6},{"data":1000010,"lvl":8,"x":3,"y":29,"l1x":6,"l1y":3},{"data":1000010,"lvl":8,"x":10,"y":31,"l1x":13,"l1y":9},{"data":1000010,"lvl":8,"x":9,"y":31,"l1x":25,"l1y":19},{"data":1000010,"lvl":8,"x":39,"y":34,"l1x":12,"l1y":31},{"data":1000010,"lvl":8,"x":13,"y":31,"l1x":13,"l1y":37},{"data":1000010,"lvl":8,"x":39,"y":36,"l1x":14,"l1y":37},{"data":1000010,"lvl":8,"x":27,"y":19,"l1x":26,"l1y":27},{"data":1000010,"lvl":8,"x":27,"y":20,"l1x":6,"l1y":9},{"data":1000010,"lvl":8,"x":27,"y":21,"l1x":12,"l1y":21},{"data":1000010,"lvl":8,"x":28,"y":21,"l1x":35,"l1y":40},{"data":1000010,"lvl":8,"x":29,"y":21,"l1x":7,"l1y":11},{"data":1000010,"lvl":8,"x":25,"y":19,"l1x":12,"l1y":19},{"data":1000010,"lvl":8,"x":24,"y":19,"l1x":20,"l1y":14},{"data":1000010,"lvl":8,"x":24,"y":20,"l1x":21,"l1y":18},{"data":1000010,"lvl":8,"x":22,"y":19,"l1x":29,"l1y":32},{"data":1000010,"lvl":8,"x":19,"y":27,"l1x":33,"l1y":29},{"data":1000010,"lvl":8,"x":15,"y":27,"l1x":28,"l1y":32},{"data":1000010,"lvl":8,"x":41,"y":22,"l1x":35,"l1y":18},{"data":1000010,"lvl":8,"x":20,"y":25,"l1x":9,"l1y":12},{"data":1000010,"lvl":8,"x":19,"y":21,"l1x":37,"l1y":11},{"data":1000010,"lvl":8,"x":41,"y":21,"l1x":24,"l1y":18},{"data":1000010,"lvl":8,"x":19,"y":22,"l1x":36,"l1y":33},{"data":1000010,"lvl":8,"x":19,"y":23,"l1x":19,"l1y":29},{"data":1000010,"lvl":8,"x":19,"y":24,"l1x":29,"l1y":25},{"data":1000010,"lvl":8,"x":20,"y":24,"l1x":27,"l1y":20},{"data":1000010,"lvl":8,"x":3,"y":26,"l1x":14,"l1y":10},{"data":1000010,"lvl":8,"x":3,"y":27,"l1x":4,"l1y":7},{"data":1000010,"lvl":8,"x":3,"y":28,"l1x":22,"l1y":17},{"data":1000010,"lvl":8,"x":22,"y":24,"l1x":8,"l1y":11},{"data":1000010,"lvl":8,"x":21,"y":24,"l1x":36,"l1y":19},{"data":1000010,"lvl":8,"x":23,"y":24,"l1x":36,"l1y":12},{"data":1000010,"lvl":8,"x":41,"y":20,"l1x":28,"l1y":25},{"data":1000010,"lvl":8,"x":41,"y":19,"l1x":30,"l1y":34},{"data":1000010,"lvl":8,"x":41,"y":18,"l1x":32,"l1y":28},{"data":1000010,"lvl":8,"x":41,"y":17,"l1x":33,"l1y":12},{"data":1000010,"lvl":8,"x":37,"y":17,"l1x":36,"l1y":38},{"data":1000010,"lvl":8,"x":36,"y":17,"l1x":26,"l1y":30},{"data":1000010,"lvl":8,"x":20,"y":26,"l1x":27,"l1y":26},{"data":1000009,"lvl":12,"x":14,"y":32,"l1x":20,"l1y":23},{"data":1000005,"lvl":10,"x":27,"y":9,"l1x":16,"l1y":9},{"data":1000011,"lvl":7,"x":20,"y":32,"l1x":30,"l1y":13},{"data":1000012,"lvl":7,"x":22,"y":28,"l1x":31,"l1y":21},{"data":1000019,"lvl":7,"x":28,"y":19,"l1x":23,"l1y":27},{"data":1000015,"lvl":0,"x":11,"y":10,"l1x":38,"l1y":14},{"data":1000023,"lvl":5,"boost_t":79749,"x":11,"y":15,"res_time":57010,"l1x":32,"l1y":6},{"data":1000022,"lvl":0,"x":23,"y":16,"l1x":16,"l1y":27},{"data":1000010,"lvl":8,"x":35,"y":17,"l1x":27,"l1y":31},{"data":1000010,"lvl":8,"x":14,"y":27,"l1x":37,"l1y":12},{"data":1000010,"lvl":8,"x":20,"y":27,"l1x":16,"l1y":36},{"data":1000010,"lvl":8,"x":20,"y":28,"l1x":32,"l1y":35},{"data":1000010,"lvl":8,"x":13,"y":27,"l1x":31,"l1y":27},{"data":1000010,"lvl":7,"x":10,"y":11,"l1x":15,"l1y":11},{"data":1000010,"lvl":8,"x":20,"y":29,"l1x":29,"l1y":26},{"data":1000010,"lvl":8,"x":21,"y":19,"l1x":28,"l1y":21},{"data":1000010,"lvl":8,"x":20,"y":19,"l1x":10,"l1y":13},{"data":1000010,"lvl":8,"x":3,"y":25,"l1x":33,"l1y":17},{"data":1000010,"lvl":8,"x":9,"y":27,"l1x":12,"l1y":16},{"data":1000010,"lvl":8,"x":10,"y":27,"l1x":29,"l1y":22},{"data":1000010,"lvl":8,"x":11,"y":27,"l1x":27,"l1y":21},{"data":1000010,"lvl":8,"x":12,"y":27,"l1x":25,"l1y":28},{"data":1000010,"lvl":7,"x":9,"y":11,"l1x":28,"l1y":20},{"data":1000010,"lvl":8,"x":19,"y":19,"l1x":29,"l1y":20},{"data":1000010,"lvl":8,"x":23,"y":19,"l1x":24,"l1y":17},{"data":1000010,"lvl":8,"x":39,"y":35,"l1x":40,"l1y":35},{"data":1000010,"lvl":8,"x":24,"y":21,"l1x":12,"l1y":30},{"data":1000010,"lvl":8,"x":24,"y":22,"l1x":33,"l1y":41},{"data":1000010,"lvl":7,"x":10,"y":10,"l1x":24,"l1y":12},{"data":1000010,"lvl":8,"x":24,"y":23,"l1x":7,"l1y":4},{"data":1000010,"lvl":8,"x":24,"y":24,"l1x":30,"l1y":23},{"data":1000010,"lvl":8,"x":20,"y":30,"l1x":38,"l1y":33},{"data":1000010,"lvl":8,"x":19,"y":20,"l1x":15,"l1y":21},{"data":1000009,"lvl":12,"x":31,"y":15,"l1x":27,"l1y":13},{"data":1000011,"lvl":7,"x":31,"y":21,"l1x":34,"l1y":34},{"data":1000021,"lvl":3,"x":15,"y":28,"attack_mode":false,"attack_mode_war":true,"attack_mode_draft":false,"attack_mode_draft_war":true,"ammo":1255,"l1x":24,"l1y":14},{"data":1000021,"lvl":3,"x":27,"y":15,"attack_mode":false,"attack_mode_war":true,"attack_mode_draft":false,"attack_mode_draft_war":true,"ammo":1270,"l1x":28,"l1y":28},{"data":1000003,"lvl":10,"x":12,"y":24,"l1x":9,"l1y":32},{"data":1000005,"lvl":10,"x":35,"y":18,"l1x":6,"l1y":6},{"data":1000023,"lvl":5,"boost_t":79750,"x":17,"y":32,"res_time":57006,"l1x":7,"l1y":35},{"data":1000015,"lvl":0,"x":29,"y":30,"l1x":10,"l1y":35},{"data":1000019,"lvl":7,"x":25,"y":20,"l1x":22,"l1y":18},{"data":1000012,"lvl":7,"x":27,"y":23,"l1x":21,"l1y":31},{"data":1000025,"lvl":0,"x":14,"y":21,"l1x":27,"l1y":16},{"data":1000026,"lvl":4,"x":35,"y":24,"unit_prod":{"unit_type":0,"t":0,"slots":[{"id":4000013,"cnt":1},{"id":4000011,"cnt":3}]},"l1x":36,"l1y":8},{"data":1000008,"lvl":11,"x":31,"y":28,"l1x":24,"l1y":34},{"data":1000009,"lvl":12,"x":35,"y":36,"l1x":34,"l1y":27},{"data":1000027,"lvl":2,"x":17,"y":21,"attack_mode":false,"attack_mode_war":true,"attack_mode_draft":false,"attack_mode_draft_war":true,"ammo":402,"l1x":30,"l1y":16},{"data":1000021,"lvl":3,"x":21,"y":25,"attack_mode":false,"attack_mode_war":true,"attack_mode_draft":false,"attack_mode_draft_war":true,"ammo":990,"l1x":14,"l1y":24},{"data":1000027,"lvl":2,"x":25,"y":22,"attack_mode":true,"attack_mode_war":true,"attack_mode_draft":true,"attack_mode_draft_war":true,"ammo":478,"l1x":16,"l1y":30},{"data":1000023,"lvl":5,"boost_t":79752,"x":31,"y":18,"res_time":57003,"l1x":30,"l1y":36},{"data":1000002,"lvl":10,"boost_t":39280,"x":23,"y":36,"res_time":179404,"l1x":4,"l1y":21},{"data":1000004,"lvl":10,"x":27,"y":5,"res_time":179384,"l1x":11,"l1y":38}],"obstacles":[{"data":8000000,"x":1,"y":13,"l1x":-1,"l1y":-1,"loot_multiply_ver":2},{"data":8000000,"x":0,"y":16,"l1x":-1,"l1y":-1,"loot_multiply_ver":2},{"data":8000000,"x":1,"y":7,"l1x":-1,"l1y":-1,"loot_multiply_ver":2},{"data":8000000,"x":2,"y":38,"l1x":-1,"l1y":-1,"loot_multiply_ver":2},{"data":8000000,"x":4,"y":42,"l1x":-1,"l1y":-1,"loot_multiply_ver":2},{"data":8000000,"x":0,"y":10,"l1x":-1,"l1y":-1,"loot_multiply_ver":2},{"data":8000000,"x":1,"y":42,"l1x":-1,"l1y":-1,"loot_multiply_ver":2},{"data":8000000,"x":39,"y":2,"l1x":-1,"l1y":-1,"loot_multiply_ver":2},{"data":8000000,"x":42,"y":17,"l1x":-1,"l1y":-1,"loot_multiply_ver":2},{"data":8000000,"x":42,"y":7,"l1x":-1,"l1y":-1,"loot_multiply_ver":2},{"data":8000000,"x":1,"y":35,"l1x":-1,"l1y":-1,"loot_multiply_ver":2},{"data":8000000,"x":19,"y":0,"l1x":-1,"l1y":-1,"loot_multiply_ver":2},{"data":8000000,"x":29,"y":42,"l1x":-1,"l1y":-1,"loot_multiply_ver":2},{"data":8000000,"x":11,"y":42,"l1x":-1,"l1y":-1,"loot_multiply_ver":2},{"data":8000000,"x":41,"y":11,"l1x":-1,"l1y":-1,"loot_multiply_ver":2},{"data":8000000,"x":30,"y":0,"l1x":-1,"l1y":-1,"loot_multiply_ver":2},{"data":8000000,"x":2,"y":31,"l1x":-1,"l1y":-1,"loot_multiply_ver":2},{"data":8000000,"x":39,"y":42,"l1x":-1,"l1y":-1,"loot_multiply_ver":2},{"data":8000000,"x":42,"y":14,"l1x":-1,"l1y":-1,"loot_multiply_ver":2},{"data":8000000,"x":0,"y":19,"l1x":-1,"l1y":-1,"loot_multiply_ver":2},{"data":8000000,"x":5,"y":1,"l1x":-1,"l1y":-1,"loot_multiply_ver":2},{"data":8000000,"x":34,"y":41,"l1x":-1,"l1y":-1,"loot_multiply_ver":2},{"data":8000000,"x":1,"y":22,"l1x":-1,"l1y":-1,"loot_multiply_ver":2},{"data":8000000,"x":42,"y":34,"l1x":-1,"l1y":-1,"loot_multiply_ver":2},{"data":8000000,"x":1,"y":28,"l1x":-1,"l1y":-1,"loot_multiply_ver":2},{"data":8000000,"x":19,"y":42,"l1x":-1,"l1y":-1,"loot_multiply_ver":2},{"data":8000013,"x":0,"y":0,"l1x":-1,"l1y":-1,"loot_multiply_ver":2},{"data":8000006,"x":42,"y":0,"l1x":-1,"l1y":-1,"loot_multiply_ver":2}],"traps":[{"data":12000000,"lvl":5,"x":9,"y":18,"l1x":13,"l1y":21},{"data":12000000,"lvl":5,"x":9,"y":17,"l1x":13,"l1y":22},{"data":12000001,"lvl":0,"x":12,"y":35,"l1x":25,"l1y":17},{"data":12000001,"lvl":0,"x":34,"y":13,"l1x":13,"l1y":24},{"data":12000000,"lvl":5,"x":17,"y":9,"l1x":15,"l1y":23},{"data":12000000,"lvl":5,"x":18,"y":9,"l1x":14,"l1y":22},{"data":12000005,"lvl":3,"x":31,"y":31,"l1x":20,"l1y":34},{"data":12000005,"lvl":3,"x":28,"y":30,"l1x":21,"l1y":30},{"data":12000001,"lvl":0,"x":39,"y":39,"l1x":17,"l1y":25},{"data":12000001,"lvl":0,"x":7,"y":31,"l1x":18,"l1y":26},{"data":12000002,"lvl":3,"x":25,"y":29,"l1x":19,"l1y":32},{"data":12000000,"lvl":5,"x":14,"y":9,"l1x":13,"l1y":23},{"data":12000000,"lvl":5,"x":13,"y":9,"l1x":14,"l1y":23},{"data":12000002,"lvl":3,"x":28,"y":26,"l1x":32,"l1y":19},{"data":12000006,"lvl":2,"x":18,"y":30,"l1x":16,"l1y":13},{"data":12000001,"lvl":0,"x":30,"y":7,"l1x":24,"l1y":13},{"data":12000001,"lvl":0,"x":39,"y":17,"l1x":26,"l1y":18},{"data":12000002,"lvl":3,"x":17,"y":16,"l1x":40,"l1y":20},{"data":12000006,"lvl":2,"x":27,"y":28,"l1x":13,"l1y":16},{"data":12000005,"lvl":3,"x":28,"y":31,"l1x":14,"l1y":19},{"data":12000005,"lvl":3,"x":29,"y":29,"l1x":25,"l1y":13},{"data":12000002,"lvl":3,"x":12,"y":21,"l1x":25,"l1y":5},{"data":12000006,"lvl":2,"x":22,"y":15,"l1x":23,"l1y":15},{"data":12000006,"lvl":2,"x":10,"y":17,"l1x":34,"l1y":20},{"data":12000002,"lvl":3,"x":21,"y":12,"l1x":22,"l1y":13},{"data":12000006,"lvl":2,"x":29,"y":18,"l1x":27,"l1y":32},{"data":12000005,"lvl":3,"x":30,"y":29,"l1x":10,"l1y":37}],"decos":[{"data":18000003,"x":4,"y":5,"l1x":40,"l1y":40}],"respawnVars":{"secondsFromLastRespawn":22182,"respawnSeed":-362237461,"obstacleClearCounter":19,"time_to_gembox_drop":236329,"time_in_gembox_period":453600},"cooldowns":[{"cooldown":1366936,"target":20000001},{"cooldown":6351377,"target":20000000}],"newShopBuildings":[4,0,7,4,7,4,4,1,6,7,250,4,4,3,1,5,0,0,0,4,1,3,1,3,1,1,2,2],"newShopTraps":[6,6,5,0,0,5,5,0],"newShopDecos":[1,4,0,1,1,4,4,1,1,1,1,1,1,1,1,1,1,1,1,1,1,1,1,1,1,1,1,1,1,1,1,1,1,1,1,1,1],"last_league_rank":16,"last_league_shuffle":1,"last_news_seen":81,"edit_mode_shown":true,"troop_req_msg":"witch wiz baba,ty ae","war_tutorials_seen":0,"war_base":true}